Order_ID,Order_Date,Ship_Date,Ship_Mode,Customer_ID,Segment,Region,City,Category,Sub_Category,Quantity,Unit_Price,Discount,Sales,Profit
ORD-103856,2024-01-01,2024-01-08,Second Class,CUST-1748,Consumer,East,Ipswich,Technology,Machines,2,87.9,0.3,123.06,11.84
ORD-101214,2024-01-01,2024-01-05,First Class,CUST-1132,Consumer,East,Norwich,Furniture,Bookcases,4,749.33,0.0,2997.32,-51.08
ORD-104236,2024-01-01,2024-01-07,Standard Class,CUST-2261,Home Office,South,Brighton,Technology,Phones,2,1501.02,0.1,2701.84,419.72
ORD-101391,2024-01-01,2024-01-06,Second Class,CUST-1444,Corporate,East,Cambridge,Office Supplies,Storage,2,115.84,0.3,162.18,10.27
ORD-105706,2024-01-01,2024-01-02,First Class,CUST-2153,Consumer,North,Newcastle,Office Supplies,Storage,4,34.51,0.0,138.04,14.55
ORD-100169,2024-01-01,2024-01-04,Standard Class,CUST-1459,Consumer,West,Cardiff,Technology,Machines,1,564.5,0.15,479.82,88.92
ORD-101679,2024-01-02,2024-01-06,Standard Class,CUST-1311,Corporate,East,Peterborough,Technology,Machines,1,1423.48,0.0,1423.48,284.83
ORD-105860,2024-01-02,2024-01-06,Standard Class,CUST-2160,Consumer,East,Cambridge,Office Supplies,Paper,5,25.87,0.0,129.35,42.92
ORD-102585,2024-01-02,2024-01-05,Same Day,CUST-1532,Consumer,East,Ipswich,Office Supplies,Storage,5,115.65,0.3,404.77,53.96
ORD-104252,2024-01-02,2024-01-04,Standard Class,CUST-1328,Corporate,South,Brighton,Office Supplies,Labels,3,74.38,0.0,223.14,40.96
ORD-100099,2024-01-02,2024-01-08,Same Day,CUST-1427,Consumer,North,Manchester,Furniture,Tables,1,642.28,0.2,513.82,-82.48
ORD-103665,2024-01-03,2024-01-07,Same Day,CUST-1856,Consumer,East,Ipswich,Technology,Copiers,4,1021.44,0.0,4085.76,-267.62
ORD-102769,2024-01-03,2024-01-09,Standard Class,CUST-1519,Consumer,East,Cambridge,Technology,Copiers,1,552.15,0.15,469.33,-8.53
ORD-105378,2024-01-03,2024-01-07,Standard Class,CUST-1539,Consumer,East,Ipswich,Office Supplies,Labels,2,101.96,0.0,203.92,48.31
ORD-100257,2024-01-03,2024-01-06,Second Class,CUST-1560,Corporate,North,Leeds,Office Supplies,Art,3,3.98,0.0,11.94,2.97
ORD-104637,2024-01-03,2024-01-09,Standard Class,CUST-2298,Consumer,West,Cardiff,Furniture,Furnishings,4,403.17,0.3,1128.88,-198.69
ORD-100714,2024-01-03,2024-01-07,Standard Class,CUST-1524,Consumer,Central,Birmingham,Furniture,Chairs,1,624.43,0.1,561.99,66.38
ORD-102810,2024-01-03,2024-01-07,Second Class,CUST-1525,Home Office,South,Portsmouth,Technology,Machines,3,1213.25,0.0,3639.75,1084.58
ORD-100754,2024-01-03,2024-01-07,Standard Class,CUST-1843,Consumer,North,Manchester,Technology,Phones,3,1643.12,0.1,4436.42,1004.12
ORD-105069,2024-01-04,2024-01-09,Second Class,CUST-1253,Consumer,East,Cambridge,Technology,Phones,4,1246.7,0.1,4488.12,858.04
ORD-104582,2024-01-04,2024-01-07,Standard Class,CUST-1071,Consumer,West,Plymouth,Office Supplies,Paper,5,71.1,0.15,302.18,30.42
ORD-101480,2024-01-04,2024-01-08,Second Class,CUST-1713,Corporate,South,Reading,Furniture,Bookcases,1,823.78,0.1,741.4,-14.55
ORD-104852,2024-01-04,2024-01-11,Standard Class,CUST-2496,Consumer,East,Norwich,Technology,Copiers,3,906.02,0.4,1630.84,-540.07
ORD-102455,2024-01-04,2024-01-08,First Class,CUST-1419,Consumer,Central,Birmingham,Furniture,Bookcases,2,79.08,0.5,79.08,-10.13
ORD-100781,2024-01-04,2024-01-10,Standard Class,CUST-1182,Consumer,West,Plymouth,Office Supplies,Art,3,64.63,0.0,193.89,24.71
ORD-103825,2024-01-04,2024-01-05,Standard Class,CUST-1516,Consumer,North,Manchester,Technology,Copiers,3,739.48,0.0,2218.44,320.23
ORD-105451,2024-01-05,2024-01-09,Standard Class,CUST-1286,Consumer,East,Peterborough,Furniture,Chairs,3,648.2,0.3,1361.22,-312.02
ORD-103638,2024-01-05,2024-01-08,Standard Class,CUST-1238,Consumer,West,Exeter,Technology,Accessories,5,1376.2,0.0,6881.0,903.6
ORD-102782,2024-01-05,2024-01-12,First Class,CUST-1128,Corporate,Central,Nottingham,Technology,Machines,2,660.0,0.0,1320.0,166.56
ORD-104610,2024-01-05,2024-01-10,Standard Class,CUST-2159,Consumer,South,Brighton,Office Supplies,Storage,1,27.09,0.15,23.03,1.08
ORD-104804,2024-01-05,2024-01-08,Standard Class,CUST-2316,Corporate,South,Brighton,Furniture,Chairs,4,692.96,0.1,2494.66,47.47
ORD-102121,2024-01-05,2024-01-11,Second Class,CUST-1632,Corporate,North,Leeds,Office Supplies,Storage,1,90.8,0.15,77.18,-2.81
ORD-103862,2024-01-06,2024-01-11,First Class,CUST-2061,Corporate,West,Plymouth,Office Supplies,Paper,2,118.45,0.0,236.9,27.79
ORD-100304,2024-01-06,2024-01-11,Standard Class,CUST-2411,Corporate,East,Peterborough,Furniture,Tables,1,288.48,0.0,288.48,50.49
ORD-100990,2024-01-06,2024-01-11,Standard Class,CUST-1674,Consumer,South,Brighton,Furniture,Furnishings,1,152.99,0.2,122.39,2.54
ORD-100281,2024-01-06,2024-01-11,First Class,CUST-1761,Home Office,South,Portsmouth,Office Supplies,Storage,1,81.71,0.0,81.71,9.43
ORD-103433,2024-01-06,2024-01-12,Standard Class,CUST-1654,Corporate,North,Leeds,Technology,Machines,2,1302.91,0.0,2605.82,526.76
ORD-105540,2024-01-07,2024-01-10,Standard Class,CUST-1497,Consumer,East,Ipswich,Office Supplies,Binders,3,49.41,0.0,148.23,47.47
ORD-106114,2024-01-07,2024-01-09,First Class,CUST-1592,Corporate,East,Norwich,Technology,Accessories,2,864.31,0.0,1728.62,-48.23
ORD-101102,2024-01-07,2024-01-10,Standard Class,CUST-1867,Consumer,Central,Nottingham,Office Supplies,Storage,2,85.88,0.0,171.76,41.82
ORD-102726,2024-01-07,2024-01-09,First Class,CUST-2172,Corporate,West,Bristol,Office Supplies,Paper,5,29.95,0.1,134.78,1.82
ORD-100949,2024-01-07,2024-01-14,Second Class,CUST-2207,Consumer,Central,Birmingham,Office Supplies,Paper,2,41.72,0.0,83.44,15.85
ORD-100069,2024-01-07,2024-01-12,Second Class,CUST-1706,Corporate,Central,Nottingham,Furniture,Furnishings,5,584.8,0.0,2924.0,408.7
ORD-102863,2024-01-07,2024-01-09,Second Class,CUST-1210,Home Office,North,Sheffield,Office Supplies,Art,1,13.36,0.2,10.69,1.34
ORD-104714,2024-01-07,2024-01-10,Second Class,CUST-1378,Consumer,West,Bristol,Office Supplies,Art,1,25.88,0.1,23.29,4.08
ORD-105045,2024-01-08,2024-01-11,Standard Class,CUST-1383,Corporate,North,Newcastle,Technology,Copiers,2,985.38,0.3,1379.53,-336.52
ORD-101171,2024-01-08,2024-01-10,Standard Class,CUST-1346,Consumer,South,Brighton,Office Supplies,Art,1,29.44,0.15,25.02,2.43
ORD-105047,2024-01-08,2024-01-11,Standard Class,CUST-1473,Consumer,South,Portsmouth,Office Supplies,Labels,3,40.41,0.0,121.23,32.63
ORD-105504,2024-01-08,2024-01-11,First Class,CUST-2092,Consumer,West,Plymouth,Technology,Phones,1,1700.55,0.15,1445.47,182.91
ORD-103685,2024-01-08,2024-01-14,First Class,CUST-1991,Corporate,West,Cardiff,Furniture,Tables,2,204.38,0.1,367.88,-0.83
ORD-102768,2024-01-08,2024-01-12,Standard Class,CUST-1791,Home Office,West,Cardiff,Office Supplies,Labels,4,57.39,0.0,229.56,69.76
ORD-102116,2024-01-09,2024-01-15,Standard Class,CUST-2293,Corporate,North,Leeds,Furniture,Tables,1,183.83,0.0,183.83,10.46
ORD-102450,2024-01-09,2024-01-11,Second Class,CUST-1041,Home Office,North,Leeds,Office Supplies,Paper,2,107.09,0.0,214.18,56.62
ORD-102375,2024-01-09,2024-01-13,Second Class,CUST-1630,Consumer,East,Cambridge,Technology,Machines,3,232.95,0.15,594.02,17.99
ORD-104044,2024-01-09,2024-01-11,Second Class,CUST-1322,Home Office,East,Norwich,Office Supplies,Paper,1,74.84,0.0,74.84,21.01
ORD-105781,2024-01-09,2024-01-16,First Class,CUST-1122,Home Office,West,Bristol,Technology,Phones,2,88.44,0.2,141.5,-7.81
ORD-106417,2024-01-09,2024-01-10,Standard Class,CUST-2062,Consumer,Central,Birmingham,Office Supplies,Paper,3,43.41,0.3,91.16,13.86
ORD-103285,2024-01-09,2024-01-12,First Class,CUST-2153,Consumer,Central,Leicester,Office Supplies,Art,4,13.08,0.1,47.09,13.39
ORD-103723,2024-01-09,2024-01-12,Standard Class,CUST-1056,Consumer,North,Manchester,Furniture,Furnishings,3,286.51,0.0,859.53,132.85
ORD-105353,2024-01-09,2024-01-13,Standard Class,CUST-1296,Consumer,North,Leeds,Office Supplies,Art,2,116.88,0.2,187.01,-10.61
ORD-101390,2024-01-09,2024-01-13,Second Class,CUST-1302,Home Office,Central,Nottingham,Furniture,Chairs,1,332.36,0.0,332.36,32.9
ORD-101205,2024-01-09,2024-01-14,Standard Class,CUST-1943,Consumer,North,Leeds,Office Supplies,Art,1,118.18,0.3,82.73,12.33
ORD-100147,2024-01-10,2024-01-15,Standard Class,CUST-2441,Corporate,East,Cambridge,Office Supplies,Labels,4,101.28,0.2,324.1,-21.61
ORD-100353,2024-01-10,2024-01-13,Second Class,CUST-2092,Corporate,South,Reading,Office Supplies,Art,4,112.13,0.0,448.52,43.12
ORD-105009,2024-01-10,2024-01-14,Standard Class,CUST-1182,Home Office,Central,Nottingham,Furniture,Tables,1,352.21,0.3,246.55,-9.19
ORD-100510,2024-01-10,2024-01-13,Second Class,CUST-1820,Corporate,East,Peterborough,Office Supplies,Storage,2,9.19,0.2,14.7,3.18
ORD-104851,2024-01-10,2024-01-14,Same Day,CUST-1488,Corporate,South,Portsmouth,Technology,Accessories,3,591.87,0.0,1775.61,-155.88
ORD-101155,2024-01-10,2024-01-11,Standard Class,CUST-1284,Consumer,West,Plymouth,Office Supplies,Art,1,16.38,0.3,11.47,-0.81
ORD-101167,2024-01-10,2024-01-14,First Class,CUST-1769,Corporate,Central,Leicester,Technology,Accessories,2,862.52,0.3,1207.53,-137.73
ORD-102295,2024-01-10,2024-01-14,First Class,CUST-1418,Consumer,West,Plymouth,Office Supplies,Storage,2,65.68,0.15,111.66,6.95
ORD-102443,2024-01-10,2024-01-16,Second Class,CUST-1287,Consumer,South,Southampton,Office Supplies,Binders,2,5.48,0.2,8.77,-0.32
ORD-104799,2024-01-11,2024-01-18,Standard Class,CUST-2322,Consumer,West,Plymouth,Office Supplies,Labels,6,89.96,0.2,431.81,3.14
ORD-105225,2024-01-11,2024-01-17,First Class,CUST-1269,Consumer,South,Reading,Technology,Machines,1,1251.66,0.0,1251.66,270.36
ORD-106140,2024-01-11,2024-01-18,Standard Class,CUST-1576,Consumer,East,Norwich,Office Supplies,Storage,1,96.46,0.0,96.46,33.72
ORD-105167,2024-01-11,2024-01-16,Standard Class,CUST-1381,Consumer,West,Plymouth,Office Supplies,Labels,1,109.29,0.1,98.36,22.52
ORD-100718,2024-01-11,2024-01-14,Standard Class,CUST-2403,Home Office,West,Exeter,Furniture,Furnishings,3,368.43,0.0,1105.29,-29.71
ORD-104781,2024-01-11,2024-01-14,Standard Class,CUST-1646,Home Office,East,Cambridge,Office Supplies,Binders,2,38.56,0.1,69.41,19.25
ORD-105970,2024-01-11,2024-01-16,First Class,CUST-1292,Corporate,East,Peterborough,Technology,Accessories,1,1186.37,0.4,711.82,-135.51
ORD-102125,2024-01-11,2024-01-14,Standard Class,CUST-1227,Consumer,Central,Birmingham,Technology,Copiers,5,1016.72,0.0,5083.6,-444.96
ORD-100739,2024-01-12,2024-01-19,Standard Class,CUST-1521,Consumer,North,Leeds,Office Supplies,Storage,2,11.88,0.15,20.2,2.97
ORD-104674,2024-01-12,2024-01-16,First Class,CUST-1874,Consumer,East,Ipswich,Furniture,Tables,1,85.33,0.1,76.8,-5.39
ORD-104403,2024-01-12,2024-01-14,Second Class,CUST-1942,Corporate,West,Exeter,Technology,Copiers,6,795.64,0.0,4773.84,-93.19
ORD-103272,2024-01-12,2024-01-16,Second Class,CUST-2349,Home Office,South,Brighton,Technology,Copiers,3,310.58,0.3,652.22,-86.82
ORD-103276,2024-01-12,2024-01-17,Standard Class,CUST-1932,Corporate,South,Portsmouth,Technology,Phones,1,1769.9,0.1,1592.91,-185.26
ORD-105338,2024-01-12,2024-01-13,Same Day,CUST-1825,Consumer,East,Ipswich,Technology,Machines,2,700.35,0.0,1400.7,-46.44
ORD-105710,2024-01-12,2024-01-19,First Class,CUST-1276,Consumer,South,Brighton,Technology,Copiers,1,548.34,0.0,548.34,162.28
ORD-101594,2024-01-12,2024-01-15,Standard Class,CUST-1146,Consumer,West,Plymouth,Technology,Phones,1,105.81,0.1,95.23,15.01
ORD-104598,2024-01-12,2024-01-14,Second Class,CUST-1449,Corporate,North,Manchester,Office Supplies,Labels,2,117.54,0.0,235.08,26.6
ORD-103414,2024-01-12,2024-01-15,Same Day,CUST-2042,Home Office,West,Cardiff,Technology,Phones,2,1021.45,0.1,1838.61,63.09
ORD-104052,2024-01-13,2024-01-20,Second Class,CUST-1037,Consumer,West,Plymouth,Technology,Accessories,3,1339.98,0.0,4019.94,925.45
ORD-101300,2024-01-13,2024-01-15,Second Class,CUST-2256,Consumer,West,Plymouth,Office Supplies,Storage,3,52.99,0.3,111.28,2.87
ORD-100777,2024-01-14,2024-01-20,First Class,CUST-2106,Consumer,South,Reading,Office Supplies,Art,3,112.2,0.0,336.6,111.68
ORD-106086,2024-01-14,2024-01-18,Standard Class,CUST-2149,Home Office,North,Manchester,Technology,Machines,1,78.69,0.0,78.69,-6.09
ORD-102762,2024-01-14,2024-01-18,Standard Class,CUST-1801,Home Office,East,Norwich,Furniture,Tables,2,62.7,0.0,125.4,18.72
ORD-105361,2024-01-14,2024-01-19,Second Class,CUST-1437,Consumer,North,Leeds,Furniture,Furnishings,2,110.02,0.1,198.04,-18.93
ORD-103079,2024-01-14,2024-01-17,Second Class,CUST-1624,Consumer,Central,Nottingham,Furniture,Bookcases,5,558.5,0.3,1954.75,-42.72
ORD-105770,2024-01-14,2024-01-20,Standard Class,CUST-1380,Consumer,East,Peterborough,Office Supplies,Storage,2,73.16,0.0,146.32,48.8
ORD-104918,2024-01-14,2024-01-17,First Class,CUST-1484,Home Office,South,Portsmouth,Office Supplies,Storage,2,113.14,0.3,158.4,-3.43
ORD-100345,2024-01-14,2024-01-17,First Class,CUST-1914,Consumer,South,Portsmouth,Technology,Accessories,1,1322.29,0.1,1190.06,84.9
ORD-102806,2024-01-14,2024-01-17,Second Class,CUST-2396,Consumer,Central,Nottingham,Technology,Phones,4,1597.02,0.15,5429.87,-955.37
ORD-102224,2024-01-14,2024-01-16,Standard Class,CUST-1470,Consumer,North,Newcastle,Office Supplies,Labels,4,54.86,0.0,219.44,31.59
ORD-105992,2024-01-15,2024-01-20,Standard Class,CUST-1768,Consumer,South,Portsmouth,Technology,Copiers,1,528.83,0.0,528.83,124.94
ORD-104912,2024-01-15,2024-01-19,Standard Class,CUST-2450,Consumer,West,Bristol,Office Supplies,Labels,1,48.34,0.15,41.09,-0.39
ORD-101297,2024-01-15,2024-01-19,Standard Class,CUST-1062,Consumer,Central,Leicester,Technology,Machines,1,808.33,0.0,808.33,40.16
ORD-101527,2024-01-16,2024-01-18,Standard Class,CUST-1333,Home Office,East,Cambridge,Office Supplies,Storage,1,10.7,0.0,10.7,1.85
ORD-103848,2024-01-16,2024-01-19,First Class,CUST-2448,Consumer,West,Bristol,Furniture,Tables,2,787.21,0.0,1574.42,199.02
ORD-103642,2024-01-16,2024-01-21,Second Class,CUST-1678,Consumer,East,Ipswich,Furniture,Furnishings,6,791.64,0.0,4749.84,568.62
ORD-100804,2024-01-16,2024-01-22,Standard Class,CUST-1793,Corporate,East,Cambridge,Office Supplies,Binders,4,53.95,0.0,215.8,61.69
ORD-103077,2024-01-16,2024-01-22,Standard Class,CUST-2320,Consumer,Central,Nottingham,Office Supplies,Storage,2,64.12,0.1,115.42,10.66
ORD-102737,2024-01-16,2024-01-20,Standard Class,CUST-2420,Corporate,East,Ipswich,Furniture,Bookcases,6,82.48,0.0,494.88,12.21
ORD-100315,2024-01-16,2024-01-22,Standard Class,CUST-1320,Corporate,West,Bristol,Furniture,Chairs,4,93.72,0.3,262.42,-0.49
ORD-100473,2024-01-16,2024-01-19,Standard Class,CUST-1933,Consumer,East,Cambridge,Office Supplies,Binders,1,88.53,0.0,88.53,22.06
ORD-101993,2024-01-16,2024-01-23,Standard Class,CUST-1450,Consumer,East,Norwich,Office Supplies,Labels,4,61.0,0.15,207.4,12.31
ORD-101914,2024-01-16,2024-01-18,Standard Class,CUST-1685,Corporate,Central,Birmingham,Furniture,Bookcases,2,756.78,0.0,1513.56,257.28
ORD-100735,2024-01-16,2024-01-22,Standard Class,CUST-2155,Corporate,South,Southampton,Technology,Machines,3,59.94,0.2,143.86,-3.62
ORD-102064,2024-01-16,2024-01-21,Second Class,CUST-2183,Consumer,North,Leeds,Furniture,Bookcases,3,851.24,0.4,1532.23,-212.14
ORD-104703,2024-01-17,2024-01-21,Standard Class,CUST-1365,Corporate,South,Southampton,Technology,Accessories,2,240.67,0.15,409.14,-28.7
ORD-101289,2024-01-17,2024-01-19,Standard Class,CUST-1153,Consumer,East,Peterborough,Office Supplies,Binders,1,44.35,0.0,44.35,9.83
ORD-104476,2024-01-17,2024-01-23,First Class,CUST-1816,Consumer,North,Newcastle,Furniture,Furnishings,4,738.34,0.3,2067.35,-53.77
ORD-103399,2024-01-17,2024-01-20,Same Day,CUST-1352,Corporate,Central,Leicester,Office Supplies,Paper,1,113.64,0.5,56.82,1.3
ORD-101437,2024-01-17,2024-01-21,Standard Class,CUST-2363,Consumer,West,Cardiff,Office Supplies,Labels,1,11.3,0.0,11.3,2.13
ORD-102981,2024-01-17,2024-01-19,Standard Class,CUST-1876,Consumer,South,Southampton,Technology,Machines,3,1321.31,0.2,3171.14,485.73
ORD-100077,2024-01-17,2024-01-20,First Class,CUST-2112,Corporate,North,Leeds,Technology,Machines,3,1253.79,0.3,2632.96,-474.28
ORD-101233,2024-01-17,2024-01-20,Standard Class,CUST-1606,Corporate,North,Manchester,Technology,Machines,2,1336.33,0.2,2138.13,-104.66
ORD-101022,2024-01-17,2024-01-20,Second Class,CUST-2471,Corporate,North,Leeds,Office Supplies,Art,1,91.74,0.0,91.74,19.57
ORD-101584,2024-01-18,2024-01-23,Standard Class,CUST-1889,Corporate,East,Cambridge,Technology,Machines,1,148.22,0.0,148.22,39.32
ORD-101370,2024-01-18,2024-01-22,Standard Class,CUST-1991,Consumer,Central,Coventry,Technology,Copiers,5,196.22,0.3,686.77,-143.45
ORD-102294,2024-01-18,2024-01-21,Standard Class,CUST-1029,Consumer,Central,Nottingham,Furniture,Furnishings,3,181.73,0.0,545.19,-1.63
ORD-101177,2024-01-18,2024-01-23,Standard Class,CUST-1207,Consumer,South,Portsmouth,Office Supplies,Storage,3,38.7,0.4,69.66,1.69
ORD-101789,2024-01-19,2024-01-25,Standard Class,CUST-1541,Consumer,East,Peterborough,Office Supplies,Art,4,6.42,0.1,23.11,5.82
ORD-106344,2024-01-19,2024-01-23,Standard Class,CUST-1238,Corporate,South,Brighton,Office Supplies,Binders,2,111.26,0.0,222.52,23.89
ORD-101524,2024-01-19,2024-01-25,Standard Class,CUST-2302,Corporate,East,Peterborough,Office Supplies,Binders,2,118.91,0.15,202.15,14.19
ORD-101053,2024-01-19,2024-01-22,Standard Class,CUST-1467,Home Office,North,Sheffield,Technology,Machines,1,1086.89,0.15,923.86,-163.11
ORD-100632,2024-01-19,2024-01-22,Second Class,CUST-1634,Home Office,West,Exeter,Office Supplies,Paper,6,6.37,0.0,38.22,3.15
ORD-106115,2024-01-19,2024-01-23,Second Class,CUST-1320,Consumer,East,Norwich,Technology,Machines,3,626.71,0.0,1880.13,235.16
ORD-103242,2024-01-20,2024-01-24,Standard Class,CUST-2448,Home Office,West,Bristol,Office Supplies,Labels,2,12.95,0.2,20.72,-0.92
ORD-104169,2024-01-20,2024-01-25,Standard Class,CUST-2037,Corporate,West,Plymouth,Office Supplies,Paper,1,75.71,0.15,64.35,8.39
ORD-102747,2024-01-20,2024-01-25,First Class,CUST-1290,Corporate,West,Exeter,Office Supplies,Storage,1,96.21,0.5,48.1,-2.62
ORD-105964,2024-01-20,2024-01-22,First Class,CUST-1244,Corporate,East,Cambridge,Technology,Phones,5,1136.26,0.0,5681.3,1132.77
ORD-105806,2024-01-20,2024-01-23,Same Day,CUST-1357,Consumer,West,Bristol,Office Supplies,Binders,3,111.67,0.0,335.01,66.01
ORD-101970,2024-01-20,2024-01-23,Second Class,CUST-1375,Home Office,Central,Nottingham,Technology,Copiers,1,1233.84,0.15,1048.76,55.04
ORD-100676,2024-01-20,2024-01-27,Second Class,CUST-1352,Consumer,Central,Birmingham,Office Supplies,Art,1,73.93,0.1,66.54,-0.18
ORD-103743,2024-01-21,2024-01-28,Standard Class,CUST-1992,Consumer,North,Manchester,Furniture,Tables,4,474.14,0.0,1896.56,319.66
ORD-104234,2024-01-21,2024-01-26,Second Class,CUST-1326,Home Office,North,Manchester,Technology,Phones,2,1386.36,0.1,2495.45,4.52
ORD-101533,2024-01-21,2024-01-24,Standard Class,CUST-2207,Corporate,East,Ipswich,Office Supplies,Paper,4,111.45,0.0,445.8,154.49
ORD-103537,2024-01-21,2024-01-26,Standard Class,CUST-1847,Consumer,East,Ipswich,Office Supplies,Paper,1,90.1,0.1,81.09,1.44
ORD-102049,2024-01-21,2024-01-26,Same Day,CUST-1660,Corporate,Central,Birmingham,Technology,Copiers,6,1157.63,0.0,6945.78,-363.38
ORD-105220,2024-01-21,2024-01-27,Standard Class,CUST-2281,Corporate,Central,Nottingham,Technology,Copiers,2,1228.81,0.1,2211.86,-22.42
ORD-105132,2024-01-21,2024-01-26,Second Class,CUST-1619,Consumer,North,Sheffield,Furniture,Furnishings,1,633.36,0.3,443.35,-12.44
ORD-101802,2024-01-21,2024-01-23,Second Class,CUST-1947,Consumer,West,Exeter,Furniture,Furnishings,2,694.76,0.0,1389.52,228.75
ORD-101451,2024-01-22,2024-01-25,Standard Class,CUST-1920,Corporate,Central,Nottingham,Office Supplies,Storage,4,41.36,0.15,140.62,-3.72
ORD-104823,2024-01-22,2024-01-25,Standard Class,CUST-1768,Corporate,South,Southampton,Office Supplies,Storage,3,14.01,0.0,42.03,5.13
ORD-103491,2024-01-22,2024-01-28,Standard Class,CUST-2003,Home Office,West,Bristol,Office Supplies,Labels,4,27.71,0.0,110.84,28.45
ORD-101317,2024-01-22,2024-01-26,Standard Class,CUST-1077,Consumer,Central,Leicester,Technology,Copiers,1,1490.89,0.1,1341.8,-28.64
ORD-101615,2024-01-22,2024-01-25,Same Day,CUST-1084,Corporate,East,Ipswich,Furniture,Tables,3,235.31,0.1,635.34,-21.01
ORD-100233,2024-01-22,2024-01-27,First Class,CUST-2149,Home Office,South,Reading,Technology,Accessories,1,1221.39,0.0,1221.39,146.01
ORD-102306,2024-01-22,2024-01-25,Standard Class,CUST-1686,Consumer,North,Leeds,Technology,Copiers,4,30.39,0.15,103.33,7.82
ORD-106213,2024-01-22,2024-01-27,Same Day,CUST-1387,Home Office,Central,Nottingham,Office Supplies,Binders,2,29.23,0.0,58.46,20.35
ORD-103304,2024-01-22,2024-01-29,Standard Class,CUST-1964,Consumer,South,Portsmouth,Furniture,Bookcases,3,343.13,0.15,874.98,-81.14
ORD-102415,2024-01-22,2024-01-24,Standard Class,CUST-2007,Corporate,Central,Nottingham,Office Supplies,Storage,2,49.24,0.0,98.48,32.96
ORD-104727,2024-01-22,2024-01-25,Second Class,CUST-1726,Consumer,West,Plymouth,Furniture,Furnishings,1,71.76,0.0,71.76,1.0
ORD-104279,2024-01-23,2024-01-29,Standard Class,CUST-1837,Home Office,Central,Leicester,Furniture,Tables,1,663.15,0.1,596.84,63.33
ORD-102401,2024-01-23,2024-01-25,Standard Class,CUST-2362,Corporate,East,Peterborough,Furniture,Furnishings,6,139.51,0.2,669.65,-100.51
ORD-105326,2024-01-23,2024-01-28,First Class,CUST-1431,Corporate,Central,Birmingham,Technology,Copiers,4,1374.89,0.1,4949.6,-397.43
ORD-102342,2024-01-24,2024-01-25,First Class,CUST-1229,Corporate,West,Bristol,Office Supplies,Labels,1,50.41,0.1,45.37,6.61
ORD-102988,2024-01-24,2024-01-26,Standard Class,CUST-1459,Consumer,East,Norwich,Office Supplies,Storage,3,28.73,0.0,86.19,29.08
ORD-102807,2024-01-24,2024-01-25,Second Class,CUST-2190,Consumer,East,Peterborough,Furniture,Tables,1,378.73,0.1,340.86,40.49
ORD-101723,2024-01-24,2024-01-28,Standard Class,CUST-1773,Corporate,North,Newcastle,Office Supplies,Labels,2,39.8,0.0,79.6,21.71
ORD-106022,2024-01-24,2024-01-28,Standard Class,CUST-1803,Home Office,North,Leeds,Technology,Copiers,5,631.04,0.0,3155.2,111.96
ORD-104170,2024-01-24,2024-01-28,Standard Class,CUST-1943,Consumer,East,Ipswich,Office Supplies,Labels,1,85.69,0.0,85.69,15.61
ORD-104874,2024-01-25,2024-01-28,Standard Class,CUST-2235,Consumer,Central,Leicester,Office Supplies,Art,1,76.72,0.5,38.36,-6.46
ORD-106486,2024-01-25,2024-01-30,Standard Class,CUST-2162,Consumer,North,Manchester,Furniture,Chairs,1,427.82,0.1,385.04,-16.52
ORD-102815,2024-01-25,2024-01-28,Second Class,CUST-2031,Consumer,South,Reading,Office Supplies,Art,2,50.06,0.0,100.12,22.7
ORD-101366,2024-01-25,2024-01-27,Same Day,CUST-1856,Consumer,West,Bristol,Office Supplies,Binders,2,77.01,0.0,154.02,41.64
ORD-102175,2024-01-25,2024-01-26,Standard Class,CUST-2186,Corporate,West,Bristol,Technology,Accessories,1,360.64,0.0,360.64,69.02
ORD-105408,2024-01-25,2024-01-29,Second Class,CUST-1601,Consumer,East,Norwich,Office Supplies,Paper,3,72.07,0.3,151.35,10.05
ORD-103982,2024-01-26,2024-01-27,Standard Class,CUST-2198,Consumer,West,Plymouth,Office Supplies,Labels,2,65.8,0.3,92.12,14.91
ORD-105799,2024-01-26,2024-01-30,Standard Class,CUST-1543,Home Office,West,Exeter,Technology,Accessories,2,1646.62,0.1,2963.92,558.75
ORD-104922,2024-01-26,2024-01-31,Standard Class,CUST-1462,Corporate,North,Manchester,Furniture,Furnishings,4,731.21,0.1,2632.36,11.27
ORD-106365,2024-01-26,2024-01-31,First Class,CUST-1893,Consumer,North,Newcastle,Technology,Copiers,2,536.35,0.15,911.79,143.92
ORD-106203,2024-01-27,2024-01-31,Standard Class,CUST-2450,Consumer,North,Leeds,Office Supplies,Labels,1,70.06,0.2,56.05,7.68
ORD-103729,2024-01-27,2024-02-02,Standard Class,CUST-2389,Home Office,North,Leeds,Technology,Copiers,1,40.34,0.0,40.34,-2.88
ORD-106072,2024-01-27,2024-02-02,First Class,CUST-1147,Corporate,West,Bristol,Furniture,Tables,5,171.45,0.2,685.8,-106.21
ORD-102266,2024-01-27,2024-01-30,Standard Class,CUST-1408,Corporate,East,Cambridge,Office Supplies,Paper,2,71.73,0.4,86.08,-1.53
ORD-102514,2024-01-27,2024-01-30,Standard Class,CUST-1141,Home Office,East,Cambridge,Furniture,Bookcases,1,619.54,0.0,619.54,58.45
ORD-106124,2024-01-27,2024-02-01,Standard Class,CUST-1031,Consumer,West,Bristol,Technology,Accessories,3,129.87,0.15,331.17,5.15
ORD-102995,2024-01-27,2024-01-31,Second Class,CUST-1337,Consumer,East,Cambridge,Technology,Accessories,1,1407.57,0.1,1266.81,271.72
ORD-104199,2024-01-28,2024-02-01,Standard Class,CUST-1605,Consumer,East,Cambridge,Furniture,Furnishings,3,99.48,0.0,298.44,2.05
ORD-103174,2024-01-28,2024-02-03,Standard Class,CUST-2457,Consumer,Central,Birmingham,Office Supplies,Binders,1,29.6,0.4,17.76,0.05
ORD-102435,2024-01-28,2024-02-02,Same Day,CUST-2445,Corporate,West,Cardiff,Office Supplies,Art,1,77.18,0.0,77.18,16.56
ORD-103954,2024-01-28,2024-02-03,Standard Class,CUST-1034,Home Office,West,Exeter,Office Supplies,Labels,1,77.62,0.0,77.62,7.46
ORD-102018,2024-01-28,2024-01-31,Standard Class,CUST-1000,Corporate,East,Peterborough,Technology,Phones,1,414.67,0.0,414.67,16.23
ORD-104391,2024-01-29,2024-02-02,Standard Class,CUST-1867,Corporate,Central,Coventry,Office Supplies,Binders,6,101.3,0.0,607.8,70.52
ORD-104150,2024-01-29,2024-02-03,Standard Class,CUST-1097,Consumer,West,Exeter,Furniture,Tables,3,238.95,0.3,501.79,-1.99
ORD-101720,2024-01-29,2024-02-01,First Class,CUST-1457,Corporate,East,Norwich,Furniture,Chairs,1,225.8,0.1,203.22,10.61
ORD-103533,2024-01-29,2024-02-03,Standard Class,CUST-1065,Consumer,South,Portsmouth,Furniture,Chairs,2,727.41,0.3,1018.37,-133.84
ORD-100433,2024-01-29,2024-01-30,Same Day,CUST-1610,Home Office,West,Plymouth,Furniture,Bookcases,1,750.35,0.15,637.8,5.67
ORD-104147,2024-01-29,2024-02-01,Standard Class,CUST-1825,Corporate,Central,Birmingham,Office Supplies,Binders,5,93.89,0.0,469.45,89.45
ORD-104039,2024-01-29,2024-02-01,Standard Class,CUST-2403,Corporate,West,Exeter,Technology,Phones,3,256.11,0.15,653.08,-5.15
ORD-105373,2024-01-29,2024-02-03,First Class,CUST-1804,Consumer,South,Southampton,Furniture,Bookcases,2,800.31,0.1,1440.56,-102.31
ORD-105075,2024-01-29,2024-01-30,Standard Class,CUST-1558,Home Office,South,Southampton,Office Supplies,Art,1,10.93,0.1,9.84,0.86
ORD-100740,2024-01-29,2024-02-02,Standard Class,CUST-1801,Consumer,South,Brighton,Office Supplies,Storage,2,117.53,0.0,235.06,36.96
ORD-105753,2024-01-29,2024-02-03,First Class,CUST-2124,Corporate,Central,Coventry,Office Supplies,Art,2,112.38,0.3,157.33,4.55
ORD-101372,2024-01-29,2024-02-02,Same Day,CUST-2359,Home Office,South,Brighton,Furniture,Tables,3,488.07,0.0,1464.21,-31.71
ORD-105866,2024-01-29,2024-02-02,First Class,CUST-1207,Corporate,Central,Leicester,Furniture,Furnishings,2,140.36,0.0,280.72,6.21
ORD-103650,2024-01-30,2024-02-02,Standard Class,CUST-2172,Consumer,West,Cardiff,Technology,Phones,3,148.02,0.0,444.06,101.67
ORD-101881,2024-01-30,2024-02-03,Standard Class,CUST-1671,Consumer,East,Ipswich,Technology,Accessories,1,1694.98,0.1,1525.48,247.49
ORD-100866,2024-01-30,2024-01-31,First Class,CUST-1206,Home Office,West,Exeter,Furniture,Bookcases,1,571.98,0.0,571.98,26.08
ORD-106206,2024-01-30,2024-02-05,Standard Class,CUST-2162,Home Office,North,Sheffield,Office Supplies,Labels,4,34.52,0.15,117.37,22.18
ORD-105532,2024-01-30,2024-02-04,Second Class,CUST-2206,Corporate,East,Ipswich,Technology,Machines,1,1424.32,0.0,1424.32,96.13
ORD-106311,2024-01-30,2024-02-05,Standard Class,CUST-1866,Consumer,North,Manchester,Furniture,Chairs,4,365.54,0.15,1242.84,-27.74
ORD-104056,2024-01-30,2024-02-01,Second Class,CUST-2056,Home Office,East,Ipswich,Office Supplies,Paper,6,99.49,0.0,596.94,110.26
ORD-104073,2024-01-30,2024-02-03,Standard Class,CUST-1206,Consumer,Central,Leicester,Technology,Machines,3,339.66,0.15,866.13,121.47
ORD-103219,2024-01-30,2024-02-03,Standard Class,CUST-2242,Corporate,East,Norwich,Furniture,Tables,1,681.94,0.3,477.36,-69.78
ORD-101890,2024-01-30,2024-02-04,First Class,CUST-1156,Home Office,West,Exeter,Furniture,Tables,3,617.19,0.0,1851.57,23.04
ORD-106444,2024-01-31,2024-02-04,Standard Class,CUST-2323,Consumer,East,Ipswich,Office Supplies,Labels,2,18.86,0.2,30.18,6.38
ORD-101181,2024-01-31,2024-02-03,Standard Class,CUST-2439,Home Office,West,Cardiff,Technology,Machines,6,373.94,0.3,1570.55,-431.07
ORD-101463,2024-01-31,2024-02-02,Second Class,CUST-1701,Consumer,North,Newcastle,Office Supplies,Storage,1,113.9,0.1,102.51,0.0
ORD-105211,2024-01-31,2024-02-03,Standard Class,CUST-2346,Consumer,West,Cardiff,Technology,Accessories,3,707.66,0.2,1698.38,-32.67
ORD-105084,2024-01-31,2024-02-03,Standard Class,CUST-1201,Consumer,East,Cambridge,Furniture,Furnishings,2,328.76,0.1,591.77,-25.58
ORD-102109,2024-01-31,2024-02-03,Standard Class,CUST-1850,Corporate,East,Cambridge,Furniture,Tables,1,111.6,0.15,94.86,-7.27
ORD-100334,2024-01-31,2024-02-02,Standard Class,CUST-1692,Home Office,Central,Coventry,Office Supplies,Binders,2,76.72,0.2,122.75,20.26
ORD-106499,2024-01-31,2024-02-04,Second Class,CUST-1837,Consumer,East,Peterborough,Office Supplies,Art,2,109.03,0.1,196.25,5.82
ORD-105368,2024-01-31,2024-02-02,Second Class,CUST-1302,Corporate,West,Plymouth,Technology,Machines,2,1632.06,0.0,3264.12,43.35
ORD-101905,2024-02-01,2024-02-05,Standard Class,CUST-1921,Consumer,North,Manchester,Furniture,Tables,2,367.7,0.1,661.86,12.49
ORD-100378,2024-02-01,2024-02-07,Standard Class,CUST-2214,Consumer,West,Bristol,Office Supplies,Paper,4,47.71,0.0,190.84,20.8
ORD-101172,2024-02-01,2024-02-07,Standard Class,CUST-1419,Consumer,Central,Coventry,Office Supplies,Labels,4,106.29,0.0,425.16,74.71
ORD-101589,2024-02-01,2024-02-04,First Class,CUST-1565,Home Office,North,Sheffield,Technology,Copiers,4,1498.65,0.0,5994.6,1295.13
ORD-106136,2024-02-01,2024-02-04,Second Class,CUST-1345,Home Office,West,Bristol,Technology,Machines,3,832.88,0.15,2123.84,77.08
ORD-103973,2024-02-01,2024-02-08,Standard Class,CUST-1075,Home Office,North,Newcastle,Furniture,Tables,1,637.1,0.1,573.39,-27.33
ORD-105704,2024-02-01,2024-02-05,Same Day,CUST-1726,Consumer,West,Bristol,Technology,Phones,1,734.57,0.2,587.66,-71.28
ORD-102067,2024-02-02,2024-02-07,Second Class,CUST-1361,Consumer,Central,Coventry,Office Supplies,Art,2,119.96,0.0,239.92,12.57
ORD-100802,2024-02-02,2024-02-06,Standard Class,CUST-1827,Home Office,South,Brighton,Office Supplies,Paper,4,38.18,0.1,137.45,10.59
ORD-105762,2024-02-02,2024-02-08,Standard Class,CUST-1834,Corporate,South,Brighton,Office Supplies,Paper,1,109.14,0.0,109.14,21.97
ORD-105191,2024-02-02,2024-02-06,Same Day,CUST-2351,Corporate,East,Cambridge,Furniture,Chairs,1,389.73,0.2,311.78,-44.18
ORD-102358,2024-02-02,2024-02-06,Standard Class,CUST-1926,Home Office,South,Southampton,Technology,Copiers,1,1164.84,0.2,931.87,89.9
ORD-101862,2024-02-02,2024-02-05,Standard Class,CUST-2063,Corporate,East,Peterborough,Technology,Phones,2,394.04,0.15,669.87,-21.11
ORD-105285,2024-02-02,2024-02-04,Standard Class,CUST-1503,Consumer,East,Ipswich,Furniture,Chairs,2,137.43,0.0,274.86,37.4
ORD-102051,2024-02-03,2024-02-06,Standard Class,CUST-2256,Consumer,South,Brighton,Technology,Copiers,4,1164.35,0.0,4657.4,1207.81
ORD-103937,2024-02-03,2024-02-09,Standard Class,CUST-1241,Home Office,North,Manchester,Furniture,Chairs,5,405.81,0.1,1826.14,-12.56
ORD-104618,2024-02-03,2024-02-07,Second Class,CUST-1239,Consumer,South,Reading,Technology,Machines,1,205.49,0.0,205.49,46.05
ORD-104719,2024-02-03,2024-02-06,Standard Class,CUST-1608,Consumer,Central,Nottingham,Office Supplies,Storage,1,41.65,0.15,35.4,-0.79
ORD-105323,2024-02-03,2024-02-08,Standard Class,CUST-1009,Consumer,West,Plymouth,Technology,Accessories,5,1536.4,0.0,7682.0,1315.07
ORD-106183,2024-02-03,2024-02-09,First Class,CUST-2265,Consumer,North,Newcastle,Furniture,Tables,2,707.18,0.1,1272.92,14.76
ORD-103959,2024-02-04,2024-02-09,Standard Class,CUST-2066,Corporate,West,Exeter,Office Supplies,Storage,2,5.63,0.3,7.88,1.07
ORD-103803,2024-02-04,2024-02-09,Standard Class,CUST-1738,Consumer,North,Sheffield,Furniture,Tables,6,624.02,0.4,2246.47,-273.23
ORD-103567,2024-02-04,2024-02-11,Same Day,CUST-1664,Corporate,South,Brighton,Furniture,Furnishings,3,531.97,0.1,1436.32,38.6
ORD-101218,2024-02-04,2024-02-09,Second Class,CUST-1882,Corporate,South,Reading,Furniture,Bookcases,1,520.85,0.0,520.85,34.0
ORD-103511,2024-02-04,2024-02-08,Standard Class,CUST-2409,Consumer,South,Southampton,Technology,Accessories,1,1599.08,0.1,1439.17,209.83
ORD-105678,2024-02-04,2024-02-06,Second Class,CUST-2159,Corporate,East,Ipswich,Technology,Machines,1,716.61,0.0,716.61,-70.31
ORD-105830,2024-02-04,2024-02-10,Second Class,CUST-2161,Consumer,West,Cardiff,Furniture,Chairs,3,864.8,0.0,2594.4,257.58
ORD-103179,2024-02-04,2024-02-05,Standard Class,CUST-1863,Consumer,East,Ipswich,Office Supplies,Paper,1,8.09,0.2,6.47,0.68
ORD-103132,2024-02-04,2024-02-09,Standard Class,CUST-1986,Corporate,West,Cardiff,Office Supplies,Storage,1,56.06,0.15,47.65,0.55
ORD-106377,2024-02-04,2024-02-07,First Class,CUST-1644,Consumer,West,Plymouth,Office Supplies,Paper,3,119.5,0.3,250.95,31.8
ORD-102347,2024-02-05,2024-02-11,First Class,CUST-1115,Consumer,East,Peterborough,Furniture,Furnishings,2,883.53,0.0,1767.06,251.56
ORD-101927,2024-02-05,2024-02-09,Same Day,CUST-1755,Corporate,West,Plymouth,Technology,Copiers,1,1774.98,0.15,1508.73,211.88
ORD-103552,2024-02-05,2024-02-09,Standard Class,CUST-1559,Consumer,North,Leeds,Office Supplies,Storage,1,7.7,0.0,7.7,2.59
ORD-103605,2024-02-05,2024-02-08,First Class,CUST-1026,Corporate,South,Southampton,Office Supplies,Art,4,119.27,0.0,477.08,54.52
ORD-103691,2024-02-05,2024-02-08,Standard Class,CUST-1116,Home Office,North,Newcastle,Technology,Phones,2,1070.37,0.0,2140.74,-12.52
ORD-104431,2024-02-05,2024-02-06,Standard Class,CUST-1870,Home Office,South,Portsmouth,Technology,Machines,4,1529.53,0.0,6118.12,310.77
ORD-101125,2024-02-06,2024-02-07,Second Class,CUST-1409,Home Office,West,Exeter,Furniture,Chairs,1,120.4,0.15,102.34,-5.13
ORD-100689,2024-02-06,2024-02-10,Standard Class,CUST-1557,Consumer,North,Sheffield,Office Supplies,Labels,3,62.17,0.2,149.21,28.1
ORD-102894,2024-02-06,2024-02-12,Standard Class,CUST-2270,Consumer,Central,Nottingham,Office Supplies,Storage,3,35.41,0.0,106.23,32.19
ORD-105192,2024-02-06,2024-02-10,Standard Class,CUST-2195,Home Office,South,Brighton,Office Supplies,Storage,1,78.15,0.0,78.15,4.06
ORD-102818,2024-02-06,2024-02-08,Standard Class,CUST-2055,Corporate,North,Manchester,Office Supplies,Paper,1,79.41,0.0,79.41,13.91
ORD-102389,2024-02-06,2024-02-08,Standard Class,CUST-2257,Home Office,Central,Leicester,Technology,Machines,1,1547.86,0.0,1547.86,-43.36
ORD-103652,2024-02-06,2024-02-12,Standard Class,CUST-1474,Consumer,Central,Leicester,Office Supplies,Art,6,90.31,0.15,460.58,6.63
ORD-104301,2024-02-06,2024-02-08,Standard Class,CUST-2389,Consumer,East,Peterborough,Office Supplies,Paper,1,79.22,0.0,79.22,4.45
ORD-104580,2024-02-07,2024-02-11,Standard Class,CUST-1838,Consumer,South,Southampton,Furniture,Furnishings,5,634.62,0.0,3173.1,512.56
ORD-105896,2024-02-07,2024-02-12,First Class,CUST-1059,Consumer,North,Manchester,Office Supplies,Paper,1,26.79,0.1,24.11,6.13
ORD-102858,2024-02-07,2024-02-13,Standard Class,CUST-1340,Corporate,Central,Coventry,Furniture,Tables,6,64.91,0.1,350.51,-31.43
ORD-106471,2024-02-07,2024-02-10,Standard Class,CUST-1507,Consumer,South,Portsmouth,Technology,Copiers,1,1249.13,0.2,999.3,135.33
ORD-104471,2024-02-07,2024-02-13,First Class,CUST-1471,Consumer,North,Sheffield,Furniture,Tables,1,351.44,0.0,351.44,62.43
ORD-106001,2024-02-07,2024-02-12,First Class,CUST-2080,Consumer,Central,Birmingham,Technology,Machines,5,28.95,0.3,101.32,5.24
ORD-101682,2024-02-08,2024-02-10,Standard Class,CUST-2408,Home Office,West,Cardiff,Technology,Accessories,2,485.06,0.2,776.1,-52.55
ORD-100319,2024-02-08,2024-02-11,Same Day,CUST-1279,Corporate,East,Peterborough,Office Supplies,Paper,1,107.17,0.1,96.45,15.35
ORD-104213,2024-02-08,2024-02-09,Standard Class,CUST-1723,Home Office,South,Brighton,Furniture,Furnishings,3,82.96,0.15,211.55,7.75
ORD-100663,2024-02-08,2024-02-11,Standard Class,CUST-2031,Home Office,Central,Coventry,Furniture,Bookcases,2,191.68,0.1,345.02,4.69
ORD-101083,2024-02-09,2024-02-14,Standard Class,CUST-1967,Consumer,East,Cambridge,Technology,Phones,1,448.74,0.3,314.12,-78.14
ORD-101106,2024-02-09,2024-02-13,Standard Class,CUST-1226,Consumer,North,Sheffield,Technology,Copiers,2,1225.6,0.0,2451.2,258.07
ORD-105112,2024-02-09,2024-02-12,First Class,CUST-1545,Corporate,East,Cambridge,Technology,Copiers,3,1607.43,0.0,4822.29,850.52
ORD-100713,2024-02-09,2024-02-13,Standard Class,CUST-2043,Consumer,South,Portsmouth,Furniture,Chairs,2,85.45,0.2,136.72,-3.69
ORD-102512,2024-02-09,2024-02-10,Standard Class,CUST-1827,Corporate,West,Exeter,Office Supplies,Art,5,65.95,0.4,197.85,-33.04
ORD-102168,2024-02-09,2024-02-11,Standard Class,CUST-1054,Corporate,North,Leeds,Office Supplies,Binders,5,64.76,0.15,275.23,62.52
ORD-104083,2024-02-09,2024-02-10,Second Class,CUST-2132,Corporate,West,Plymouth,Furniture,Bookcases,2,743.44,0.2,1189.5,48.42
ORD-100908,2024-02-09,2024-02-11,Standard Class,CUST-1548,Home Office,South,Southampton,Technology,Phones,1,1319.45,0.0,1319.45,212.95
ORD-102137,2024-02-09,2024-02-11,Standard Class,CUST-1297,Consumer,West,Plymouth,Office Supplies,Binders,3,102.12,0.0,306.36,39.1
ORD-103195,2024-02-10,2024-02-15,Standard Class,CUST-2369,Consumer,West,Cardiff,Office Supplies,Paper,1,67.5,0.0,67.5,19.15
ORD-103906,2024-02-10,2024-02-12,Standard Class,CUST-2480,Corporate,North,Manchester,Office Supplies,Binders,1,61.24,0.1,55.12,8.83
ORD-101456,2024-02-10,2024-02-11,Second Class,CUST-2446,Home Office,South,Southampton,Office Supplies,Storage,3,42.55,0.15,108.5,23.12
ORD-105766,2024-02-10,2024-02-16,First Class,CUST-1188,Corporate,East,Peterborough,Office Supplies,Binders,1,31.57,0.2,25.26,-0.04
ORD-105168,2024-02-10,2024-02-11,First Class,CUST-1472,Consumer,West,Bristol,Office Supplies,Storage,1,83.12,0.1,74.81,13.92
ORD-105390,2024-02-10,2024-02-15,Standard Class,CUST-2207,Consumer,South,Portsmouth,Office Supplies,Binders,1,118.08,0.0,118.08,24.7
ORD-104675,2024-02-10,2024-02-13,Standard Class,CUST-1993,Home Office,South,Brighton,Office Supplies,Binders,1,94.47,0.0,94.47,13.28
ORD-101645,2024-02-10,2024-02-17,Second Class,CUST-1520,Home Office,East,Cambridge,Office Supplies,Art,1,114.6,0.1,103.14,2.99
ORD-103173,2024-02-10,2024-02-14,Standard Class,CUST-1976,Home Office,Central,Coventry,Technology,Phones,1,1543.05,0.0,1543.05,-143.44
ORD-102655,2024-02-10,2024-02-13,Standard Class,CUST-1436,Consumer,North,Manchester,Furniture,Bookcases,2,257.19,0.3,360.07,-68.46
ORD-105001,2024-02-10,2024-02-14,Standard Class,CUST-1811,Home Office,North,Manchester,Office Supplies,Paper,2,62.72,0.1,112.9,19.5
ORD-104655,2024-02-11,2024-02-16,Standard Class,CUST-2393,Consumer,North,Leeds,Office Supplies,Art,1,33.21,0.1,29.89,8.43
ORD-104177,2024-02-11,2024-02-17,Standard Class,CUST-1584,Home Office,Central,Birmingham,Technology,Accessories,2,791.58,0.2,1266.53,-196.52
ORD-100629,2024-02-11,2024-02-14,Second Class,CUST-2100,Corporate,North,Manchester,Technology,Phones,5,1320.18,0.0,6600.9,1674.64
ORD-101736,2024-02-11,2024-02-15,Standard Class,CUST-2080,Consumer,Central,Nottingham,Office Supplies,Labels,4,108.18,0.1,389.45,47.52
ORD-100521,2024-02-11,2024-02-15,First Class,CUST-1633,Corporate,North,Newcastle,Technology,Copiers,2,1340.07,0.15,2278.12,-108.87
ORD-101478,2024-02-11,2024-02-18,Same Day,CUST-1220,Home Office,South,Reading,Office Supplies,Labels,6,114.36,0.0,686.16,186.86
ORD-101293,2024-02-12,2024-02-13,Standard Class,CUST-1629,Corporate,West,Exeter,Technology,Machines,1,1139.03,0.3,797.32,5.86
ORD-101870,2024-02-12,2024-02-14,Standard Class,CUST-1366,Home Office,East,Ipswich,Office Supplies,Labels,6,14.26,0.2,68.45,-2.44
ORD-105590,2024-02-12,2024-02-15,Second Class,CUST-2225,Corporate,East,Ipswich,Technology,Phones,1,706.77,0.1,636.09,55.82
ORD-101903,2024-02-12,2024-02-15,Standard Class,CUST-1709,Consumer,West,Bristol,Office Supplies,Art,3,54.03,0.0,162.09,45.0
ORD-105495,2024-02-12,2024-02-15,Standard Class,CUST-1130,Home Office,Central,Leicester,Technology,Copiers,4,283.28,0.0,1133.12,217.37
ORD-103583,2024-02-12,2024-02-16,Standard Class,CUST-1473,Corporate,North,Sheffield,Office Supplies,Paper,3,29.58,0.2,70.99,8.02
ORD-102226,2024-02-12,2024-02-15,Standard Class,CUST-1537,Corporate,West,Plymouth,Office Supplies,Binders,3,74.38,0.5,111.57,3.42
ORD-105506,2024-02-12,2024-02-15,Standard Class,CUST-2295,Corporate,East,Cambridge,Office Supplies,Labels,5,118.58,0.0,592.9,163.7
ORD-103747,2024-02-13,2024-02-18,Standard Class,CUST-1356,Consumer,East,Norwich,Furniture,Chairs,2,208.99,0.2,334.38,13.78
ORD-101139,2024-02-13,2024-02-17,First Class,CUST-2262,Home Office,East,Peterborough,Furniture,Furnishings,1,795.56,0.0,795.56,74.87
ORD-100608,2024-02-13,2024-02-16,Standard Class,CUST-2214,Consumer,East,Ipswich,Furniture,Chairs,2,584.47,0.15,993.6,-123.02
ORD-101696,2024-02-13,2024-02-19,Standard Class,CUST-1258,Consumer,North,Sheffield,Technology,Accessories,2,485.07,0.15,824.62,93.41
ORD-101024,2024-02-13,2024-02-16,Standard Class,CUST-2226,Consumer,East,Peterborough,Furniture,Chairs,2,391.25,0.5,391.25,-98.15
ORD-105742,2024-02-13,2024-02-17,First Class,CUST-1560,Consumer,South,Reading,Office Supplies,Storage,2,54.72,0.1,98.5,20.2
ORD-105146,2024-02-13,2024-02-15,First Class,CUST-1871,Corporate,North,Newcastle,Technology,Accessories,1,1526.29,0.0,1526.29,393.27
ORD-103215,2024-02-13,2024-02-16,Second Class,CUST-2336,Home Office,East,Norwich,Office Supplies,Paper,1,16.82,0.3,11.77,1.46
ORD-104982,2024-02-13,2024-02-18,Standard Class,CUST-1572,Consumer,North,Leeds,Office Supplies,Labels,4,115.38,0.1,415.37,0.99
ORD-104951,2024-02-13,2024-02-17,Second Class,CUST-1500,Consumer,West,Bristol,Technology,Accessories,1,916.95,0.1,825.26,124.87
ORD-105971,2024-02-14,2024-02-21,Standard Class,CUST-2453,Consumer,North,Manchester,Technology,Accessories,1,1055.23,0.2,844.18,-153.19
ORD-105411,2024-02-14,2024-02-18,Same Day,CUST-1862,Corporate,East,Norwich,Office Supplies,Art,2,27.99,0.15,47.58,0.91
ORD-104775,2024-02-14,2024-02-19,Standard Class,CUST-2281,Home Office,West,Plymouth,Office Supplies,Binders,1,70.72,0.4,42.43,-4.79
ORD-105515,2024-02-14,2024-02-19,Standard Class,CUST-1679,Consumer,East,Norwich,Office Supplies,Paper,1,17.94,0.15,15.25,1.72
ORD-101270,2024-02-15,2024-02-18,Standard Class,CUST-1094,Consumer,Central,Nottingham,Office Supplies,Art,2,113.58,0.0,227.16,37.41
ORD-104322,2024-02-15,2024-02-18,Standard Class,CUST-1406,Consumer,North,Sheffield,Furniture,Tables,3,717.31,0.3,1506.35,-238.71
ORD-106400,2024-02-15,2024-02-20,Standard Class,CUST-1628,Home Office,Central,Leicester,Technology,Copiers,1,464.04,0.15,394.43,17.85
ORD-101447,2024-02-15,2024-02-18,Standard Class,CUST-2116,Consumer,West,Cardiff,Furniture,Furnishings,3,342.17,0.0,1026.51,174.5
ORD-102236,2024-02-15,2024-02-19,First Class,CUST-2396,Consumer,North,Manchester,Office Supplies,Storage,3,58.15,0.3,122.11,-1.52
ORD-106089,2024-02-15,2024-02-20,Second Class,CUST-2102,Consumer,Central,Coventry,Furniture,Tables,4,334.39,0.3,936.29,-79.37
ORD-102239,2024-02-15,2024-02-20,Standard Class,CUST-1134,Corporate,North,Sheffield,Office Supplies,Paper,2,97.4,0.0,194.8,19.39
ORD-104372,2024-02-15,2024-02-21,Standard Class,CUST-2415,Consumer,East,Ipswich,Technology,Machines,1,299.8,0.0,299.8,34.04
ORD-100945,2024-02-16,2024-02-18,Standard Class,CUST-1997,Consumer,South,Southampton,Technology,Accessories,3,1553.02,0.2,3727.25,5.07
ORD-100683,2024-02-16,2024-02-19,Standard Class,CUST-1115,Consumer,East,Peterborough,Office Supplies,Labels,1,93.28,0.0,93.28,27.39
ORD-106406,2024-02-16,2024-02-20,Same Day,CUST-1136,Consumer,West,Plymouth,Office Supplies,Art,1,111.74,0.2,89.39,2.73
ORD-105486,2024-02-16,2024-02-21,Same Day,CUST-1294,Corporate,West,Bristol,Technology,Copiers,2,1515.97,0.3,2122.36,-555.91
ORD-105792,2024-02-16,2024-02-21,Standard Class,CUST-1042,Corporate,West,Cardiff,Office Supplies,Storage,6,6.61,0.0,39.66,5.64
ORD-101799,2024-02-16,2024-02-17,Standard Class,CUST-2176,Consumer,North,Leeds,Office Supplies,Binders,1,49.69,0.0,49.69,7.74
ORD-100539,2024-02-16,2024-02-22,Second Class,CUST-1105,Corporate,North,Sheffield,Office Supplies,Art,2,35.97,0.2,57.55,10.85
ORD-103303,2024-02-17,2024-02-18,Standard Class,CUST-1680,Consumer,West,Plymouth,Office Supplies,Binders,1,106.21,0.3,74.35,-8.24
ORD-103888,2024-02-17,2024-02-20,Standard Class,CUST-2276,Home Office,South,Portsmouth,Office Supplies,Art,2,40.44,0.0,80.88,18.76
ORD-106106,2024-02-17,2024-02-18,Second Class,CUST-1647,Consumer,North,Manchester,Office Supplies,Labels,2,98.99,0.0,197.98,40.48
ORD-102679,2024-02-17,2024-02-20,First Class,CUST-2329,Consumer,North,Newcastle,Furniture,Furnishings,3,277.79,0.0,833.37,-12.89
ORD-101934,2024-02-17,2024-02-21,Second Class,CUST-2380,Corporate,South,Portsmouth,Office Supplies,Paper,1,76.45,0.1,68.81,17.6
ORD-100568,2024-02-17,2024-02-23,Standard Class,CUST-1412,Consumer,Central,Birmingham,Technology,Accessories,1,1761.42,0.0,1761.42,167.31
ORD-104571,2024-02-17,2024-02-19,Standard Class,CUST-1339,Consumer,East,Peterborough,Technology,Machines,1,1068.67,0.4,641.2,-173.6
ORD-101117,2024-02-18,2024-02-22,First Class,CUST-1559,Home Office,North,Leeds,Technology,Phones,1,1330.73,0.2,1064.58,110.22
ORD-104821,2024-02-18,2024-02-23,Standard Class,CUST-1927,Consumer,West,Cardiff,Technology,Machines,2,208.81,0.3,292.33,-30.11
ORD-104238,2024-02-18,2024-02-25,Standard Class,CUST-2142,Consumer,South,Portsmouth,Office Supplies,Art,2,118.81,0.2,190.1,35.55
ORD-101230,2024-02-18,2024-02-22,Standard Class,CUST-1808,Consumer,East,Cambridge,Furniture,Furnishings,1,311.95,0.5,155.97,-42.88
ORD-104209,2024-02-19,2024-02-24,Standard Class,CUST-1277,Consumer,Central,Coventry,Furniture,Tables,1,96.93,0.5,48.47,-6.13
ORD-101041,2024-02-19,2024-02-24,Standard Class,CUST-1178,Corporate,East,Ipswich,Office Supplies,Art,2,84.21,0.2,134.74,26.77
ORD-104093,2024-02-19,2024-02-22,Second Class,CUST-2307,Home Office,Central,Coventry,Technology,Accessories,1,1231.65,0.1,1108.49,254.1
ORD-106493,2024-02-20,2024-02-22,Standard Class,CUST-1319,Consumer,West,Exeter,Furniture,Furnishings,5,739.45,0.0,3697.25,634.72
ORD-101146,2024-02-20,2024-02-24,Second Class,CUST-1947,Corporate,Central,Leicester,Office Supplies,Labels,1,69.77,0.3,48.84,-6.09
ORD-100022,2024-02-20,2024-02-24,First Class,CUST-2003,Consumer,South,Brighton,Technology,Phones,2,250.53,0.1,450.95,66.74
ORD-104656,2024-02-20,2024-02-23,Second Class,CUST-1362,Corporate,North,Leeds,Furniture,Chairs,2,881.32,0.0,1762.64,311.79
ORD-101355,2024-02-20,2024-02-24,Standard Class,CUST-1685,Consumer,North,Sheffield,Technology,Machines,6,676.63,0.2,3247.82,-291.46
ORD-100617,2024-02-20,2024-02-24,Second Class,CUST-1530,Consumer,North,Manchester,Technology,Phones,1,1759.93,0.0,1759.93,137.35
ORD-101923,2024-02-20,2024-02-23,Standard Class,CUST-1239,Consumer,Central,Birmingham,Furniture,Bookcases,2,357.04,0.0,714.08,53.5
ORD-104023,2024-02-20,2024-02-25,Second Class,CUST-1347,Consumer,Central,Leicester,Office Supplies,Binders,3,50.14,0.15,127.86,18.78
ORD-105398,2024-02-20,2024-02-24,Standard Class,CUST-1089,Consumer,North,Manchester,Technology,Copiers,4,799.67,0.1,2878.81,80.87
ORD-105462,2024-02-21,2024-02-25,Standard Class,CUST-1177,Corporate,West,Cardiff,Office Supplies,Storage,2,75.76,0.15,128.79,-1.85
ORD-103152,2024-02-21,2024-02-24,Standard Class,CUST-1265,Consumer,East,Cambridge,Technology,Accessories,2,206.25,0.2,330.0,-39.16
ORD-103760,2024-02-21,2024-02-25,Standard Class,CUST-1098,Consumer,North,Manchester,Office Supplies,Labels,3,102.64,0.0,307.92,15.75
ORD-102327,2024-02-21,2024-02-24,First Class,CUST-2050,Consumer,Central,Birmingham,Furniture,Tables,1,146.31,0.15,124.36,-9.08
ORD-100790,2024-02-21,2024-02-24,Standard Class,CUST-1586,Consumer,Central,Birmingham,Office Supplies,Storage,2,103.66,0.1,186.59,36.74
ORD-103755,2024-02-21,2024-02-24,First Class,CUST-1797,Home Office,North,Leeds,Technology,Machines,1,815.11,0.0,815.11,26.01
ORD-100789,2024-02-21,2024-02-25,Standard Class,CUST-2200,Consumer,South,Brighton,Furniture,Chairs,4,755.57,0.1,2720.05,25.37
ORD-102993,2024-02-21,2024-02-25,Same Day,CUST-1692,Consumer,Central,Nottingham,Furniture,Tables,2,866.16,0.2,1385.86,-6.59
ORD-104502,2024-02-21,2024-02-24,Standard Class,CUST-2315,Home Office,North,Manchester,Technology,Accessories,1,70.95,0.0,70.95,4.73
ORD-100430,2024-02-21,2024-02-26,Standard Class,CUST-1086,Home Office,South,Brighton,Office Supplies,Labels,1,34.02,0.1,30.62,8.87
ORD-102272,2024-02-21,2024-02-24,First Class,CUST-1204,Consumer,East,Ipswich,Office Supplies,Art,3,114.93,0.0,344.79,23.35
ORD-105282,2024-02-21,2024-02-24,Standard Class,CUST-1154,Consumer,South,Brighton,Office Supplies,Storage,1,56.25,0.3,39.38,-5.07
ORD-103936,2024-02-22,2024-02-24,Standard Class,CUST-2001,Home Office,South,Brighton,Office Supplies,Art,3,98.86,0.15,252.09,43.16
ORD-103832,2024-02-22,2024-02-26,Standard Class,CUST-1100,Corporate,Central,Nottingham,Furniture,Furnishings,3,526.06,0.2,1262.54,-182.51
ORD-102413,2024-02-22,2024-02-26,First Class,CUST-2269,Consumer,North,Sheffield,Office Supplies,Art,1,101.96,0.0,101.96,28.14
ORD-105281,2024-02-22,2024-02-25,First Class,CUST-1018,Consumer,South,Reading,Furniture,Bookcases,5,687.91,0.0,3439.55,-78.69
ORD-105270,2024-02-22,2024-02-26,Standard Class,CUST-1983,Corporate,West,Exeter,Office Supplies,Paper,1,76.61,0.2,61.29,13.09
ORD-101744,2024-02-22,2024-02-28,Standard Class,CUST-1549,Consumer,East,Norwich,Technology,Copiers,3,357.36,0.15,911.27,-29.49
ORD-100705,2024-02-22,2024-02-27,First Class,CUST-2450,Consumer,West,Cardiff,Office Supplies,Paper,2,103.35,0.0,206.7,42.24
ORD-100045,2024-02-22,2024-02-25,Standard Class,CUST-1280,Consumer,East,Ipswich,Furniture,Chairs,2,646.04,0.0,1292.08,142.38
ORD-101999,2024-02-22,2024-02-26,Standard Class,CUST-1072,Home Office,West,Exeter,Office Supplies,Art,2,106.65,0.15,181.31,40.66
ORD-100200,2024-02-22,2024-02-27,Second Class,CUST-2011,Corporate,North,Newcastle,Office Supplies,Paper,1,82.87,0.0,82.87,21.89
ORD-100201,2024-02-22,2024-02-26,Standard Class,CUST-2464,Consumer,East,Norwich,Technology,Copiers,1,262.55,0.15,223.17,-37.55
ORD-101804,2024-02-22,2024-02-24,First Class,CUST-1552,Consumer,North,Sheffield,Office Supplies,Labels,5,37.13,0.0,185.65,17.59
ORD-103890,2024-02-23,2024-02-26,Same Day,CUST-1227,Consumer,Central,Nottingham,Technology,Machines,2,1798.06,0.15,3056.7,-436.98
ORD-101457,2024-02-23,2024-02-28,Second Class,CUST-2128,Consumer,East,Cambridge,Furniture,Bookcases,4,750.6,0.1,2702.16,-177.61
ORD-102600,2024-02-23,2024-02-28,Standard Class,CUST-2326,Consumer,South,Brighton,Furniture,Furnishings,6,360.28,0.15,1837.43,118.18
ORD-103066,2024-02-23,2024-02-27,Second Class,CUST-2459,Consumer,West,Exeter,Technology,Phones,6,1236.77,0.3,5194.43,303.59
ORD-106371,2024-02-23,2024-02-25,Standard Class,CUST-1701,Consumer,West,Plymouth,Furniture,Furnishings,3,226.55,0.0,679.65,20.27
ORD-105011,2024-02-23,2024-02-26,Same Day,CUST-2472,Corporate,North,Leeds,Furniture,Furnishings,2,563.73,0.3,789.22,-120.89
ORD-105989,2024-02-23,2024-02-25,Standard Class,CUST-1948,Consumer,East,Norwich,Office Supplies,Labels,3,58.97,0.1,159.22,41.28
ORD-102819,2024-02-23,2024-02-26,Standard Class,CUST-2173,Consumer,North,Newcastle,Office Supplies,Art,6,60.65,0.2,291.12,40.8
ORD-101858,2024-02-23,2024-02-26,Standard Class,CUST-2406,Home Office,East,Ipswich,Office Supplies,Binders,2,37.11,0.2,59.38,5.15
ORD-102253,2024-02-23,2024-02-24,Standard Class,CUST-1616,Consumer,South,Southampton,Technology,Accessories,1,722.91,0.1,650.62,-13.13
ORD-103553,2024-02-24,2024-03-01,Standard Class,CUST-1887,Corporate,West,Bristol,Office Supplies,Labels,3,14.51,0.0,43.53,5.35
ORD-105655,2024-02-24,2024-02-28,First Class,CUST-1071,Consumer,Central,Leicester,Office Supplies,Binders,1,46.05,0.0,46.05,4.44
ORD-103595,2024-02-24,2024-03-01,Second Class,CUST-1425,Home Office,Central,Leicester,Office Supplies,Labels,3,58.89,0.0,176.67,59.82
ORD-102176,2024-02-24,2024-02-25,Standard Class,CUST-1498,Consumer,South,Reading,Technology,Machines,1,919.74,0.0,919.74,64.06
ORD-103572,2024-02-24,2024-02-25,Second Class,CUST-2461,Consumer,West,Cardiff,Furniture,Chairs,1,836.18,0.3,585.33,-61.28
ORD-100067,2024-02-24,2024-02-27,Standard Class,CUST-1442,Consumer,South,Brighton,Office Supplies,Binders,3,80.09,0.0,240.27,28.01
ORD-100512,2024-02-25,2024-02-27,Standard Class,CUST-1557,Consumer,West,Cardiff,Furniture,Chairs,4,851.2,0.2,2723.84,-408.79
ORD-101626,2024-02-25,2024-02-29,Standard Class,CUST-2220,Home Office,Central,Birmingham,Furniture,Chairs,2,145.78,0.3,204.09,-33.51
ORD-105561,2024-02-25,2024-02-29,First Class,CUST-2004,Corporate,Central,Nottingham,Technology,Machines,1,737.16,0.1,663.44,-61.78
ORD-105141,2024-02-25,2024-02-27,Second Class,CUST-1049,Corporate,North,Newcastle,Office Supplies,Paper,3,30.19,0.15,76.98,11.66
ORD-102329,2024-02-26,2024-02-28,First Class,CUST-2356,Home Office,North,Newcastle,Furniture,Furnishings,3,479.85,0.2,1151.64,-86.48
ORD-101393,2024-02-26,2024-02-29,Standard Class,CUST-1022,Consumer,Central,Birmingham,Furniture,Bookcases,1,101.69,0.1,91.52,-0.2
ORD-100649,2024-02-26,2024-02-28,Standard Class,CUST-2295,Home Office,North,Sheffield,Office Supplies,Labels,3,105.02,0.0,315.06,56.99
ORD-106397,2024-02-26,2024-02-29,Second Class,CUST-1890,Consumer,Central,Leicester,Office Supplies,Labels,6,65.07,0.15,331.86,79.65
ORD-100979,2024-02-26,2024-03-01,Standard Class,CUST-2165,Consumer,West,Cardiff,Office Supplies,Storage,2,99.02,0.1,178.24,30.5
ORD-102568,2024-02-26,2024-03-01,First Class,CUST-2465,Consumer,North,Sheffield,Office Supplies,Art,1,54.32,0.0,54.32,16.54
ORD-100518,2024-02-26,2024-02-28,Standard Class,CUST-1289,Consumer,Central,Nottingham,Office Supplies,Paper,1,40.51,0.0,40.51,5.62
ORD-104596,2024-02-26,2024-02-27,Standard Class,CUST-1558,Corporate,West,Exeter,Furniture,Tables,1,641.37,0.0,641.37,98.78
ORD-103627,2024-02-26,2024-03-02,Standard Class,CUST-2118,Home Office,South,Southampton,Office Supplies,Art,2,12.72,0.2,20.35,3.73
ORD-104784,2024-02-27,2024-03-04,Standard Class,CUST-1243,Home Office,South,Brighton,Office Supplies,Labels,1,76.76,0.5,38.38,-2.99
ORD-105563,2024-02-27,2024-03-05,Standard Class,CUST-2060,Consumer,South,Portsmouth,Furniture,Bookcases,2,497.7,0.0,995.4,132.18
ORD-100741,2024-02-27,2024-03-01,Second Class,CUST-1374,Corporate,Central,Nottingham,Furniture,Bookcases,1,558.25,0.0,558.25,16.51
ORD-101495,2024-02-27,2024-03-04,Same Day,CUST-1227,Consumer,North,Manchester,Office Supplies,Binders,1,20.02,0.3,14.01,1.89
ORD-105535,2024-02-27,2024-03-02,Standard Class,CUST-1587,Home Office,South,Portsmouth,Office Supplies,Paper,3,90.52,0.1,244.4,25.34
ORD-101726,2024-02-27,2024-03-03,Standard Class,CUST-1004,Corporate,North,Sheffield,Office Supplies,Storage,2,40.24,0.5,40.24,-3.06
ORD-102373,2024-02-27,2024-03-02,First Class,CUST-2126,Corporate,North,Newcastle,Office Supplies,Labels,3,52.73,0.0,158.19,51.13
ORD-104383,2024-02-27,2024-03-02,Standard Class,CUST-1576,Corporate,East,Ipswich,Office Supplies,Binders,4,35.56,0.2,113.79,5.79
ORD-102530,2024-02-27,2024-03-02,Second Class,CUST-2301,Consumer,West,Bristol,Technology,Machines,3,950.65,0.15,2424.16,-146.82
ORD-100325,2024-02-27,2024-03-01,Standard Class,CUST-1275,Corporate,East,Peterborough,Office Supplies,Labels,3,80.99,0.0,242.97,53.89
ORD-104973,2024-02-27,2024-03-01,Standard Class,CUST-1350,Consumer,West,Cardiff,Office Supplies,Storage,2,13.03,0.2,20.85,4.46
ORD-100125,2024-02-27,2024-03-02,Standard Class,CUST-1286,Corporate,Central,Coventry,Office Supplies,Storage,1,68.79,0.4,41.27,-5.67
ORD-105097,2024-02-27,2024-03-02,Standard Class,CUST-1130,Consumer,East,Cambridge,Office Supplies,Paper,2,67.92,0.2,108.67,-6.17
ORD-103895,2024-02-28,2024-03-02,First Class,CUST-1596,Corporate,West,Cardiff,Technology,Machines,1,1764.65,0.0,1764.65,-81.43
ORD-103917,2024-02-28,2024-03-03,Same Day,CUST-2486,Corporate,North,Newcastle,Office Supplies,Art,4,111.56,0.2,356.99,62.85
ORD-100830,2024-02-28,2024-03-01,Standard Class,CUST-2327,Home Office,Central,Nottingham,Office Supplies,Binders,6,7.52,0.0,45.12,5.3
ORD-101486,2024-02-28,2024-03-03,First Class,CUST-1426,Consumer,North,Manchester,Office Supplies,Labels,2,86.72,0.0,173.44,22.67
ORD-106133,2024-02-28,2024-03-03,Standard Class,CUST-1563,Home Office,Central,Birmingham,Furniture,Bookcases,3,259.89,0.3,545.77,-100.36
ORD-104972,2024-02-28,2024-03-01,Second Class,CUST-1354,Corporate,West,Exeter,Furniture,Furnishings,3,233.35,0.2,560.04,27.43
ORD-104367,2024-02-28,2024-03-03,Standard Class,CUST-1304,Consumer,West,Exeter,Office Supplies,Storage,4,6.77,0.0,27.08,9.13
ORD-101043,2024-02-28,2024-03-04,Standard Class,CUST-1352,Consumer,South,Brighton,Furniture,Tables,5,304.44,0.1,1369.98,-27.39
ORD-102575,2024-02-29,2024-03-05,Standard Class,CUST-1736,Consumer,Central,Coventry,Office Supplies,Labels,2,39.64,0.1,71.35,1.55
ORD-101273,2024-02-29,2024-03-06,Standard Class,CUST-1945,Corporate,East,Norwich,Furniture,Furnishings,1,306.63,0.15,260.64,-14.11
ORD-103471,2024-02-29,2024-03-03,First Class,CUST-1112,Home Office,North,Newcastle,Furniture,Chairs,5,749.35,0.0,3746.75,113.98
ORD-106424,2024-02-29,2024-03-06,Second Class,CUST-1801,Consumer,North,Newcastle,Technology,Phones,1,840.79,0.0,840.79,62.8
ORD-105977,2024-02-29,2024-03-04,Standard Class,CUST-1003,Home Office,North,Sheffield,Furniture,Tables,1,636.0,0.15,540.6,-21.24
ORD-100747,2024-03-01,2024-03-06,Standard Class,CUST-2380,Home Office,North,Sheffield,Furniture,Tables,2,437.57,0.5,437.57,-67.58
ORD-103610,2024-03-01,2024-03-04,Standard Class,CUST-1677,Consumer,West,Cardiff,Office Supplies,Binders,1,51.13,0.15,43.46,4.72
ORD-100262,2024-03-01,2024-03-04,Standard Class,CUST-1837,Corporate,North,Leeds,Furniture,Bookcases,3,744.55,0.2,1786.92,8.93
ORD-102477,2024-03-01,2024-03-05,First Class,CUST-1763,Consumer,West,Bristol,Office Supplies,Art,1,54.93,0.1,49.44,12.3
ORD-100625,2024-03-01,2024-03-06,First Class,CUST-1922,Corporate,North,Sheffield,Office Supplies,Paper,4,93.93,0.0,375.72,110.3
ORD-105376,2024-03-01,2024-03-07,Same Day,CUST-1171,Consumer,North,Manchester,Furniture,Chairs,2,242.72,0.2,388.35,-24.23
ORD-100076,2024-03-01,2024-03-04,Standard Class,CUST-1956,Corporate,South,Portsmouth,Furniture,Furnishings,2,363.22,0.0,726.44,116.94
ORD-104830,2024-03-01,2024-03-02,First Class,CUST-2245,Consumer,South,Southampton,Furniture,Tables,3,681.7,0.0,2045.1,-100.63
ORD-100769,2024-03-01,2024-03-08,Standard Class,CUST-1461,Home Office,West,Exeter,Technology,Copiers,1,1555.42,0.2,1244.34,-67.54
ORD-106391,2024-03-01,2024-03-06,Standard Class,CUST-2354,Consumer,North,Manchester,Office Supplies,Binders,2,85.57,0.1,154.03,12.28
ORD-100748,2024-03-02,2024-03-04,Second Class,CUST-1378,Consumer,Central,Nottingham,Office Supplies,Storage,2,41.64,0.1,74.95,18.86
ORD-101232,2024-03-02,2024-03-06,First Class,CUST-2293,Corporate,Central,Nottingham,Office Supplies,Binders,4,47.65,0.0,190.6,25.86
ORD-104626,2024-03-02,2024-03-08,Standard Class,CUST-2033,Corporate,Central,Birmingham,Technology,Copiers,1,481.38,0.0,481.38,100.67
ORD-100817,2024-03-03,2024-03-05,Second Class,CUST-1026,Consumer,East,Ipswich,Office Supplies,Binders,2,89.56,0.15,152.25,18.31
ORD-103800,2024-03-03,2024-03-06,Standard Class,CUST-1821,Corporate,West,Bristol,Office Supplies,Storage,5,100.93,0.15,428.95,111.38
ORD-103060,2024-03-03,2024-03-07,Standard Class,CUST-2165,Corporate,Central,Nottingham,Office Supplies,Paper,2,4.64,0.3,6.5,1.01
ORD-103493,2024-03-03,2024-03-06,Standard Class,CUST-1052,Consumer,East,Norwich,Technology,Phones,2,286.51,0.0,573.02,143.71
ORD-104521,2024-03-03,2024-03-07,Standard Class,CUST-2045,Corporate,East,Cambridge,Furniture,Chairs,1,586.99,0.1,528.29,13.07
ORD-102483,2024-03-03,2024-03-08,Standard Class,CUST-1727,Corporate,Central,Leicester,Technology,Copiers,4,549.21,0.0,2196.84,357.25
ORD-103556,2024-03-04,2024-03-07,First Class,CUST-1903,Consumer,West,Exeter,Furniture,Tables,1,166.11,0.0,166.11,6.21
ORD-104146,2024-03-05,2024-03-12,Same Day,CUST-1287,Consumer,East,Norwich,Furniture,Tables,1,404.47,0.0,404.47,47.34
ORD-105680,2024-03-05,2024-03-11,Second Class,CUST-2082,Consumer,East,Peterborough,Office Supplies,Art,1,56.18,0.0,56.18,16.89
ORD-102089,2024-03-05,2024-03-10,First Class,CUST-1708,Consumer,East,Cambridge,Furniture,Tables,3,715.69,0.1,1932.36,-125.87
ORD-105637,2024-03-05,2024-03-09,Standard Class,CUST-1775,Corporate,South,Southampton,Furniture,Furnishings,1,583.24,0.2,466.59,-22.57
ORD-104508,2024-03-05,2024-03-09,First Class,CUST-1391,Consumer,North,Manchester,Office Supplies,Binders,3,36.8,0.0,110.4,22.24
ORD-106225,2024-03-05,2024-03-07,First Class,CUST-1105,Consumer,South,Portsmouth,Office Supplies,Labels,1,34.39,0.0,34.39,2.96
ORD-102785,2024-03-05,2024-03-07,Standard Class,CUST-1850,Consumer,East,Peterborough,Furniture,Bookcases,3,564.21,0.1,1523.37,90.75
ORD-106008,2024-03-06,2024-03-13,Second Class,CUST-1998,Corporate,East,Cambridge,Office Supplies,Storage,2,37.15,0.1,66.87,1.12
ORD-102284,2024-03-06,2024-03-10,Standard Class,CUST-1441,Consumer,North,Leeds,Furniture,Furnishings,1,592.16,0.15,503.34,-53.25
ORD-103288,2024-03-06,2024-03-08,Standard Class,CUST-1044,Corporate,Central,Nottingham,Office Supplies,Art,4,79.26,0.15,269.48,51.25
ORD-100950,2024-03-07,2024-03-11,Same Day,CUST-1845,Corporate,East,Peterborough,Office Supplies,Binders,1,27.82,0.1,25.04,7.03
ORD-104833,2024-03-07,2024-03-11,Standard Class,CUST-1945,Corporate,West,Cardiff,Furniture,Bookcases,1,753.36,0.0,753.36,71.79
ORD-104138,2024-03-07,2024-03-11,Standard Class,CUST-1939,Consumer,Central,Coventry,Office Supplies,Paper,1,57.27,0.0,57.27,20.04
ORD-103393,2024-03-08,2024-03-14,Standard Class,CUST-2250,Corporate,South,Reading,Office Supplies,Art,4,118.28,0.0,473.12,137.35
ORD-102466,2024-03-08,2024-03-11,Standard Class,CUST-1985,Home Office,East,Ipswich,Technology,Machines,2,557.42,0.2,891.87,-159.78
ORD-103121,2024-03-08,2024-03-15,Standard Class,CUST-1405,Consumer,West,Plymouth,Office Supplies,Labels,3,54.44,0.3,114.32,-0.23
ORD-101421,2024-03-08,2024-03-11,First Class,CUST-2381,Home Office,Central,Birmingham,Furniture,Furnishings,1,899.11,0.15,764.24,-78.82
ORD-105859,2024-03-08,2024-03-11,Standard Class,CUST-1665,Corporate,East,Norwich,Office Supplies,Labels,4,23.3,0.15,79.22,14.45
ORD-101268,2024-03-08,2024-03-11,Second Class,CUST-2481,Corporate,East,Peterborough,Furniture,Bookcases,3,349.82,0.1,944.51,-25.7
ORD-103019,2024-03-09,2024-03-14,Standard Class,CUST-1637,Home Office,Central,Birmingham,Technology,Phones,1,684.44,0.5,342.22,-136.42
ORD-100032,2024-03-09,2024-03-12,Standard Class,CUST-2238,Corporate,West,Cardiff,Technology,Copiers,2,127.17,0.1,228.91,3.8
ORD-106188,2024-03-09,2024-03-11,Same Day,CUST-1885,Corporate,West,Bristol,Furniture,Bookcases,1,529.43,0.0,529.43,3.38
ORD-103400,2024-03-09,2024-03-13,Second Class,CUST-2025,Consumer,North,Newcastle,Office Supplies,Binders,2,43.81,0.0,87.62,20.02
ORD-101873,2024-03-09,2024-03-10,Same Day,CUST-1625,Corporate,East,Cambridge,Furniture,Chairs,3,498.63,0.1,1346.3,-28.43
ORD-103339,2024-03-09,2024-03-12,First Class,CUST-1979,Corporate,West,Bristol,Technology,Accessories,2,954.1,0.0,1908.2,175.02
ORD-104155,2024-03-09,2024-03-11,Standard Class,CUST-1881,Consumer,North,Sheffield,Office Supplies,Paper,1,19.53,0.4,11.72,-0.42
ORD-102129,2024-03-09,2024-03-11,Second Class,CUST-1366,Consumer,South,Portsmouth,Office Supplies,Art,2,62.99,0.0,125.98,38.98
ORD-105679,2024-03-09,2024-03-11,Standard Class,CUST-1750,Consumer,East,Norwich,Furniture,Tables,3,875.09,0.1,2362.74,156.06
ORD-104014,2024-03-09,2024-03-14,Standard Class,CUST-1814,Home Office,East,Cambridge,Office Supplies,Binders,1,64.47,0.0,64.47,16.5
ORD-106435,2024-03-10,2024-03-13,Second Class,CUST-1203,Consumer,North,Leeds,Furniture,Furnishings,2,269.17,0.5,269.17,-90.14
ORD-100459,2024-03-10,2024-03-14,Standard Class,CUST-1250,Consumer,East,Peterborough,Office Supplies,Storage,1,75.89,0.1,68.3,15.26
ORD-100607,2024-03-10,2024-03-14,Second Class,CUST-1017,Consumer,North,Manchester,Furniture,Furnishings,1,380.23,0.5,190.12,-55.71
ORD-102624,2024-03-10,2024-03-14,Standard Class,CUST-1721,Corporate,South,Southampton,Furniture,Bookcases,2,79.47,0.2,127.15,-3.47
ORD-101981,2024-03-10,2024-03-13,Standard Class,CUST-1758,Corporate,South,Reading,Technology,Machines,1,62.57,0.0,62.57,0.38
ORD-104924,2024-03-10,2024-03-17,Standard Class,CUST-2252,Corporate,Central,Leicester,Technology,Machines,2,1386.65,0.4,1663.98,30.19
ORD-102098,2024-03-11,2024-03-16,Second Class,CUST-2375,Consumer,South,Reading,Furniture,Bookcases,1,119.03,0.1,107.13,-0.98
ORD-104250,2024-03-11,2024-03-14,First Class,CUST-1145,Consumer,Central,Birmingham,Office Supplies,Art,1,42.17,0.15,35.84,4.94
ORD-103726,2024-03-11,2024-03-18,Standard Class,CUST-2113,Consumer,South,Southampton,Office Supplies,Labels,1,112.78,0.2,90.22,-0.33
ORD-100766,2024-03-11,2024-03-15,Standard Class,CUST-2023,Home Office,West,Exeter,Technology,Accessories,1,299.23,0.1,269.31,-3.61
ORD-104264,2024-03-11,2024-03-15,Standard Class,CUST-1802,Consumer,South,Reading,Furniture,Chairs,5,574.67,0.1,2586.01,-70.19
ORD-105484,2024-03-11,2024-03-16,Standard Class,CUST-1141,Home Office,North,Leeds,Technology,Phones,3,1469.49,0.15,3747.2,-684.57
ORD-101360,2024-03-11,2024-03-15,Second Class,CUST-1792,Consumer,West,Exeter,Technology,Machines,2,856.02,0.3,1198.43,110.59
ORD-103504,2024-03-11,2024-03-15,Standard Class,CUST-1081,Consumer,East,Cambridge,Furniture,Furnishings,2,821.06,0.1,1477.91,-15.07
ORD-104692,2024-03-11,2024-03-15,Standard Class,CUST-2190,Consumer,East,Cambridge,Office Supplies,Binders,2,71.55,0.1,128.79,30.34
ORD-105607,2024-03-11,2024-03-16,Standard Class,CUST-1985,Corporate,East,Peterborough,Technology,Accessories,2,1600.13,0.1,2880.23,143.38
ORD-102870,2024-03-11,2024-03-15,First Class,CUST-1562,Home Office,East,Peterborough,Office Supplies,Paper,5,95.85,0.3,335.47,-23.17
ORD-103417,2024-03-11,2024-03-17,Standard Class,CUST-1300,Home Office,West,Cardiff,Furniture,Furnishings,1,512.39,0.3,358.67,-34.27
ORD-100413,2024-03-11,2024-03-15,Standard Class,CUST-1018,Consumer,Central,Nottingham,Technology,Copiers,5,278.5,0.1,1253.25,-58.88
ORD-103367,2024-03-12,2024-03-17,Standard Class,CUST-1385,Consumer,East,Cambridge,Technology,Accessories,2,1756.94,0.1,3162.49,27.23
ORD-105476,2024-03-12,2024-03-19,Second Class,CUST-1330,Corporate,Central,Leicester,Technology,Copiers,4,1221.54,0.1,4397.54,784.64
ORD-100457,2024-03-12,2024-03-16,Standard Class,CUST-1550,Consumer,West,Exeter,Office Supplies,Labels,1,85.03,0.0,85.03,27.51
ORD-104351,2024-03-12,2024-03-15,Second Class,CUST-1622,Home Office,South,Brighton,Technology,Accessories,3,1579.05,0.1,4263.43,-354.83
ORD-103216,2024-03-12,2024-03-18,Same Day,CUST-2284,Corporate,East,Peterborough,Office Supplies,Labels,4,41.12,0.1,148.03,42.2
ORD-100587,2024-03-12,2024-03-15,Standard Class,CUST-1386,Home Office,North,Leeds,Technology,Copiers,1,1408.67,0.0,1408.67,326.61
ORD-105675,2024-03-12,2024-03-16,Standard Class,CUST-1667,Home Office,Central,Nottingham,Technology,Phones,1,709.18,0.4,425.51,-112.1
ORD-101255,2024-03-12,2024-03-18,Standard Class,CUST-1069,Consumer,Central,Coventry,Technology,Copiers,1,1544.67,0.3,1081.27,-108.27
ORD-105006,2024-03-13,2024-03-16,Standard Class,CUST-2021,Corporate,North,Sheffield,Office Supplies,Labels,4,70.16,0.1,252.58,21.45
ORD-100326,2024-03-13,2024-03-16,Second Class,CUST-2223,Corporate,Central,Leicester,Office Supplies,Labels,1,60.57,0.2,48.46,-0.01
ORD-104805,2024-03-13,2024-03-16,First Class,CUST-1803,Corporate,Central,Leicester,Furniture,Chairs,4,429.98,0.0,1719.92,67.15
ORD-104886,2024-03-13,2024-03-20,Standard Class,CUST-1854,Consumer,North,Sheffield,Office Supplies,Paper,1,7.45,0.0,7.45,0.42
ORD-101637,2024-03-13,2024-03-14,Second Class,CUST-2457,Consumer,Central,Nottingham,Furniture,Furnishings,1,91.32,0.2,73.06,-0.39
ORD-100230,2024-03-13,2024-03-16,Standard Class,CUST-1863,Corporate,Central,Leicester,Furniture,Chairs,5,476.86,0.0,2384.3,-29.81
ORD-104589,2024-03-13,2024-03-17,First Class,CUST-1875,Consumer,South,Reading,Furniture,Furnishings,2,835.26,0.0,1670.52,124.97
ORD-102516,2024-03-13,2024-03-14,Second Class,CUST-1373,Consumer,West,Exeter,Office Supplies,Art,1,15.35,0.1,13.81,1.83
ORD-104995,2024-03-13,2024-03-19,First Class,CUST-2320,Consumer,East,Norwich,Office Supplies,Paper,2,70.84,0.2,113.34,1.08
ORD-101446,2024-03-14,2024-03-17,Second Class,CUST-1712,Corporate,West,Exeter,Office Supplies,Storage,2,99.78,0.2,159.65,29.56
ORD-105529,2024-03-14,2024-03-17,Second Class,CUST-2479,Home Office,West,Exeter,Office Supplies,Binders,2,52.29,0.2,83.66,-1.52
ORD-105537,2024-03-14,2024-03-17,Standard Class,CUST-1115,Corporate,South,Reading,Furniture,Bookcases,1,424.35,0.15,360.7,-44.53
ORD-105635,2024-03-14,2024-03-17,Standard Class,CUST-1459,Consumer,Central,Leicester,Furniture,Bookcases,2,401.17,0.0,802.34,101.46
ORD-101311,2024-03-14,2024-03-18,Standard Class,CUST-1711,Corporate,North,Leeds,Office Supplies,Art,2,112.44,0.3,157.42,-6.98
ORD-104240,2024-03-14,2024-03-20,Standard Class,CUST-1173,Consumer,West,Exeter,Office Supplies,Paper,2,54.58,0.0,109.16,30.81
ORD-102618,2024-03-15,2024-03-17,Same Day,CUST-1282,Corporate,East,Peterborough,Office Supplies,Storage,1,99.2,0.0,99.2,9.25
ORD-103963,2024-03-15,2024-03-19,First Class,CUST-1300,Corporate,Central,Leicester,Technology,Machines,2,102.79,0.0,205.58,9.49
ORD-105105,2024-03-15,2024-03-18,Standard Class,CUST-2122,Corporate,West,Exeter,Technology,Phones,1,1143.03,0.3,800.12,-54.57
ORD-101737,2024-03-15,2024-03-18,Standard Class,CUST-2421,Home Office,North,Leeds,Furniture,Chairs,1,484.1,0.1,435.69,-31.56
ORD-102219,2024-03-15,2024-03-18,First Class,CUST-1565,Home Office,South,Portsmouth,Office Supplies,Paper,1,113.61,0.0,113.61,38.52
ORD-100987,2024-03-15,2024-03-16,Standard Class,CUST-1206,Consumer,North,Newcastle,Technology,Accessories,3,746.94,0.0,2240.82,349.94
ORD-102695,2024-03-16,2024-03-19,Standard Class,CUST-1735,Consumer,South,Portsmouth,Office Supplies,Art,2,64.4,0.0,128.8,15.52
ORD-104788,2024-03-16,2024-03-19,Standard Class,CUST-1562,Corporate,North,Sheffield,Furniture,Chairs,1,192.04,0.2,153.63,3.15
ORD-101529,2024-03-16,2024-03-17,First Class,CUST-1482,Home Office,East,Norwich,Office Supplies,Labels,1,66.1,0.0,66.1,13.09
ORD-104380,2024-03-16,2024-03-21,Standard Class,CUST-2449,Home Office,North,Leeds,Office Supplies,Art,1,102.52,0.0,102.52,31.67
ORD-100546,2024-03-16,2024-03-19,Standard Class,CUST-2232,Corporate,North,Manchester,Furniture,Tables,1,818.14,0.0,818.14,127.35
ORD-105572,2024-03-16,2024-03-19,Standard Class,CUST-1048,Home Office,Central,Birmingham,Technology,Phones,5,982.86,0.3,3440.01,-732.04
ORD-101400,2024-03-16,2024-03-23,First Class,CUST-1871,Home Office,Central,Leicester,Technology,Machines,5,1041.28,0.1,4685.76,-550.12
ORD-102200,2024-03-16,2024-03-17,Standard Class,CUST-1760,Consumer,East,Cambridge,Office Supplies,Paper,1,35.12,0.0,35.12,5.26
ORD-100665,2024-03-16,2024-03-21,First Class,CUST-1362,Corporate,North,Sheffield,Office Supplies,Art,2,48.41,0.0,96.82,31.41
ORD-102580,2024-03-16,2024-03-20,Standard Class,CUST-1081,Corporate,North,Leeds,Office Supplies,Paper,1,96.24,0.15,81.8,18.5
ORD-101410,2024-03-17,2024-03-20,Standard Class,CUST-2197,Consumer,South,Reading,Furniture,Bookcases,4,828.83,0.0,3315.32,121.92
ORD-101867,2024-03-17,2024-03-20,Second Class,CUST-2259,Corporate,South,Southampton,Furniture,Furnishings,1,377.69,0.4,226.61,-33.56
ORD-102554,2024-03-17,2024-03-22,First Class,CUST-1407,Consumer,West,Exeter,Technology,Phones,5,432.31,0.1,1945.4,314.63
ORD-100653,2024-03-17,2024-03-19,Second Class,CUST-2348,Corporate,East,Cambridge,Technology,Machines,3,1071.77,0.1,2893.78,530.57
ORD-102465,2024-03-17,2024-03-21,First Class,CUST-2006,Home Office,South,Portsmouth,Office Supplies,Labels,2,15.12,0.3,21.17,0.34
ORD-101945,2024-03-17,2024-03-23,Standard Class,CUST-2394,Consumer,West,Bristol,Office Supplies,Binders,1,78.47,0.2,62.78,13.43
ORD-104715,2024-03-17,2024-03-19,Standard Class,CUST-2105,Corporate,West,Bristol,Furniture,Chairs,2,585.45,0.1,1053.81,-102.07
ORD-100891,2024-03-17,2024-03-20,Standard Class,CUST-1115,Corporate,North,Manchester,Office Supplies,Art,1,83.31,0.0,83.31,25.6
ORD-106436,2024-03-18,2024-03-25,Standard Class,CUST-1970,Consumer,South,Southampton,Office Supplies,Art,2,35.2,0.0,70.4,9.45
ORD-101504,2024-03-18,2024-03-19,Standard Class,CUST-1646,Corporate,West,Cardiff,Technology,Phones,1,1554.15,0.3,1087.9,83.37
ORD-100479,2024-03-18,2024-03-22,Standard Class,CUST-1845,Corporate,North,Leeds,Technology,Machines,5,53.14,0.2,212.56,28.8
ORD-105625,2024-03-18,2024-03-21,Standard Class,CUST-1076,Home Office,East,Ipswich,Office Supplies,Paper,3,81.05,0.2,194.52,-11.58
ORD-106078,2024-03-18,2024-03-20,Standard Class,CUST-2024,Corporate,Central,Nottingham,Office Supplies,Art,2,22.76,0.1,40.97,7.1
ORD-102032,2024-03-18,2024-03-20,First Class,CUST-2013,Consumer,Central,Leicester,Office Supplies,Paper,2,102.2,0.5,102.2,3.79
ORD-104151,2024-03-18,2024-03-22,Standard Class,CUST-1482,Consumer,South,Southampton,Technology,Copiers,5,927.35,0.3,3245.72,87.69
ORD-102978,2024-03-19,2024-03-21,Standard Class,CUST-1505,Corporate,South,Portsmouth,Furniture,Chairs,1,528.6,0.4,317.16,-50.67
ORD-102071,2024-03-19,2024-03-23,Standard Class,CUST-2495,Corporate,East,Ipswich,Furniture,Tables,1,783.75,0.15,666.19,-32.18
ORD-102730,2024-03-19,2024-03-21,Standard Class,CUST-2216,Home Office,West,Plymouth,Office Supplies,Paper,1,21.9,0.0,21.9,5.42
ORD-104763,2024-03-19,2024-03-22,Same Day,CUST-1440,Home Office,West,Plymouth,Furniture,Tables,2,155.74,0.2,249.18,-36.01
ORD-102326,2024-03-19,2024-03-24,Standard Class,CUST-2338,Home Office,Central,Leicester,Office Supplies,Binders,2,84.92,0.2,135.87,7.08
ORD-102481,2024-03-19,2024-03-20,Standard Class,CUST-2413,Home Office,North,Sheffield,Technology,Copiers,2,1278.24,0.4,1533.89,38.61
ORD-102337,2024-03-19,2024-03-23,Second Class,CUST-1779,Consumer,Central,Birmingham,Office Supplies,Labels,1,91.2,0.0,91.2,18.88
ORD-100383,2024-03-19,2024-03-22,Standard Class,CUST-1786,Corporate,Central,Coventry,Technology,Phones,3,1497.16,0.0,4491.48,1198.72
ORD-104855,2024-03-19,2024-03-22,Same Day,CUST-2345,Consumer,Central,Nottingham,Furniture,Chairs,6,416.16,0.1,2247.26,-48.44
ORD-105000,2024-03-20,2024-03-24,Standard Class,CUST-2354,Corporate,West,Cardiff,Office Supplies,Paper,1,18.41,0.0,18.41,6.18
ORD-103169,2024-03-20,2024-03-24,Standard Class,CUST-2252,Corporate,North,Manchester,Technology,Accessories,5,447.06,0.0,2235.3,93.56
ORD-103268,2024-03-20,2024-03-25,Standard Class,CUST-2409,Consumer,West,Cardiff,Office Supplies,Art,1,67.42,0.15,57.31,3.11
ORD-105877,2024-03-20,2024-03-23,Standard Class,CUST-2328,Consumer,North,Leeds,Technology,Accessories,6,620.63,0.1,3351.4,263.6
ORD-106247,2024-03-21,2024-03-23,First Class,CUST-1674,Home Office,Central,Nottingham,Furniture,Furnishings,4,858.35,0.3,2403.38,-7.93
ORD-102267,2024-03-21,2024-03-24,Second Class,CUST-2096,Consumer,East,Cambridge,Office Supplies,Storage,2,12.19,0.3,17.07,0.94
ORD-104268,2024-03-21,2024-03-23,Standard Class,CUST-1529,Corporate,West,Plymouth,Office Supplies,Storage,6,33.91,0.1,183.11,21.15
ORD-100836,2024-03-21,2024-03-24,Standard Class,CUST-1271,Corporate,East,Ipswich,Technology,Copiers,1,404.73,0.0,404.73,8.25
ORD-101052,2024-03-21,2024-03-26,Standard Class,CUST-1896,Home Office,West,Exeter,Furniture,Tables,4,244.11,0.15,829.97,-4.99
ORD-106409,2024-03-21,2024-03-25,Standard Class,CUST-1997,Home Office,North,Sheffield,Furniture,Bookcases,3,98.87,0.0,296.61,5.56
ORD-100229,2024-03-21,2024-03-26,Second Class,CUST-1476,Home Office,West,Cardiff,Furniture,Tables,3,783.82,0.0,2351.46,318.92
ORD-102693,2024-03-22,2024-03-26,Second Class,CUST-1461,Corporate,North,Manchester,Furniture,Tables,4,389.47,0.2,1246.3,-137.68
ORD-103158,2024-03-22,2024-03-27,Standard Class,CUST-1944,Consumer,East,Peterborough,Office Supplies,Binders,1,62.93,0.1,56.64,1.92
ORD-104430,2024-03-22,2024-03-26,Standard Class,CUST-1854,Consumer,South,Southampton,Office Supplies,Storage,1,15.61,0.3,10.93,1.63
ORD-102437,2024-03-22,2024-03-25,Standard Class,CUST-1698,Consumer,North,Sheffield,Office Supplies,Paper,1,4.09,0.0,4.09,0.79
ORD-101841,2024-03-22,2024-03-26,Standard Class,CUST-1330,Consumer,West,Cardiff,Furniture,Furnishings,6,848.09,0.15,4325.26,-282.66
ORD-102066,2024-03-22,2024-03-26,Second Class,CUST-1646,Consumer,North,Newcastle,Technology,Machines,3,1599.21,0.0,4797.63,1417.71
ORD-103299,2024-03-23,2024-03-30,Second Class,CUST-1570,Consumer,South,Brighton,Technology,Machines,2,692.89,0.1,1247.2,218.91
ORD-102163,2024-03-23,2024-03-28,Standard Class,CUST-1155,Consumer,Central,Birmingham,Furniture,Chairs,2,602.38,0.2,963.81,-96.92
ORD-105539,2024-03-23,2024-03-29,Standard Class,CUST-1189,Corporate,Central,Coventry,Office Supplies,Binders,3,104.65,0.0,313.95,56.31
ORD-103820,2024-03-23,2024-03-28,First Class,CUST-1657,Corporate,North,Newcastle,Technology,Accessories,1,1735.65,0.0,1735.65,468.44
ORD-105268,2024-03-23,2024-03-26,Standard Class,CUST-1341,Corporate,South,Brighton,Furniture,Furnishings,1,485.2,0.2,388.16,-6.66
ORD-102233,2024-03-23,2024-03-27,Standard Class,CUST-1899,Consumer,North,Newcastle,Technology,Machines,2,1753.23,0.0,3506.46,295.12
ORD-106032,2024-03-24,2024-03-27,Standard Class,CUST-1148,Consumer,Central,Coventry,Office Supplies,Binders,1,88.87,0.5,44.44,-8.63
ORD-104559,2024-03-24,2024-03-30,Second Class,CUST-2074,Home Office,West,Plymouth,Furniture,Bookcases,1,471.54,0.2,377.23,6.41
ORD-101942,2024-03-24,2024-03-26,Standard Class,CUST-1865,Home Office,Central,Nottingham,Office Supplies,Labels,3,55.16,0.5,82.74,-5.51
ORD-103962,2024-03-24,2024-03-28,Standard Class,CUST-1682,Home Office,South,Brighton,Technology,Machines,2,993.71,0.1,1788.68,300.53
ORD-102119,2024-03-24,2024-03-31,Same Day,CUST-1269,Consumer,Central,Coventry,Office Supplies,Art,1,51.61,0.0,51.61,17.35
ORD-100931,2024-03-24,2024-03-27,Standard Class,CUST-1003,Consumer,North,Sheffield,Furniture,Bookcases,2,291.58,0.0,583.16,74.75
ORD-104328,2024-03-24,2024-03-30,Second Class,CUST-1206,Corporate,North,Manchester,Office Supplies,Labels,1,16.78,0.5,8.39,-1.46
ORD-101368,2024-03-24,2024-03-26,Standard Class,CUST-1530,Corporate,East,Norwich,Office Supplies,Labels,2,13.62,0.0,27.24,8.37
ORD-100183,2024-03-24,2024-03-29,Standard Class,CUST-2236,Consumer,East,Ipswich,Office Supplies,Paper,1,59.86,0.1,53.87,0.17
ORD-104231,2024-03-24,2024-03-29,Standard Class,CUST-1681,Consumer,South,Reading,Furniture,Chairs,2,855.32,0.0,1710.64,-50.91
ORD-101670,2024-03-25,2024-03-27,First Class,CUST-2411,Consumer,Central,Coventry,Office Supplies,Storage,3,60.19,0.3,126.4,-11.87
ORD-101241,2024-03-25,2024-03-29,Standard Class,CUST-1322,Home Office,East,Ipswich,Office Supplies,Art,2,86.91,0.2,139.06,28.02
ORD-101719,2024-03-25,2024-03-29,Standard Class,CUST-1821,Consumer,South,Brighton,Technology,Machines,6,1133.07,0.0,6798.42,-362.31
ORD-102391,2024-03-25,2024-03-29,Standard Class,CUST-1219,Corporate,South,Brighton,Technology,Copiers,1,1341.33,0.0,1341.33,174.28
ORD-104858,2024-03-25,2024-03-29,Standard Class,CUST-1179,Corporate,Central,Nottingham,Technology,Accessories,3,308.38,0.3,647.6,-111.07
ORD-102408,2024-03-25,2024-03-30,Second Class,CUST-1811,Consumer,North,Sheffield,Technology,Accessories,2,1234.02,0.1,2221.24,-312.63
ORD-106351,2024-03-25,2024-03-29,Standard Class,CUST-2298,Corporate,South,Reading,Technology,Accessories,1,1337.88,0.0,1337.88,191.94
ORD-101644,2024-03-25,2024-03-28,Standard Class,CUST-1653,Consumer,North,Newcastle,Office Supplies,Binders,2,71.18,0.15,121.01,24.56
ORD-103835,2024-03-25,2024-03-28,Second Class,CUST-1625,Corporate,Central,Nottingham,Furniture,Tables,3,829.34,0.15,2114.82,-124.9
ORD-102110,2024-03-25,2024-03-31,Standard Class,CUST-1367,Consumer,East,Norwich,Technology,Phones,2,1062.39,0.0,2124.78,498.73
ORD-104758,2024-03-26,2024-03-28,Standard Class,CUST-1743,Consumer,West,Exeter,Furniture,Chairs,5,332.71,0.0,1663.55,-18.59
ORD-101078,2024-03-26,2024-03-30,First Class,CUST-1517,Consumer,West,Plymouth,Office Supplies,Labels,1,35.87,0.1,32.28,1.03
ORD-102538,2024-03-26,2024-03-28,Standard Class,CUST-2400,Consumer,South,Southampton,Office Supplies,Art,4,86.11,0.0,344.44,107.81
ORD-104378,2024-03-26,2024-03-31,Standard Class,CUST-2333,Consumer,West,Exeter,Technology,Machines,6,1150.89,0.4,4143.2,-958.26
ORD-104343,2024-03-26,2024-03-30,Second Class,CUST-1402,Corporate,North,Leeds,Office Supplies,Binders,6,85.12,0.1,459.65,52.55
ORD-100556,2024-03-26,2024-04-01,Standard Class,CUST-2119,Home Office,East,Ipswich,Technology,Accessories,3,495.05,0.4,891.09,-46.35
ORD-103484,2024-03-26,2024-03-31,Standard Class,CUST-1868,Home Office,North,Sheffield,Office Supplies,Paper,5,25.63,0.0,128.15,19.99
ORD-103486,2024-03-26,2024-03-29,Standard Class,CUST-1151,Consumer,North,Sheffield,Office Supplies,Labels,1,3.69,0.1,3.32,0.63
ORD-104180,2024-03-26,2024-04-01,Standard Class,CUST-1453,Consumer,East,Ipswich,Furniture,Bookcases,2,464.33,0.4,557.2,-151.52
ORD-100675,2024-03-27,2024-04-01,Standard Class,CUST-1598,Consumer,Central,Coventry,Office Supplies,Paper,2,72.49,0.0,144.98,24.6
ORD-102830,2024-03-27,2024-03-30,Second Class,CUST-2429,Home Office,South,Brighton,Furniture,Furnishings,2,755.11,0.3,1057.15,-110.75
ORD-102065,2024-03-27,2024-03-31,Standard Class,CUST-1318,Home Office,East,Cambridge,Office Supplies,Art,1,100.47,0.2,80.38,1.01
ORD-100919,2024-03-27,2024-04-01,Standard Class,CUST-1838,Home Office,North,Sheffield,Technology,Machines,4,844.71,0.5,1689.42,-108.74
ORD-100588,2024-03-27,2024-03-30,Standard Class,CUST-2060,Consumer,West,Cardiff,Office Supplies,Labels,2,64.84,0.2,103.74,15.63
ORD-103254,2024-03-27,2024-03-30,Standard Class,CUST-1870,Consumer,North,Leeds,Furniture,Tables,4,735.2,0.0,2940.8,304.71
ORD-105173,2024-03-27,2024-03-31,Standard Class,CUST-2317,Consumer,East,Cambridge,Technology,Accessories,2,1249.97,0.0,2499.94,-106.85
ORD-103148,2024-03-28,2024-04-01,Standard Class,CUST-1525,Home Office,East,Cambridge,Furniture,Tables,5,620.54,0.1,2792.43,43.83
ORD-105329,2024-03-28,2024-03-29,First Class,CUST-1614,Consumer,East,Ipswich,Office Supplies,Labels,2,68.16,0.0,136.32,28.08
ORD-106488,2024-03-28,2024-04-03,Second Class,CUST-2191,Consumer,Central,Birmingham,Technology,Phones,2,393.04,0.0,786.08,97.43
ORD-101095,2024-03-28,2024-03-31,Same Day,CUST-1389,Corporate,North,Leeds,Technology,Copiers,2,745.71,0.0,1491.42,344.17
ORD-101774,2024-03-28,2024-04-01,Standard Class,CUST-1310,Corporate,East,Cambridge,Office Supplies,Art,2,43.3,0.0,86.6,12.47
ORD-101035,2024-03-29,2024-04-01,First Class,CUST-2004,Corporate,South,Brighton,Office Supplies,Binders,2,82.5,0.15,140.25,-3.98
ORD-102882,2024-03-29,2024-04-01,First Class,CUST-1184,Corporate,North,Manchester,Furniture,Chairs,2,601.82,0.15,1023.09,49.85
ORD-106343,2024-03-29,2024-04-02,Standard Class,CUST-1957,Home Office,West,Exeter,Office Supplies,Storage,2,57.81,0.0,115.62,23.85
ORD-105113,2024-03-30,2024-04-04,Standard Class,CUST-2188,Corporate,North,Leeds,Office Supplies,Binders,1,114.41,0.4,68.65,2.9
ORD-105763,2024-03-30,2024-04-03,Standard Class,CUST-2362,Consumer,North,Newcastle,Furniture,Bookcases,1,220.8,0.2,176.64,-25.62
ORD-102299,2024-03-30,2024-04-04,First Class,CUST-1646,Corporate,South,Portsmouth,Technology,Copiers,4,529.59,0.0,2118.36,229.97
ORD-101908,2024-03-30,2024-04-03,Second Class,CUST-2026,Consumer,Central,Coventry,Office Supplies,Storage,2,110.49,0.1,198.88,49.01
ORD-103346,2024-03-31,2024-04-07,Standard Class,CUST-2023,Home Office,South,Southampton,Office Supplies,Binders,1,80.61,0.0,80.61,27.87
ORD-104368,2024-03-31,2024-04-03,Standard Class,CUST-1136,Home Office,Central,Leicester,Office Supplies,Binders,2,24.9,0.0,49.8,14.0
ORD-100035,2024-03-31,2024-04-03,Second Class,CUST-1347,Corporate,East,Norwich,Furniture,Furnishings,3,751.14,0.2,1802.74,-24.09
ORD-100192,2024-03-31,2024-04-05,Standard Class,CUST-1882,Corporate,East,Peterborough,Furniture,Tables,4,291.64,0.3,816.59,-10.51
ORD-103375,2024-03-31,2024-04-05,First Class,CUST-2153,Corporate,Central,Leicester,Furniture,Chairs,2,850.68,0.15,1446.16,-176.82
ORD-101044,2024-03-31,2024-04-03,Standard Class,CUST-1142,Consumer,West,Bristol,Office Supplies,Paper,1,91.76,0.15,78.0,16.02
ORD-101494,2024-03-31,2024-04-07,Second Class,CUST-1357,Home Office,Central,Nottingham,Office Supplies,Labels,4,50.64,0.0,202.56,38.28
ORD-101432,2024-04-01,2024-04-03,Standard Class,CUST-1987,Home Office,East,Norwich,Technology,Copiers,1,1198.9,0.1,1079.01,42.9
ORD-102801,2024-04-01,2024-04-02,Standard Class,CUST-1693,Consumer,Central,Nottingham,Furniture,Tables,3,854.11,0.0,2562.33,25.56
ORD-106440,2024-04-01,2024-04-08,First Class,CUST-1881,Corporate,West,Bristol,Furniture,Bookcases,1,528.38,0.3,369.87,-29.71
ORD-100275,2024-04-02,2024-04-04,Standard Class,CUST-2399,Consumer,South,Southampton,Office Supplies,Labels,4,20.19,0.0,80.76,24.99
ORD-105367,2024-04-02,2024-04-06,Same Day,CUST-1713,Consumer,North,Sheffield,Technology,Machines,2,1776.44,0.0,3552.88,-312.69
ORD-102727,2024-04-02,2024-04-07,Standard Class,CUST-1166,Consumer,East,Peterborough,Furniture,Tables,1,896.04,0.1,806.44,4.35
ORD-104197,2024-04-02,2024-04-07,Standard Class,CUST-2224,Home Office,North,Leeds,Office Supplies,Binders,3,62.16,0.0,186.48,59.57
ORD-103340,2024-04-02,2024-04-07,Standard Class,CUST-1353,Corporate,Central,Nottingham,Furniture,Furnishings,4,183.1,0.15,622.54,-21.4
ORD-106069,2024-04-02,2024-04-07,Standard Class,CUST-2118,Corporate,East,Cambridge,Office Supplies,Labels,2,9.77,0.1,17.59,1.92
ORD-104280,2024-04-02,2024-04-08,Standard Class,CUST-1999,Corporate,South,Portsmouth,Furniture,Furnishings,2,422.9,0.5,422.9,-143.06
ORD-103386,2024-04-02,2024-04-06,Standard Class,CUST-1651,Consumer,East,Peterborough,Technology,Machines,2,1303.36,0.15,2215.71,246.82
ORD-106178,2024-04-02,2024-04-07,Standard Class,CUST-1205,Consumer,North,Newcastle,Office Supplies,Labels,2,39.35,0.1,70.83,2.07
ORD-104296,2024-04-02,2024-04-04,Standard Class,CUST-2180,Consumer,East,Peterborough,Furniture,Furnishings,4,451.99,0.1,1627.16,166.84
ORD-102755,2024-04-02,2024-04-05,Standard Class,CUST-1194,Corporate,Central,Nottingham,Technology,Phones,1,958.2,0.0,958.2,80.89
ORD-101698,2024-04-02,2024-04-05,Standard Class,CUST-1443,Corporate,North,Manchester,Technology,Copiers,2,1378.57,0.0,2757.14,692.8
ORD-101325,2024-04-02,2024-04-04,Second Class,CUST-2325,Consumer,South,Reading,Office Supplies,Binders,1,108.82,0.1,97.94,21.95
ORD-103374,2024-04-03,2024-04-07,Second Class,CUST-2031,Consumer,South,Southampton,Furniture,Tables,4,235.89,0.1,849.2,93.65
ORD-102106,2024-04-03,2024-04-05,Second Class,CUST-1539,Consumer,South,Southampton,Technology,Accessories,2,1230.9,0.15,2092.53,266.67
ORD-105952,2024-04-03,2024-04-06,Standard Class,CUST-1243,Consumer,West,Cardiff,Technology,Copiers,1,767.75,0.1,690.98,-36.94
ORD-103626,2024-04-03,2024-04-06,Standard Class,CUST-1960,Consumer,West,Exeter,Furniture,Tables,1,523.41,0.1,471.07,-13.98
ORD-104127,2024-04-03,2024-04-06,Standard Class,CUST-1281,Consumer,West,Bristol,Technology,Machines,1,1625.49,0.0,1625.49,173.22
ORD-104156,2024-04-03,2024-04-07,Standard Class,CUST-2078,Corporate,East,Peterborough,Office Supplies,Labels,4,107.39,0.0,429.56,67.66
ORD-103326,2024-04-03,2024-04-07,Standard Class,CUST-1136,Consumer,Central,Coventry,Technology,Machines,4,1058.54,0.1,3810.74,256.46
ORD-101695,2024-04-03,2024-04-07,Standard Class,CUST-2303,Home Office,North,Newcastle,Office Supplies,Binders,3,35.55,0.0,106.65,6.03
ORD-102303,2024-04-03,2024-04-09,Second Class,CUST-1539,Home Office,South,Southampton,Technology,Machines,3,1313.79,0.15,3350.16,381.65
ORD-100662,2024-04-04,2024-04-11,First Class,CUST-2193,Corporate,North,Newcastle,Technology,Phones,1,354.31,0.15,301.16,28.62
ORD-105493,2024-04-04,2024-04-08,Standard Class,CUST-2394,Corporate,West,Bristol,Technology,Phones,6,959.96,0.0,5759.76,452.4
ORD-103317,2024-04-04,2024-04-07,First Class,CUST-1070,Consumer,West,Bristol,Office Supplies,Paper,4,47.05,0.2,150.56,28.06
ORD-103262,2024-04-04,2024-04-05,Standard Class,CUST-2056,Home Office,West,Plymouth,Technology,Phones,4,1222.84,0.5,2445.68,-64.5
ORD-103604,2024-04-04,2024-04-06,Second Class,CUST-1874,Consumer,West,Bristol,Office Supplies,Storage,2,34.9,0.0,69.8,11.59
ORD-103223,2024-04-04,2024-04-08,Standard Class,CUST-1304,Consumer,East,Ipswich,Technology,Phones,2,434.31,0.0,868.62,2.67
ORD-106057,2024-04-05,2024-04-11,Standard Class,CUST-1280,Home Office,North,Newcastle,Technology,Copiers,2,788.01,0.2,1260.82,-272.08
ORD-101145,2024-04-05,2024-04-11,Standard Class,CUST-1807,Home Office,South,Southampton,Office Supplies,Labels,4,110.69,0.3,309.93,48.23
ORD-101337,2024-04-05,2024-04-11,Standard Class,CUST-2053,Consumer,West,Bristol,Technology,Machines,3,1013.69,0.1,2736.96,-161.08
ORD-104223,2024-04-05,2024-04-07,Same Day,CUST-1829,Corporate,South,Brighton,Technology,Phones,3,225.91,0.0,677.73,25.87
ORD-102707,2024-04-06,2024-04-11,Standard Class,CUST-1964,Home Office,East,Ipswich,Technology,Machines,1,610.86,0.1,549.77,49.9
ORD-105237,2024-04-06,2024-04-07,Standard Class,CUST-1883,Consumer,South,Brighton,Office Supplies,Art,4,103.4,0.15,351.56,-5.44
ORD-100368,2024-04-06,2024-04-09,Standard Class,CUST-1873,Corporate,South,Portsmouth,Office Supplies,Binders,1,119.34,0.0,119.34,7.89
ORD-100138,2024-04-06,2024-04-07,First Class,CUST-1466,Corporate,Central,Birmingham,Technology,Machines,3,1114.73,0.0,3344.19,359.04
ORD-103889,2024-04-06,2024-04-07,Standard Class,CUST-2011,Consumer,Central,Birmingham,Office Supplies,Paper,2,102.92,0.0,205.84,64.13
ORD-103426,2024-04-06,2024-04-13,Standard Class,CUST-1924,Home Office,North,Manchester,Office Supplies,Labels,3,38.77,0.2,93.05,-3.02
ORD-105056,2024-04-07,2024-04-14,Second Class,CUST-1126,Consumer,South,Reading,Office Supplies,Binders,1,15.99,0.1,14.39,0.15
ORD-106338,2024-04-07,2024-04-10,Same Day,CUST-2152,Corporate,East,Cambridge,Technology,Machines,4,845.94,0.15,2876.2,207.79
ORD-105948,2024-04-07,2024-04-11,Second Class,CUST-2226,Corporate,West,Exeter,Furniture,Bookcases,1,629.45,0.0,629.45,72.09
ORD-103354,2024-04-07,2024-04-13,First Class,CUST-1816,Consumer,Central,Nottingham,Technology,Copiers,1,797.72,0.0,797.72,39.36
ORD-105944,2024-04-07,2024-04-09,Standard Class,CUST-1620,Corporate,Central,Nottingham,Furniture,Chairs,1,570.9,0.15,485.26,-32.62
ORD-105823,2024-04-07,2024-04-08,Same Day,CUST-1349,Consumer,Central,Coventry,Office Supplies,Art,3,105.79,0.0,317.37,101.27
ORD-102475,2024-04-07,2024-04-10,Second Class,CUST-2312,Corporate,West,Bristol,Office Supplies,Binders,4,26.33,0.1,94.79,11.77
ORD-102036,2024-04-07,2024-04-10,First Class,CUST-1961,Consumer,West,Cardiff,Office Supplies,Paper,2,58.48,0.1,105.26,7.81
ORD-100237,2024-04-07,2024-04-10,Standard Class,CUST-2131,Corporate,South,Brighton,Office Supplies,Paper,1,114.32,0.0,114.32,8.87
ORD-100785,2024-04-07,2024-04-10,Second Class,CUST-2038,Corporate,North,Sheffield,Furniture,Furnishings,3,448.49,0.1,1210.92,-53.87
ORD-101849,2024-04-08,2024-04-12,Standard Class,CUST-1552,Consumer,East,Cambridge,Office Supplies,Binders,1,64.14,0.15,54.52,-0.95
ORD-100019,2024-04-08,2024-04-10,Standard Class,CUST-1625,Consumer,South,Reading,Technology,Copiers,2,1523.48,0.4,1828.18,-570.09
ORD-100357,2024-04-08,2024-04-12,Standard Class,CUST-1950,Consumer,West,Plymouth,Office Supplies,Art,4,109.38,0.0,437.52,120.49
ORD-103206,2024-04-08,2024-04-13,First Class,CUST-1174,Consumer,Central,Nottingham,Technology,Machines,1,336.18,0.3,235.33,11.23
ORD-103322,2024-04-08,2024-04-11,Second Class,CUST-1443,Consumer,East,Norwich,Technology,Copiers,5,1075.17,0.0,5375.85,-92.12
ORD-104532,2024-04-08,2024-04-11,Standard Class,CUST-1802,Consumer,West,Exeter,Furniture,Tables,2,260.98,0.0,521.96,-5.27
ORD-100530,2024-04-08,2024-04-13,Standard Class,CUST-2153,Corporate,West,Bristol,Office Supplies,Labels,1,9.38,0.15,7.97,1.61
ORD-103138,2024-04-08,2024-04-09,Standard Class,CUST-1065,Consumer,South,Portsmouth,Office Supplies,Storage,1,49.99,0.0,49.99,4.53
ORD-100449,2024-04-09,2024-04-12,First Class,CUST-2254,Consumer,North,Leeds,Technology,Machines,3,556.71,0.1,1503.12,-183.04
ORD-103784,2024-04-09,2024-04-12,Standard Class,CUST-2333,Corporate,South,Reading,Furniture,Bookcases,2,896.75,0.15,1524.47,33.24
ORD-101383,2024-04-09,2024-04-11,Second Class,CUST-1421,Consumer,West,Exeter,Technology,Machines,1,351.0,0.0,351.0,31.12
ORD-106204,2024-04-09,2024-04-12,Standard Class,CUST-1480,Consumer,East,Ipswich,Office Supplies,Binders,2,112.8,0.1,203.04,36.58
ORD-102091,2024-04-09,2024-04-12,Second Class,CUST-1593,Consumer,North,Manchester,Office Supplies,Storage,1,72.21,0.15,61.38,9.59
ORD-104098,2024-04-09,2024-04-12,Second Class,CUST-2265,Consumer,West,Exeter,Office Supplies,Binders,3,25.21,0.1,68.07,7.43
ORD-104388,2024-04-09,2024-04-13,First Class,CUST-1587,Corporate,Central,Coventry,Office Supplies,Storage,4,63.28,0.1,227.81,15.14
ORD-101277,2024-04-09,2024-04-11,Standard Class,CUST-2254,Consumer,Central,Nottingham,Technology,Copiers,4,1068.9,0.0,4275.6,141.78
ORD-104409,2024-04-09,2024-04-13,First Class,CUST-1226,Home Office,West,Exeter,Technology,Phones,3,692.78,0.1,1870.51,359.41
ORD-102940,2024-04-10,2024-04-15,Standard Class,CUST-1171,Consumer,South,Portsmouth,Furniture,Chairs,1,453.63,0.1,408.27,-40.71
ORD-103525,2024-04-10,2024-04-13,Standard Class,CUST-1037,Corporate,South,Reading,Office Supplies,Art,3,98.19,0.0,294.57,19.52
ORD-101629,2024-04-10,2024-04-13,Standard Class,CUST-1623,Consumer,West,Cardiff,Furniture,Chairs,1,715.13,0.4,429.08,-53.72
ORD-103573,2024-04-10,2024-04-13,Standard Class,CUST-1100,Corporate,North,Newcastle,Office Supplies,Art,2,15.77,0.3,22.08,-0.68
ORD-106118,2024-04-10,2024-04-14,Standard Class,CUST-2126,Corporate,West,Exeter,Furniture,Chairs,1,146.76,0.2,117.41,-9.01
ORD-104549,2024-04-10,2024-04-14,Standard Class,CUST-1556,Home Office,East,Cambridge,Furniture,Bookcases,1,221.81,0.0,221.81,23.89
ORD-100528,2024-04-10,2024-04-17,Standard Class,CUST-1544,Consumer,North,Leeds,Office Supplies,Labels,3,105.35,0.4,189.63,9.77
ORD-100134,2024-04-10,2024-04-13,First Class,CUST-1454,Consumer,East,Peterborough,Technology,Accessories,2,370.45,0.0,740.9,48.64
ORD-101006,2024-04-11,2024-04-13,Second Class,CUST-1134,Consumer,West,Exeter,Furniture,Chairs,1,159.82,0.0,159.82,8.32
ORD-101630,2024-04-11,2024-04-14,Standard Class,CUST-1034,Corporate,Central,Nottingham,Furniture,Tables,3,319.58,0.3,671.12,-120.8
ORD-101949,2024-04-11,2024-04-15,Second Class,CUST-1667,Consumer,Central,Leicester,Technology,Machines,2,1698.86,0.0,3397.72,255.15
ORD-105558,2024-04-11,2024-04-14,Standard Class,CUST-1622,Consumer,North,Manchester,Furniture,Furnishings,5,224.26,0.0,1121.3,58.15
ORD-106200,2024-04-11,2024-04-17,Standard Class,CUST-1238,Home Office,North,Manchester,Technology,Accessories,4,524.5,0.1,1888.2,289.83
ORD-100098,2024-04-11,2024-04-16,Standard Class,CUST-1241,Corporate,West,Bristol,Furniture,Chairs,2,236.69,0.0,473.38,60.8
ORD-103563,2024-04-11,2024-04-15,First Class,CUST-2484,Home Office,West,Exeter,Office Supplies,Art,5,116.38,0.0,581.9,90.87
ORD-104001,2024-04-11,2024-04-15,Standard Class,CUST-1005,Corporate,North,Manchester,Furniture,Chairs,2,578.19,0.0,1156.38,69.08
ORD-100883,2024-04-12,2024-04-16,Standard Class,CUST-2049,Consumer,West,Exeter,Furniture,Bookcases,3,412.52,0.5,618.78,-166.83
ORD-105169,2024-04-12,2024-04-13,Standard Class,CUST-1416,Corporate,East,Cambridge,Technology,Copiers,1,1320.78,0.0,1320.78,-93.94
ORD-101714,2024-04-12,2024-04-15,Second Class,CUST-1655,Home Office,Central,Coventry,Technology,Machines,4,1445.46,0.0,5781.84,714.16
ORD-103100,2024-04-12,2024-04-16,Standard Class,CUST-1029,Corporate,Central,Leicester,Office Supplies,Art,4,113.32,0.1,407.95,51.75
ORD-101453,2024-04-12,2024-04-16,Standard Class,CUST-2469,Corporate,West,Exeter,Furniture,Bookcases,1,826.05,0.15,702.14,-26.45
ORD-100898,2024-04-12,2024-04-17,First Class,CUST-1220,Corporate,West,Exeter,Technology,Phones,4,242.06,0.3,677.77,-77.52
ORD-101340,2024-04-12,2024-04-15,Standard Class,CUST-2388,Corporate,East,Peterborough,Office Supplies,Art,1,50.82,0.1,45.74,9.78
ORD-101047,2024-04-12,2024-04-16,Second Class,CUST-1683,Home Office,North,Sheffield,Office Supplies,Paper,1,75.16,0.0,75.16,21.37
ORD-100000,2024-04-12,2024-04-14,Standard Class,CUST-1343,Consumer,West,Bristol,Furniture,Bookcases,1,180.01,0.15,153.01,-19.44
ORD-100419,2024-04-12,2024-04-15,Standard Class,CUST-2425,Consumer,Central,Leicester,Technology,Machines,4,1060.01,0.15,3604.03,-148.42
ORD-100484,2024-04-12,2024-04-13,Standard Class,CUST-2387,Corporate,West,Plymouth,Technology,Copiers,1,338.18,0.4,202.91,-63.28
ORD-102460,2024-04-13,2024-04-15,Standard Class,CUST-2396,Corporate,Central,Birmingham,Technology,Phones,5,1522.88,0.2,6091.52,1033.49
ORD-104286,2024-04-13,2024-04-17,Standard Class,CUST-2455,Consumer,North,Leeds,Furniture,Chairs,3,386.74,0.0,1160.22,-35.13
ORD-104752,2024-04-13,2024-04-16,Standard Class,CUST-2211,Home Office,East,Cambridge,Technology,Copiers,3,438.76,0.5,658.14,-246.12
ORD-100791,2024-04-13,2024-04-16,Standard Class,CUST-1064,Consumer,East,Cambridge,Office Supplies,Art,1,52.47,0.0,52.47,2.96
ORD-101472,2024-04-13,2024-04-15,Standard Class,CUST-1095,Home Office,East,Ipswich,Office Supplies,Storage,6,92.09,0.0,552.54,137.06
ORD-102667,2024-04-13,2024-04-18,Second Class,CUST-1246,Corporate,West,Plymouth,Office Supplies,Art,1,10.04,0.4,6.02,0.46
ORD-101962,2024-04-14,2024-04-18,First Class,CUST-1555,Consumer,South,Portsmouth,Office Supplies,Storage,4,103.25,0.0,413.0,38.41
ORD-100858,2024-04-14,2024-04-19,Standard Class,CUST-2405,Consumer,North,Manchester,Technology,Copiers,1,1186.95,0.2,949.56,166.44
ORD-105102,2024-04-14,2024-04-16,Standard Class,CUST-1503,Consumer,East,Ipswich,Furniture,Tables,2,115.03,0.2,184.05,-12.34
ORD-101612,2024-04-14,2024-04-15,Standard Class,CUST-2125,Home Office,East,Ipswich,Furniture,Tables,1,554.98,0.0,554.98,59.01
ORD-104724,2024-04-14,2024-04-17,Second Class,CUST-1310,Corporate,Central,Nottingham,Technology,Accessories,1,1795.44,0.15,1526.12,257.84
ORD-102874,2024-04-14,2024-04-21,Standard Class,CUST-1067,Consumer,East,Ipswich,Furniture,Furnishings,6,614.76,0.2,2950.85,-414.55
ORD-105871,2024-04-14,2024-04-15,First Class,CUST-1358,Corporate,South,Brighton,Furniture,Chairs,3,320.5,0.4,576.9,-45.35
ORD-103298,2024-04-14,2024-04-17,Second Class,CUST-1690,Corporate,South,Southampton,Furniture,Furnishings,6,393.93,0.1,2127.22,27.04
ORD-102111,2024-04-14,2024-04-21,Standard Class,CUST-2343,Consumer,North,Leeds,Furniture,Chairs,1,332.74,0.0,332.74,44.88
ORD-103988,2024-04-14,2024-04-20,Standard Class,CUST-1691,Consumer,South,Reading,Technology,Machines,4,1698.73,0.0,6794.92,1558.54
ORD-100523,2024-04-14,2024-04-17,Standard Class,CUST-1164,Corporate,North,Newcastle,Office Supplies,Storage,2,72.18,0.3,101.05,13.81
ORD-101800,2024-04-15,2024-04-17,Second Class,CUST-2266,Consumer,East,Ipswich,Furniture,Bookcases,3,246.06,0.3,516.73,-60.47
ORD-103865,2024-04-15,2024-04-17,Standard Class,CUST-2091,Corporate,South,Brighton,Technology,Accessories,5,802.12,0.1,3609.54,819.2
ORD-103647,2024-04-15,2024-04-21,Standard Class,CUST-1803,Home Office,Central,Nottingham,Technology,Accessories,2,446.4,0.0,892.8,131.14
ORD-100522,2024-04-15,2024-04-19,First Class,CUST-2475,Consumer,West,Cardiff,Furniture,Tables,5,517.87,0.15,2200.95,149.12
ORD-102332,2024-04-15,2024-04-19,First Class,CUST-1327,Corporate,South,Portsmouth,Office Supplies,Binders,3,54.37,0.1,146.8,4.04
ORD-103342,2024-04-15,2024-04-19,Standard Class,CUST-1809,Corporate,Central,Coventry,Furniture,Furnishings,3,488.08,0.0,1464.24,-14.65
ORD-100516,2024-04-15,2024-04-22,Standard Class,CUST-1183,Corporate,South,Brighton,Office Supplies,Paper,4,67.27,0.4,161.45,15.23
ORD-104182,2024-04-16,2024-04-20,Standard Class,CUST-2161,Consumer,Central,Nottingham,Furniture,Tables,3,855.32,0.0,2565.96,14.66
ORD-103841,2024-04-16,2024-04-18,First Class,CUST-1678,Consumer,North,Leeds,Furniture,Tables,4,71.23,0.0,284.92,36.67
ORD-100796,2024-04-16,2024-04-19,Standard Class,CUST-1385,Home Office,Central,Nottingham,Technology,Machines,3,473.92,0.0,1421.76,86.95
ORD-104030,2024-04-16,2024-04-18,Standard Class,CUST-1436,Consumer,West,Bristol,Technology,Copiers,4,1566.34,0.3,4385.75,-650.32
ORD-100602,2024-04-16,2024-04-18,Standard Class,CUST-2079,Home Office,Central,Birmingham,Technology,Copiers,2,1315.39,0.1,2367.7,-224.92
ORD-101824,2024-04-16,2024-04-20,Second Class,CUST-1563,Corporate,Central,Leicester,Office Supplies,Labels,5,119.21,0.15,506.64,120.76
ORD-101851,2024-04-17,2024-04-20,Second Class,CUST-1188,Corporate,West,Cardiff,Furniture,Bookcases,3,579.08,0.15,1476.65,-76.13
ORD-104979,2024-04-17,2024-04-19,Same Day,CUST-1183,Consumer,North,Sheffield,Technology,Accessories,4,1766.6,0.0,7066.4,602.76
ORD-105594,2024-04-17,2024-04-19,Standard Class,CUST-1096,Corporate,West,Cardiff,Office Supplies,Binders,4,4.93,0.1,17.75,1.64
ORD-100146,2024-04-17,2024-04-22,First Class,CUST-1472,Corporate,North,Leeds,Office Supplies,Binders,1,25.69,0.3,17.98,1.21
ORD-105661,2024-04-17,2024-04-22,First Class,CUST-2400,Corporate,West,Cardiff,Office Supplies,Storage,2,28.78,0.2,46.05,7.83
ORD-103318,2024-04-17,2024-04-20,First Class,CUST-1597,Home Office,East,Norwich,Technology,Machines,1,325.21,0.15,276.43,-25.93
ORD-105968,2024-04-18,2024-04-22,Second Class,CUST-1972,Home Office,West,Plymouth,Technology,Accessories,2,1711.63,0.15,2909.77,-88.82
ORD-106219,2024-04-18,2024-04-22,Standard Class,CUST-1763,Corporate,West,Bristol,Furniture,Bookcases,6,121.85,0.1,657.99,23.28
ORD-102124,2024-04-18,2024-04-22,First Class,CUST-1940,Home Office,East,Peterborough,Office Supplies,Art,5,39.01,0.0,195.05,10.85
ORD-104195,2024-04-18,2024-04-24,First Class,CUST-1571,Home Office,East,Ipswich,Technology,Phones,2,325.49,0.3,455.69,-110.47
ORD-100864,2024-04-18,2024-04-23,Second Class,CUST-2365,Consumer,North,Newcastle,Office Supplies,Storage,4,49.7,0.1,178.92,43.9
ORD-100446,2024-04-18,2024-04-20,Second Class,CUST-1038,Consumer,North,Sheffield,Furniture,Tables,2,628.78,0.15,1068.93,4.93
ORD-104872,2024-04-18,2024-04-22,Standard Class,CUST-1554,Corporate,North,Manchester,Office Supplies,Labels,3,91.53,0.2,219.67,0.44
ORD-106470,2024-04-18,2024-04-24,Standard Class,CUST-2366,Corporate,Central,Birmingham,Office Supplies,Binders,2,77.54,0.15,131.82,25.01
ORD-102438,2024-04-19,2024-04-22,First Class,CUST-2356,Consumer,North,Manchester,Office Supplies,Storage,2,25.89,0.0,51.78,17.25
ORD-103702,2024-04-19,2024-04-24,Standard Class,CUST-2156,Consumer,West,Plymouth,Furniture,Tables,2,777.26,0.2,1243.62,-115.32
ORD-106490,2024-04-19,2024-04-22,Standard Class,CUST-1425,Consumer,East,Ipswich,Technology,Machines,1,1707.22,0.1,1536.5,-229.52
ORD-100985,2024-04-19,2024-04-21,Standard Class,CUST-2294,Home Office,South,Portsmouth,Technology,Machines,2,1526.77,0.15,2595.51,287.18
ORD-102399,2024-04-19,2024-04-23,Standard Class,CUST-1007,Consumer,West,Exeter,Technology,Copiers,1,88.81,0.1,79.93,-0.17
ORD-102404,2024-04-19,2024-04-21,First Class,CUST-1146,Consumer,East,Ipswich,Office Supplies,Labels,1,5.94,0.0,5.94,0.89
ORD-103133,2024-04-20,2024-04-23,Standard Class,CUST-2080,Corporate,East,Cambridge,Office Supplies,Storage,2,83.69,0.3,117.17,16.0
ORD-104482,2024-04-20,2024-04-24,Standard Class,CUST-2450,Home Office,South,Portsmouth,Technology,Accessories,2,895.65,0.1,1612.17,45.54
ORD-104090,2024-04-20,2024-04-22,Standard Class,CUST-1456,Consumer,South,Southampton,Technology,Accessories,4,805.69,0.0,3222.76,-251.48
ORD-103221,2024-04-20,2024-04-26,Second Class,CUST-1244,Corporate,East,Norwich,Technology,Copiers,5,625.21,0.0,3126.05,921.53
ORD-101163,2024-04-20,2024-04-25,Standard Class,CUST-2181,Home Office,South,Reading,Office Supplies,Labels,1,41.88,0.1,37.69,5.65
ORD-103844,2024-04-20,2024-04-24,Second Class,CUST-2189,Consumer,West,Bristol,Furniture,Chairs,1,696.56,0.3,487.59,-78.67
ORD-101755,2024-04-20,2024-04-24,Standard Class,CUST-1138,Home Office,South,Southampton,Furniture,Furnishings,2,214.32,0.0,428.64,5.52
ORD-100485,2024-04-21,2024-04-25,Standard Class,CUST-1454,Home Office,North,Sheffield,Furniture,Tables,2,412.36,0.0,824.72,85.06
ORD-102976,2024-04-21,2024-04-24,Second Class,CUST-2361,Corporate,East,Norwich,Furniture,Furnishings,1,891.4,0.0,891.4,-26.24
ORD-103776,2024-04-21,2024-04-22,Standard Class,CUST-2449,Consumer,West,Bristol,Technology,Phones,1,895.61,0.3,626.93,25.86
ORD-105793,2024-04-21,2024-04-26,Standard Class,CUST-1337,Home Office,South,Brighton,Furniture,Chairs,5,894.18,0.0,4470.9,512.13
ORD-102853,2024-04-21,2024-04-22,Second Class,CUST-1812,Corporate,West,Cardiff,Furniture,Furnishings,1,614.45,0.4,368.67,-100.6
ORD-105909,2024-04-21,2024-04-24,Standard Class,CUST-2060,Consumer,North,Newcastle,Office Supplies,Binders,1,28.78,0.0,28.78,7.91
ORD-100972,2024-04-21,2024-04-26,Standard Class,CUST-1702,Consumer,Central,Coventry,Office Supplies,Labels,2,46.77,0.0,93.54,13.01
ORD-100868,2024-04-21,2024-04-24,Standard Class,CUST-2357,Corporate,East,Ipswich,Technology,Accessories,2,522.09,0.0,1044.18,-31.45
ORD-103403,2024-04-22,2024-04-23,First Class,CUST-1905,Corporate,West,Exeter,Technology,Machines,3,1214.45,0.1,3279.01,90.73
ORD-104499,2024-04-22,2024-04-25,First Class,CUST-1218,Home Office,Central,Nottingham,Furniture,Bookcases,1,745.8,0.3,522.06,-77.38
ORD-106415,2024-04-22,2024-04-27,Standard Class,CUST-2351,Consumer,Central,Coventry,Office Supplies,Art,1,98.58,0.3,69.01,-2.02
ORD-106060,2024-04-22,2024-04-26,Standard Class,CUST-1139,Consumer,West,Exeter,Technology,Phones,4,681.69,0.0,2726.76,678.65
ORD-100513,2024-04-22,2024-04-23,First Class,CUST-1476,Consumer,North,Newcastle,Office Supplies,Storage,3,34.86,0.0,104.58,13.14
ORD-106147,2024-04-22,2024-04-23,First Class,CUST-1075,Consumer,East,Ipswich,Office Supplies,Paper,3,107.34,0.4,193.21,-30.63
ORD-101622,2024-04-22,2024-04-26,Standard Class,CUST-1735,Consumer,South,Brighton,Furniture,Tables,5,805.49,0.1,3624.7,-366.78
ORD-101809,2024-04-22,2024-04-24,Second Class,CUST-1208,Home Office,West,Bristol,Furniture,Chairs,3,411.29,0.0,1233.87,134.2
ORD-101844,2024-04-22,2024-04-27,Standard Class,CUST-1700,Consumer,South,Southampton,Office Supplies,Storage,2,22.28,0.1,40.1,4.52
ORD-103981,2024-04-22,2024-04-25,Standard Class,CUST-1039,Consumer,North,Leeds,Technology,Phones,3,851.02,0.15,2170.1,101.35
ORD-104010,2024-04-22,2024-04-25,Standard Class,CUST-2037,Home Office,South,Portsmouth,Furniture,Tables,1,166.7,0.1,150.03,-4.99
ORD-102101,2024-04-22,2024-04-24,First Class,CUST-2265,Corporate,North,Newcastle,Office Supplies,Paper,4,28.55,0.0,114.2,37.4
ORD-103649,2024-04-22,2024-04-28,Second Class,CUST-1770,Consumer,North,Sheffield,Technology,Phones,1,191.14,0.15,162.47,-19.01
ORD-104733,2024-04-23,2024-04-30,Second Class,CUST-1791,Consumer,South,Southampton,Technology,Copiers,1,399.2,0.0,399.2,12.45
ORD-101038,2024-04-23,2024-04-26,Standard Class,CUST-1513,Corporate,South,Brighton,Furniture,Furnishings,4,742.42,0.1,2672.71,230.19
ORD-100360,2024-04-24,2024-04-26,Second Class,CUST-2082,Consumer,North,Manchester,Furniture,Tables,1,852.6,0.3,596.82,-97.54
ORD-105996,2024-04-24,2024-04-27,Standard Class,CUST-2290,Corporate,East,Cambridge,Furniture,Tables,3,260.11,0.3,546.23,-12.2
ORD-101939,2024-04-24,2024-04-28,Standard Class,CUST-1251,Corporate,East,Cambridge,Technology,Accessories,3,1677.04,0.1,4528.01,-683.48
ORD-101740,2024-04-24,2024-04-25,Standard Class,CUST-1701,Consumer,Central,Birmingham,Technology,Accessories,3,1114.88,0.1,3010.18,-112.26
ORD-102080,2024-04-24,2024-04-25,First Class,CUST-1885,Corporate,Central,Birmingham,Technology,Phones,3,1773.06,0.2,4255.34,-432.53
ORD-103735,2024-04-25,2024-04-30,Standard Class,CUST-1372,Corporate,East,Peterborough,Office Supplies,Labels,3,25.63,0.2,61.51,1.11
ORD-103675,2024-04-25,2024-04-30,Standard Class,CUST-1366,Consumer,East,Cambridge,Technology,Phones,1,1750.86,0.15,1488.23,-276.1
ORD-102061,2024-04-25,2024-04-28,Standard Class,CUST-1565,Consumer,East,Ipswich,Technology,Machines,3,419.36,0.0,1258.08,111.3
ORD-104815,2024-04-25,2024-04-29,Standard Class,CUST-1151,Home Office,East,Peterborough,Office Supplies,Paper,1,19.54,0.15,16.61,1.59
ORD-102678,2024-04-25,2024-04-28,Standard Class,CUST-1085,Consumer,West,Bristol,Office Supplies,Binders,1,28.65,0.3,20.05,2.46
ORD-105884,2024-04-25,2024-04-28,Standard Class,CUST-1405,Consumer,Central,Coventry,Office Supplies,Labels,2,55.21,0.1,99.38,5.61
ORD-102596,2024-04-25,2024-04-29,Standard Class,CUST-1240,Corporate,Central,Leicester,Office Supplies,Labels,2,116.44,0.2,186.3,26.01
ORD-104290,2024-04-26,2024-05-01,Same Day,CUST-1495,Home Office,North,Leeds,Office Supplies,Storage,3,72.01,0.2,172.82,13.61
ORD-102544,2024-04-26,2024-04-30,Second Class,CUST-1138,Consumer,East,Peterborough,Technology,Accessories,1,194.14,0.4,116.48,-30.89
ORD-102041,2024-04-26,2024-04-30,First Class,CUST-1989,Corporate,Central,Nottingham,Office Supplies,Art,2,14.0,0.15,23.8,3.89
ORD-103116,2024-04-26,2024-04-30,Standard Class,CUST-2067,Corporate,North,Sheffield,Technology,Phones,1,507.59,0.0,507.59,-32.98
ORD-106232,2024-04-26,2024-04-28,Standard Class,CUST-1145,Consumer,East,Norwich,Technology,Phones,4,893.66,0.1,3217.18,-200.9
ORD-100428,2024-04-26,2024-04-30,Standard Class,CUST-1395,Consumer,East,Peterborough,Furniture,Chairs,1,483.47,0.0,483.47,4.53
ORD-102579,2024-04-26,2024-05-02,First Class,CUST-1507,Corporate,North,Sheffield,Furniture,Tables,1,792.28,0.15,673.44,-67.83
ORD-100911,2024-04-26,2024-04-29,Standard Class,CUST-1261,Corporate,North,Manchester,Technology,Copiers,2,366.74,0.2,586.78,-99.27
ORD-100120,2024-04-27,2024-05-01,First Class,CUST-1663,Consumer,West,Plymouth,Office Supplies,Paper,3,68.13,0.0,204.39,28.74
ORD-104366,2024-04-27,2024-05-04,Standard Class,CUST-1132,Consumer,North,Sheffield,Furniture,Furnishings,6,530.28,0.2,2545.34,19.53
ORD-102733,2024-04-27,2024-05-01,Standard Class,CUST-1022,Consumer,Central,Leicester,Office Supplies,Labels,2,49.09,0.0,98.18,16.8
ORD-102696,2024-04-27,2024-05-01,Standard Class,CUST-1231,Consumer,South,Brighton,Furniture,Furnishings,6,451.4,0.15,2302.14,-61.68
ORD-104253,2024-04-27,2024-04-30,Same Day,CUST-1496,Consumer,East,Peterborough,Technology,Copiers,1,882.69,0.0,882.69,-67.66
ORD-105038,2024-04-27,2024-04-29,Second Class,CUST-2417,Corporate,South,Reading,Furniture,Chairs,1,394.35,0.4,236.61,-27.85
ORD-101743,2024-04-28,2024-05-02,Standard Class,CUST-2260,Home Office,West,Plymouth,Office Supplies,Art,3,115.97,0.0,347.91,85.04
ORD-100391,2024-04-28,2024-04-30,Standard Class,CUST-2155,Corporate,West,Bristol,Technology,Machines,3,320.1,0.0,960.3,141.05
ORD-103519,2024-04-28,2024-05-02,Standard Class,CUST-1337,Corporate,East,Cambridge,Office Supplies,Paper,6,84.09,0.0,504.54,171.92
ORD-101624,2024-04-28,2024-05-02,First Class,CUST-1907,Consumer,West,Cardiff,Office Supplies,Labels,4,11.35,0.0,45.4,11.26
ORD-106361,2024-04-28,2024-05-02,Second Class,CUST-2228,Consumer,Central,Birmingham,Technology,Machines,1,761.05,0.3,532.73,-53.66
ORD-102644,2024-04-28,2024-05-01,Standard Class,CUST-1768,Consumer,North,Leeds,Office Supplies,Binders,3,51.83,0.5,77.75,-16.36
ORD-105579,2024-04-28,2024-05-01,Standard Class,CUST-2223,Consumer,East,Norwich,Furniture,Bookcases,2,381.6,0.15,648.72,-23.87
ORD-100040,2024-04-28,2024-05-03,Standard Class,CUST-1510,Corporate,East,Ipswich,Furniture,Chairs,4,538.03,0.0,2152.12,-89.38
ORD-102666,2024-04-28,2024-05-04,Standard Class,CUST-1131,Corporate,North,Sheffield,Office Supplies,Storage,5,93.3,0.2,373.2,75.98
ORD-103548,2024-04-29,2024-05-04,Same Day,CUST-2467,Consumer,East,Cambridge,Technology,Machines,1,1303.49,0.0,1303.49,253.24
ORD-104464,2024-04-29,2024-05-03,Standard Class,CUST-1789,Corporate,West,Exeter,Furniture,Bookcases,6,561.04,0.1,3029.62,-238.26
ORD-103024,2024-04-29,2024-05-03,Standard Class,CUST-2104,Consumer,West,Bristol,Technology,Accessories,3,1737.64,0.1,4691.63,-113.03
ORD-101894,2024-04-29,2024-05-02,Standard Class,CUST-1212,Consumer,North,Newcastle,Technology,Phones,1,79.4,0.0,79.4,-3.52
ORD-102743,2024-04-30,2024-05-03,Standard Class,CUST-1170,Corporate,North,Manchester,Furniture,Bookcases,2,455.07,0.0,910.14,34.84
ORD-103015,2024-04-30,2024-05-02,Standard Class,CUST-2269,Home Office,South,Southampton,Technology,Phones,2,1729.71,0.2,2767.54,-64.41
ORD-104625,2024-04-30,2024-05-05,Standard Class,CUST-1647,Consumer,East,Cambridge,Furniture,Tables,1,65.33,0.1,58.8,3.32
ORD-103099,2024-04-30,2024-05-02,Second Class,CUST-1894,Consumer,North,Manchester,Furniture,Furnishings,4,163.74,0.15,556.72,44.84
ORD-105713,2024-05-01,2024-05-03,Second Class,CUST-1430,Consumer,North,Manchester,Furniture,Tables,2,424.64,0.1,764.35,-68.41
ORD-103475,2024-05-01,2024-05-06,Standard Class,CUST-1295,Consumer,South,Portsmouth,Technology,Phones,1,689.49,0.1,620.54,27.3
ORD-103238,2024-05-02,2024-05-04,Second Class,CUST-1065,Consumer,Central,Birmingham,Technology,Phones,2,472.83,0.0,945.66,241.98
ORD-101572,2024-05-02,2024-05-05,Standard Class,CUST-2490,Home Office,East,Cambridge,Furniture,Bookcases,6,720.98,0.0,4325.88,46.72
ORD-105824,2024-05-02,2024-05-04,Standard Class,CUST-1440,Consumer,Central,Birmingham,Furniture,Tables,1,352.0,0.0,352.0,56.84
ORD-102954,2024-05-02,2024-05-05,Standard Class,CUST-2495,Consumer,East,Peterborough,Furniture,Tables,3,145.46,0.1,392.74,-0.13
ORD-101668,2024-05-02,2024-05-04,Standard Class,CUST-1340,Corporate,West,Plymouth,Furniture,Chairs,1,178.12,0.0,178.12,26.45
ORD-101226,2024-05-02,2024-05-05,Second Class,CUST-2054,Consumer,East,Cambridge,Technology,Machines,3,1482.0,0.0,4446.0,799.63
ORD-102825,2024-05-02,2024-05-07,Standard Class,CUST-1948,Consumer,West,Bristol,Furniture,Bookcases,1,188.92,0.3,132.24,-12.5
ORD-105136,2024-05-02,2024-05-05,Standard Class,CUST-2391,Consumer,East,Norwich,Furniture,Tables,1,800.34,0.1,720.31,53.72
ORD-103671,2024-05-02,2024-05-03,Standard Class,CUST-1688,Home Office,South,Reading,Office Supplies,Labels,3,78.41,0.1,211.71,16.43
ORD-100942,2024-05-02,2024-05-05,Standard Class,CUST-2045,Corporate,West,Bristol,Technology,Copiers,2,1052.18,0.0,2104.36,459.29
ORD-104730,2024-05-03,2024-05-05,Standard Class,CUST-2385,Home Office,Central,Leicester,Technology,Copiers,5,236.16,0.3,826.56,-170.51
ORD-106084,2024-05-03,2024-05-06,Second Class,CUST-1638,Consumer,South,Southampton,Technology,Machines,1,1295.25,0.15,1100.96,211.27
ORD-102263,2024-05-03,2024-05-05,First Class,CUST-2340,Consumer,East,Cambridge,Office Supplies,Labels,1,100.2,0.0,100.2,15.91
ORD-106168,2024-05-03,2024-05-09,Standard Class,CUST-2354,Corporate,East,Norwich,Office Supplies,Binders,4,113.1,0.1,407.16,3.45
ORD-105993,2024-05-03,2024-05-06,Second Class,CUST-2450,Home Office,East,Norwich,Office Supplies,Storage,3,79.36,0.0,238.08,51.26
ORD-100152,2024-05-03,2024-05-07,Standard Class,CUST-1562,Consumer,East,Norwich,Office Supplies,Paper,1,100.31,0.0,100.31,20.61
ORD-100143,2024-05-03,2024-05-05,Standard Class,CUST-1779,Consumer,South,Reading,Furniture,Furnishings,6,624.02,0.0,3744.12,569.97
ORD-105236,2024-05-03,2024-05-07,Standard Class,CUST-2064,Consumer,South,Southampton,Office Supplies,Storage,3,112.55,0.0,337.65,25.64
ORD-104192,2024-05-03,2024-05-05,Standard Class,CUST-1549,Corporate,East,Cambridge,Furniture,Chairs,2,861.89,0.0,1723.78,-49.05
ORD-103806,2024-05-03,2024-05-06,Standard Class,CUST-1535,Corporate,West,Bristol,Office Supplies,Art,4,91.06,0.3,254.97,17.01
ORD-103746,2024-05-03,2024-05-08,Standard Class,CUST-1899,Consumer,South,Brighton,Technology,Machines,4,896.66,0.1,3227.98,-314.6
ORD-103345,2024-05-03,2024-05-09,Same Day,CUST-1248,Consumer,North,Leeds,Office Supplies,Labels,4,104.2,0.1,375.12,8.29
ORD-106457,2024-05-03,2024-05-07,Standard Class,CUST-1316,Home Office,East,Ipswich,Furniture,Tables,1,388.02,0.1,349.22,5.14
ORD-104504,2024-05-04,2024-05-08,Standard Class,CUST-1732,Home Office,North,Leeds,Technology,Copiers,2,43.03,0.2,68.85,-10.63
ORD-101459,2024-05-04,2024-05-11,Standard Class,CUST-1932,Consumer,East,Cambridge,Furniture,Tables,4,888.08,0.0,3552.32,-131.75
ORD-100524,2024-05-04,2024-05-06,Standard Class,CUST-1643,Corporate,South,Southampton,Office Supplies,Paper,1,112.21,0.0,112.21,11.03
ORD-102549,2024-05-04,2024-05-07,Standard Class,CUST-1321,Home Office,South,Southampton,Furniture,Chairs,1,530.64,0.0,530.64,86.0
ORD-105200,2024-05-04,2024-05-07,Standard Class,CUST-2060,Consumer,South,Brighton,Office Supplies,Binders,1,37.13,0.5,18.57,-1.37
ORD-100794,2024-05-04,2024-05-08,Standard Class,CUST-2131,Home Office,North,Newcastle,Office Supplies,Labels,1,66.84,0.15,56.81,11.2
ORD-105494,2024-05-04,2024-05-06,Second Class,CUST-1875,Consumer,East,Cambridge,Technology,Phones,1,1489.5,0.2,1191.6,-0.11
ORD-105088,2024-05-04,2024-05-07,Same Day,CUST-2011,Consumer,Central,Birmingham,Technology,Copiers,1,124.88,0.0,124.88,-2.43
ORD-106036,2024-05-05,2024-05-07,Standard Class,CUST-2416,Consumer,South,Brighton,Furniture,Bookcases,5,573.41,0.2,2293.64,-28.6
ORD-106321,2024-05-05,2024-05-08,Second Class,CUST-2319,Corporate,South,Southampton,Furniture,Chairs,1,189.05,0.2,151.24,-23.41
ORD-104959,2024-05-05,2024-05-07,Standard Class,CUST-1359,Home Office,West,Exeter,Office Supplies,Labels,1,76.59,0.0,76.59,16.97
ORD-100618,2024-05-06,2024-05-13,Standard Class,CUST-1969,Corporate,Central,Nottingham,Office Supplies,Paper,1,108.81,0.4,65.29,7.02
ORD-105199,2024-05-06,2024-05-10,Standard Class,CUST-1526,Consumer,East,Ipswich,Office Supplies,Binders,1,105.51,0.0,105.51,33.14
ORD-103064,2024-05-06,2024-05-09,First Class,CUST-1641,Consumer,South,Southampton,Furniture,Bookcases,1,686.22,0.15,583.29,41.83
ORD-101550,2024-05-07,2024-05-12,First Class,CUST-1365,Corporate,Central,Coventry,Furniture,Furnishings,1,771.31,0.0,771.31,-37.43
ORD-103421,2024-05-07,2024-05-11,First Class,CUST-1359,Consumer,West,Bristol,Furniture,Furnishings,2,175.35,0.0,350.7,32.56
ORD-105638,2024-05-07,2024-05-11,Standard Class,CUST-1421,Corporate,North,Sheffield,Technology,Accessories,2,802.86,0.0,1605.72,-153.31
ORD-102042,2024-05-07,2024-05-11,Standard Class,CUST-2283,Consumer,South,Portsmouth,Office Supplies,Paper,1,45.57,0.0,45.57,8.17
ORD-102637,2024-05-07,2024-05-13,Standard Class,CUST-1342,Consumer,North,Leeds,Office Supplies,Paper,2,13.79,0.1,24.82,2.6
ORD-100721,2024-05-07,2024-05-11,Second Class,CUST-2271,Corporate,Central,Coventry,Office Supplies,Paper,1,11.96,0.2,9.57,2.13
ORD-100231,2024-05-07,2024-05-08,First Class,CUST-1992,Corporate,West,Plymouth,Furniture,Tables,1,529.54,0.1,476.59,24.98
ORD-101049,2024-05-07,2024-05-10,Second Class,CUST-1035,Corporate,East,Ipswich,Furniture,Tables,5,637.31,0.0,3186.55,-13.67
ORD-104710,2024-05-08,2024-05-11,Second Class,CUST-2051,Consumer,North,Leeds,Office Supplies,Paper,5,26.87,0.3,94.04,7.75
ORD-101604,2024-05-08,2024-05-10,Standard Class,CUST-1876,Consumer,East,Ipswich,Furniture,Furnishings,2,290.99,0.1,523.78,3.7
ORD-101428,2024-05-08,2024-05-12,Standard Class,CUST-1170,Consumer,East,Peterborough,Technology,Machines,4,1026.0,0.15,3488.4,-234.08
ORD-105939,2024-05-08,2024-05-11,Standard Class,CUST-1896,Corporate,North,Leeds,Office Supplies,Art,2,64.92,0.0,129.84,36.85
ORD-106053,2024-05-08,2024-05-11,First Class,CUST-1598,Corporate,Central,Nottingham,Office Supplies,Art,1,113.82,0.1,102.44,26.5
ORD-103338,2024-05-09,2024-05-12,Standard Class,CUST-2144,Consumer,East,Norwich,Furniture,Chairs,3,796.97,0.15,2032.27,154.73
ORD-101786,2024-05-09,2024-05-12,Standard Class,CUST-1679,Consumer,West,Plymouth,Office Supplies,Storage,1,47.44,0.2,37.95,5.47
ORD-101834,2024-05-09,2024-05-11,Standard Class,CUST-1890,Home Office,East,Peterborough,Technology,Phones,2,1430.95,0.1,2575.71,2.18
ORD-103534,2024-05-09,2024-05-12,Standard Class,CUST-1768,Consumer,East,Ipswich,Office Supplies,Labels,1,108.52,0.0,108.52,7.06
ORD-103681,2024-05-09,2024-05-12,First Class,CUST-1783,Consumer,East,Peterborough,Office Supplies,Binders,1,4.76,0.1,4.28,0.29
ORD-102748,2024-05-09,2024-05-11,Standard Class,CUST-1937,Corporate,North,Sheffield,Furniture,Furnishings,4,151.71,0.0,606.84,105.11
ORD-103594,2024-05-09,2024-05-14,Standard Class,CUST-2263,Consumer,West,Cardiff,Office Supplies,Art,1,53.63,0.0,53.63,9.57
ORD-102643,2024-05-09,2024-05-11,Standard Class,CUST-1089,Consumer,East,Cambridge,Office Supplies,Storage,1,43.65,0.1,39.28,7.88
ORD-103530,2024-05-09,2024-05-10,First Class,CUST-1111,Consumer,North,Newcastle,Office Supplies,Paper,3,61.3,0.1,165.51,20.0
ORD-103589,2024-05-10,2024-05-13,First Class,CUST-1786,Home Office,West,Cardiff,Technology,Phones,1,332.75,0.1,299.48,15.08
ORD-105355,2024-05-10,2024-05-13,Standard Class,CUST-1420,Corporate,North,Newcastle,Furniture,Chairs,2,536.08,0.4,643.3,-105.26
ORD-104251,2024-05-10,2024-05-14,Standard Class,CUST-1693,Consumer,Central,Nottingham,Office Supplies,Art,1,18.35,0.4,11.01,0.82
ORD-101875,2024-05-11,2024-05-17,Standard Class,CUST-1050,Home Office,North,Leeds,Office Supplies,Paper,3,65.16,0.0,195.48,65.65
ORD-102593,2024-05-11,2024-05-15,Second Class,CUST-2239,Consumer,East,Ipswich,Office Supplies,Paper,1,36.44,0.0,36.44,3.32
ORD-104977,2024-05-11,2024-05-15,Second Class,CUST-1918,Consumer,North,Sheffield,Office Supplies,Storage,2,22.03,0.0,44.06,5.89
ORD-100870,2024-05-11,2024-05-13,Same Day,CUST-1429,Consumer,South,Reading,Technology,Phones,1,716.59,0.15,609.1,68.3
ORD-102647,2024-05-11,2024-05-15,First Class,CUST-2053,Consumer,East,Ipswich,Furniture,Tables,4,556.26,0.1,2002.54,-168.84
ORD-103228,2024-05-11,2024-05-13,Standard Class,CUST-1500,Consumer,South,Southampton,Furniture,Furnishings,1,673.09,0.3,471.16,-65.74
ORD-100407,2024-05-11,2024-05-14,Standard Class,CUST-1688,Corporate,East,Cambridge,Technology,Copiers,2,1762.78,0.1,3173.0,129.39
ORD-105981,2024-05-11,2024-05-15,Standard Class,CUST-1446,Consumer,North,Sheffield,Office Supplies,Storage,3,24.86,0.2,59.66,6.11
ORD-101285,2024-05-12,2024-05-14,First Class,CUST-2265,Consumer,East,Ipswich,Technology,Accessories,1,27.54,0.1,24.79,-2.43
ORD-106097,2024-05-12,2024-05-18,Second Class,CUST-2477,Consumer,North,Leeds,Office Supplies,Labels,3,107.12,0.1,289.22,15.67
ORD-102847,2024-05-12,2024-05-15,First Class,CUST-1178,Corporate,East,Peterborough,Furniture,Furnishings,1,221.47,0.5,110.73,-21.05
ORD-101299,2024-05-12,2024-05-17,Standard Class,CUST-1489,Home Office,North,Newcastle,Office Supplies,Paper,1,11.83,0.2,9.46,0.58
ORD-105551,2024-05-13,2024-05-18,Standard Class,CUST-1695,Consumer,West,Bristol,Technology,Phones,2,904.63,0.2,1447.41,-27.62
ORD-106059,2024-05-13,2024-05-16,Second Class,CUST-1250,Consumer,Central,Birmingham,Furniture,Furnishings,1,718.23,0.0,718.23,23.37
ORD-100651,2024-05-13,2024-05-18,Standard Class,CUST-2265,Consumer,West,Bristol,Technology,Accessories,2,1248.41,0.15,2122.3,53.6
ORD-104475,2024-05-13,2024-05-16,Standard Class,CUST-1298,Home Office,East,Ipswich,Office Supplies,Paper,5,54.99,0.1,247.45,36.12
ORD-104801,2024-05-13,2024-05-15,Second Class,CUST-1973,Consumer,West,Plymouth,Office Supplies,Paper,5,76.62,0.0,383.1,74.61
ORD-106366,2024-05-13,2024-05-15,First Class,CUST-2017,Consumer,East,Norwich,Furniture,Chairs,1,716.29,0.2,573.03,-78.91
ORD-103505,2024-05-13,2024-05-19,Standard Class,CUST-1015,Corporate,West,Exeter,Furniture,Bookcases,2,66.78,0.0,133.56,9.48
ORD-100914,2024-05-13,2024-05-17,Standard Class,CUST-1362,Corporate,North,Newcastle,Office Supplies,Storage,3,85.68,0.3,179.93,28.21
ORD-105542,2024-05-13,2024-05-15,Second Class,CUST-2070,Corporate,South,Portsmouth,Office Supplies,Art,5,52.27,0.15,222.15,52.32
ORD-103985,2024-05-14,2024-05-19,Second Class,CUST-2068,Consumer,Central,Nottingham,Technology,Phones,3,618.89,0.15,1578.17,73.16
ORD-105627,2024-05-14,2024-05-20,Standard Class,CUST-1206,Consumer,South,Southampton,Office Supplies,Labels,2,67.77,0.0,135.54,37.46
ORD-105247,2024-05-14,2024-05-18,Standard Class,CUST-1807,Corporate,North,Manchester,Furniture,Tables,1,847.4,0.1,762.66,46.71
ORD-101966,2024-05-14,2024-05-17,Standard Class,CUST-2383,Corporate,West,Exeter,Furniture,Chairs,2,106.76,0.5,106.76,-17.72
ORD-106347,2024-05-14,2024-05-16,Standard Class,CUST-1646,Consumer,South,Brighton,Office Supplies,Labels,1,27.57,0.2,22.06,2.84
ORD-101329,2024-05-14,2024-05-17,First Class,CUST-1245,Consumer,West,Plymouth,Office Supplies,Binders,3,8.95,0.0,26.85,1.75
ORD-100017,2024-05-14,2024-05-17,First Class,CUST-1452,Consumer,East,Ipswich,Office Supplies,Labels,2,43.96,0.15,74.73,12.01
ORD-106224,2024-05-15,2024-05-21,Standard Class,CUST-2285,Corporate,South,Portsmouth,Office Supplies,Labels,1,13.06,0.0,13.06,1.9
ORD-105266,2024-05-15,2024-05-18,Standard Class,CUST-1522,Corporate,Central,Nottingham,Technology,Machines,3,1006.18,0.0,3018.54,524.2
ORD-102616,2024-05-15,2024-05-22,Standard Class,CUST-1413,Consumer,South,Brighton,Office Supplies,Storage,2,84.97,0.0,169.94,27.56
ORD-102034,2024-05-15,2024-05-17,Same Day,CUST-1289,Consumer,North,Leeds,Office Supplies,Labels,1,68.7,0.1,61.83,13.63
ORD-103886,2024-05-15,2024-05-18,Standard Class,CUST-1287,Home Office,North,Leeds,Technology,Phones,1,1197.5,0.0,1197.5,151.72
ORD-104619,2024-05-15,2024-05-17,First Class,CUST-2199,Corporate,East,Ipswich,Office Supplies,Art,2,40.01,0.1,72.02,4.55
ORD-104048,2024-05-16,2024-05-20,Second Class,CUST-1811,Consumer,North,Leeds,Office Supplies,Art,2,3.02,0.0,6.04,1.78
ORD-103753,2024-05-16,2024-05-20,First Class,CUST-1935,Corporate,Central,Birmingham,Furniture,Furnishings,4,369.66,0.5,739.32,-138.18
ORD-105746,2024-05-16,2024-05-20,Standard Class,CUST-2410,Consumer,West,Exeter,Technology,Phones,2,978.13,0.1,1760.63,134.58
ORD-105228,2024-05-16,2024-05-18,First Class,CUST-1715,Consumer,East,Cambridge,Furniture,Furnishings,4,514.65,0.0,2058.6,29.73
ORD-105976,2024-05-16,2024-05-18,Same Day,CUST-1427,Consumer,North,Sheffield,Technology,Accessories,1,1062.31,0.15,902.96,187.43
ORD-105772,2024-05-16,2024-05-20,Standard Class,CUST-1581,Corporate,West,Exeter,Office Supplies,Art,4,8.27,0.15,28.12,-0.72
ORD-105017,2024-05-16,2024-05-19,Standard Class,CUST-1142,Home Office,East,Peterborough,Office Supplies,Art,2,61.91,0.2,99.06,-1.12
ORD-100634,2024-05-17,2024-05-20,Standard Class,CUST-2020,Corporate,East,Cambridge,Office Supplies,Binders,1,94.41,0.0,94.41,11.56
ORD-104679,2024-05-17,2024-05-22,Standard Class,CUST-2229,Corporate,South,Portsmouth,Office Supplies,Art,2,104.58,0.1,188.24,42.95
ORD-106075,2024-05-17,2024-05-19,Second Class,CUST-1114,Consumer,North,Manchester,Office Supplies,Art,1,98.7,0.0,98.7,26.08
ORD-105418,2024-05-17,2024-05-20,Standard Class,CUST-1783,Consumer,West,Bristol,Office Supplies,Binders,1,80.14,0.15,68.12,2.76
ORD-103229,2024-05-17,2024-05-20,Standard Class,CUST-1673,Home Office,North,Newcastle,Furniture,Chairs,1,706.62,0.0,706.62,4.21
ORD-106227,2024-05-17,2024-05-23,First Class,CUST-1540,Consumer,East,Norwich,Office Supplies,Art,3,47.96,0.0,143.88,11.78
ORD-100267,2024-05-17,2024-05-19,Standard Class,CUST-1539,Consumer,East,Ipswich,Office Supplies,Paper,2,104.6,0.0,209.2,33.77
ORD-101019,2024-05-17,2024-05-20,First Class,CUST-2175,Corporate,East,Peterborough,Office Supplies,Paper,2,45.33,0.0,90.66,28.11
ORD-102543,2024-05-18,2024-05-21,Standard Class,CUST-1925,Corporate,East,Peterborough,Office Supplies,Binders,3,68.19,0.1,184.11,36.02
ORD-102498,2024-05-18,2024-05-22,Second Class,CUST-2493,Corporate,South,Brighton,Office Supplies,Storage,6,37.87,0.1,204.5,22.72
ORD-103745,2024-05-18,2024-05-20,Standard Class,CUST-1626,Home Office,East,Norwich,Furniture,Bookcases,2,293.67,0.2,469.87,0.07
ORD-100191,2024-05-18,2024-05-23,Standard Class,CUST-1063,Corporate,West,Exeter,Office Supplies,Binders,3,20.31,0.3,42.65,3.55
ORD-104154,2024-05-18,2024-05-23,First Class,CUST-1436,Corporate,Central,Coventry,Technology,Accessories,1,1439.34,0.1,1295.41,242.3
ORD-105602,2024-05-18,2024-05-20,Standard Class,CUST-2356,Consumer,East,Cambridge,Furniture,Chairs,2,427.81,0.2,684.5,-107.95
ORD-102247,2024-05-19,2024-05-23,First Class,CUST-2369,Corporate,North,Manchester,Furniture,Tables,6,406.24,0.0,2437.44,9.72
ORD-101020,2024-05-19,2024-05-23,Same Day,CUST-2126,Corporate,North,Leeds,Furniture,Chairs,5,63.6,0.3,222.6,-47.79
ORD-103549,2024-05-19,2024-05-21,Standard Class,CUST-1188,Corporate,Central,Coventry,Furniture,Bookcases,3,625.23,0.2,1500.55,-249.42
ORD-102946,2024-05-19,2024-05-22,Standard Class,CUST-2342,Corporate,North,Leeds,Technology,Copiers,1,1046.57,0.3,732.6,56.3
ORD-106051,2024-05-19,2024-05-22,Standard Class,CUST-1878,Home Office,North,Manchester,Furniture,Chairs,1,809.84,0.0,809.84,95.76
ORD-102950,2024-05-19,2024-05-22,Standard Class,CUST-2043,Consumer,North,Sheffield,Furniture,Chairs,1,567.17,0.2,453.74,-25.22
ORD-104669,2024-05-20,2024-05-23,Standard Class,CUST-2014,Consumer,North,Newcastle,Office Supplies,Art,1,99.87,0.0,99.87,33.32
ORD-104497,2024-05-20,2024-05-25,Standard Class,CUST-1186,Home Office,Central,Coventry,Office Supplies,Paper,1,110.05,0.3,77.03,-8.06
ORD-103551,2024-05-20,2024-05-22,First Class,CUST-2007,Home Office,North,Newcastle,Furniture,Bookcases,1,70.5,0.2,56.4,-5.61
ORD-106305,2024-05-20,2024-05-25,Standard Class,CUST-2438,Home Office,North,Newcastle,Technology,Phones,2,789.69,0.1,1421.44,301.79
ORD-103349,2024-05-20,2024-05-22,Same Day,CUST-1860,Consumer,South,Brighton,Technology,Accessories,1,1541.7,0.0,1541.7,355.51
ORD-102998,2024-05-20,2024-05-22,Standard Class,CUST-1184,Corporate,Central,Birmingham,Office Supplies,Labels,1,54.23,0.15,46.1,8.1
ORD-101110,2024-05-20,2024-05-23,Second Class,CUST-2337,Consumer,West,Exeter,Furniture,Bookcases,3,743.45,0.0,2230.35,145.61
ORD-105230,2024-05-20,2024-05-24,Standard Class,CUST-1858,Home Office,North,Sheffield,Office Supplies,Storage,3,32.4,0.1,87.48,23.62
ORD-101021,2024-05-20,2024-05-23,Second Class,CUST-1868,Home Office,North,Newcastle,Office Supplies,Paper,3,92.15,0.0,276.45,17.57
ORD-105139,2024-05-21,2024-05-23,Second Class,CUST-1417,Consumer,North,Newcastle,Office Supplies,Binders,1,74.5,0.1,67.05,16.28
ORD-102421,2024-05-21,2024-05-23,Standard Class,CUST-1091,Corporate,East,Peterborough,Office Supplies,Binders,2,40.58,0.4,48.7,-3.0
ORD-100157,2024-05-21,2024-05-28,Standard Class,CUST-2201,Corporate,South,Portsmouth,Technology,Phones,6,1105.14,0.0,6630.84,-360.46
ORD-105099,2024-05-21,2024-05-23,Second Class,CUST-1951,Consumer,South,Reading,Office Supplies,Binders,4,15.21,0.2,48.67,7.48
ORD-106453,2024-05-21,2024-05-26,Standard Class,CUST-1723,Consumer,North,Manchester,Furniture,Chairs,3,159.12,0.2,381.89,18.46
ORD-105205,2024-05-21,2024-05-23,Standard Class,CUST-1564,Corporate,Central,Coventry,Office Supplies,Labels,2,104.82,0.0,209.64,60.95
ORD-101435,2024-05-21,2024-05-23,Standard Class,CUST-2265,Home Office,South,Reading,Furniture,Furnishings,2,603.45,0.1,1086.21,102.67
ORD-101310,2024-05-22,2024-05-25,Standard Class,CUST-1763,Corporate,East,Ipswich,Technology,Phones,2,1751.56,0.1,3152.81,-184.17
ORD-106130,2024-05-22,2024-05-27,Standard Class,CUST-1000,Consumer,East,Peterborough,Office Supplies,Storage,1,5.28,0.0,5.28,0.64
ORD-105836,2024-05-22,2024-05-29,Standard Class,CUST-1708,Consumer,West,Plymouth,Furniture,Bookcases,3,316.26,0.1,853.9,38.72
ORD-103023,2024-05-22,2024-05-25,Standard Class,CUST-1456,Consumer,East,Cambridge,Furniture,Furnishings,3,128.14,0.2,307.54,2.07
ORD-105177,2024-05-22,2024-05-27,Standard Class,CUST-1933,Consumer,South,Reading,Technology,Machines,1,379.21,0.1,341.29,81.32
ORD-101011,2024-05-22,2024-05-27,Same Day,CUST-1106,Corporate,East,Peterborough,Technology,Phones,1,462.57,0.1,416.31,68.56
ORD-100541,2024-05-22,2024-05-27,Second Class,CUST-2039,Consumer,North,Manchester,Technology,Machines,2,818.02,0.0,1636.04,372.62
ORD-103554,2024-05-22,2024-05-26,Standard Class,CUST-1368,Corporate,East,Ipswich,Technology,Accessories,1,1120.11,0.0,1120.11,138.92
ORD-103929,2024-05-22,2024-05-24,Standard Class,CUST-1330,Consumer,West,Bristol,Office Supplies,Labels,1,69.72,0.2,55.78,5.9
ORD-103117,2024-05-23,2024-05-30,Second Class,CUST-1580,Corporate,Central,Coventry,Technology,Phones,1,726.91,0.3,508.84,-55.9
ORD-102918,2024-05-23,2024-05-25,Standard Class,CUST-1211,Corporate,North,Leeds,Furniture,Furnishings,5,522.97,0.15,2222.62,-293.35
ORD-105364,2024-05-23,2024-05-26,First Class,CUST-2016,Home Office,North,Manchester,Office Supplies,Art,1,62.9,0.1,56.61,6.12
ORD-105407,2024-05-23,2024-05-26,Standard Class,CUST-2155,Corporate,West,Exeter,Office Supplies,Storage,1,70.89,0.4,42.53,-5.6
ORD-105643,2024-05-23,2024-05-28,Second Class,CUST-1703,Consumer,North,Newcastle,Technology,Phones,4,1674.39,0.0,6697.56,682.67
ORD-101763,2024-05-24,2024-05-28,First Class,CUST-1578,Corporate,East,Peterborough,Furniture,Bookcases,1,131.85,0.0,131.85,-2.43
ORD-101498,2024-05-24,2024-05-27,Standard Class,CUST-2194,Home Office,West,Bristol,Office Supplies,Binders,3,67.51,0.0,202.53,19.88
ORD-105819,2024-05-24,2024-05-27,Standard Class,CUST-1081,Consumer,East,Ipswich,Furniture,Furnishings,5,509.67,0.15,2166.1,151.4
ORD-102462,2024-05-25,2024-05-29,Standard Class,CUST-1124,Home Office,West,Exeter,Furniture,Tables,1,498.23,0.1,448.41,3.46
ORD-105301,2024-05-25,2024-05-28,First Class,CUST-2214,Corporate,South,Southampton,Furniture,Chairs,5,816.4,0.1,3673.8,-247.21
ORD-102562,2024-05-25,2024-05-29,Second Class,CUST-1328,Consumer,North,Sheffield,Furniture,Tables,1,477.52,0.1,429.77,43.24
ORD-100151,2024-05-25,2024-05-27,Standard Class,CUST-1077,Consumer,West,Plymouth,Technology,Copiers,3,905.7,0.0,2717.1,473.77
ORD-101197,2024-05-25,2024-05-29,Standard Class,CUST-1229,Consumer,East,Ipswich,Technology,Accessories,3,1643.91,0.1,4438.56,-637.38
ORD-100072,2024-05-25,2024-05-30,Second Class,CUST-1730,Consumer,East,Cambridge,Office Supplies,Binders,1,19.38,0.0,19.38,2.52
ORD-104531,2024-05-25,2024-05-28,Standard Class,CUST-1915,Home Office,West,Exeter,Office Supplies,Paper,1,60.0,0.15,51.0,-1.61
ORD-100370,2024-05-25,2024-05-30,Standard Class,CUST-2458,Home Office,South,Southampton,Technology,Phones,3,638.4,0.0,1915.2,117.58
ORD-104162,2024-05-25,2024-05-29,Second Class,CUST-1587,Consumer,South,Reading,Office Supplies,Binders,3,83.57,0.1,225.64,15.3
ORD-100647,2024-05-25,2024-05-31,Standard Class,CUST-2396,Consumer,South,Southampton,Technology,Copiers,1,630.44,0.1,567.4,70.74
ORD-103002,2024-05-25,2024-05-30,Second Class,CUST-1587,Home Office,North,Manchester,Office Supplies,Labels,2,99.65,0.15,169.41,39.66
ORD-101328,2024-05-26,2024-05-28,Standard Class,CUST-1251,Consumer,South,Portsmouth,Furniture,Bookcases,1,732.34,0.1,659.11,14.49
ORD-100195,2024-05-26,2024-05-29,Second Class,CUST-2227,Consumer,North,Newcastle,Office Supplies,Paper,3,84.03,0.0,252.09,35.25
ORD-104658,2024-05-26,2024-05-30,Second Class,CUST-1888,Consumer,South,Reading,Office Supplies,Art,4,72.05,0.0,288.2,52.54
ORD-103316,2024-05-26,2024-05-28,Standard Class,CUST-2455,Corporate,East,Ipswich,Office Supplies,Paper,1,79.02,0.0,79.02,17.89
ORD-106352,2024-05-26,2024-05-31,Standard Class,CUST-1572,Consumer,West,Cardiff,Technology,Copiers,3,1365.69,0.1,3687.36,178.31
ORD-100193,2024-05-26,2024-05-28,Standard Class,CUST-1498,Consumer,West,Exeter,Office Supplies,Paper,2,54.62,0.15,92.85,21.88
ORD-100548,2024-05-27,2024-05-31,First Class,CUST-1305,Consumer,Central,Coventry,Furniture,Furnishings,1,556.29,0.1,500.66,-53.0
ORD-101709,2024-05-27,2024-06-03,Same Day,CUST-1943,Home Office,North,Leeds,Technology,Machines,3,951.18,0.0,2853.54,153.15
ORD-100321,2024-05-27,2024-05-30,Second Class,CUST-2004,Corporate,North,Newcastle,Furniture,Chairs,2,73.64,0.2,117.82,-11.26
ORD-104158,2024-05-27,2024-05-29,Standard Class,CUST-1409,Consumer,South,Portsmouth,Technology,Accessories,2,1331.04,0.15,2262.77,-41.99
ORD-102324,2024-05-27,2024-05-30,Second Class,CUST-2194,Consumer,Central,Leicester,Office Supplies,Labels,1,76.58,0.0,76.58,12.74
ORD-103566,2024-05-27,2024-06-02,Standard Class,CUST-2005,Consumer,South,Reading,Furniture,Chairs,1,813.86,0.0,813.86,133.42
ORD-103663,2024-05-28,2024-06-01,Standard Class,CUST-1006,Consumer,Central,Birmingham,Furniture,Bookcases,1,888.77,0.1,799.89,56.23
ORD-100872,2024-05-28,2024-06-03,Second Class,CUST-1622,Consumer,South,Southampton,Office Supplies,Paper,1,37.72,0.3,26.4,-3.35
ORD-103866,2024-05-28,2024-05-30,First Class,CUST-1171,Consumer,West,Bristol,Office Supplies,Art,2,75.98,0.0,151.96,33.09
ORD-101186,2024-05-28,2024-06-02,Standard Class,CUST-1437,Corporate,Central,Leicester,Office Supplies,Labels,2,116.99,0.0,233.98,57.2
ORD-104349,2024-05-28,2024-06-01,Second Class,CUST-2401,Consumer,West,Plymouth,Office Supplies,Paper,3,114.74,0.15,292.59,24.4
ORD-100559,2024-05-28,2024-05-30,Standard Class,CUST-1329,Consumer,East,Peterborough,Office Supplies,Paper,1,50.92,0.2,40.74,6.57
ORD-100886,2024-05-29,2024-05-31,Same Day,CUST-2284,Home Office,West,Plymouth,Office Supplies,Labels,2,100.67,0.0,201.34,61.26
ORD-105443,2024-05-29,2024-06-04,First Class,CUST-2254,Consumer,South,Reading,Furniture,Chairs,5,318.17,0.3,1113.59,-242.03
ORD-103659,2024-05-29,2024-05-30,Second Class,CUST-1430,Corporate,East,Ipswich,Office Supplies,Labels,2,15.55,0.1,27.99,1.9
ORD-100708,2024-05-29,2024-06-02,Standard Class,CUST-1246,Consumer,West,Plymouth,Furniture,Bookcases,1,741.43,0.0,741.43,85.27
ORD-100984,2024-05-29,2024-06-03,Standard Class,CUST-1759,Corporate,West,Exeter,Office Supplies,Labels,2,104.01,0.15,176.82,31.18
ORD-103209,2024-05-29,2024-05-31,Second Class,CUST-2401,Corporate,South,Portsmouth,Technology,Phones,4,1061.42,0.1,3821.11,-210.08
ORD-103923,2024-05-29,2024-05-31,Standard Class,CUST-1392,Home Office,East,Peterborough,Furniture,Tables,1,777.94,0.0,777.94,115.28
ORD-100997,2024-05-30,2024-06-01,Second Class,CUST-2490,Consumer,East,Peterborough,Office Supplies,Storage,5,56.64,0.1,254.88,15.79
ORD-102039,2024-05-30,2024-06-02,Second Class,CUST-1042,Consumer,Central,Coventry,Furniture,Furnishings,4,203.93,0.1,734.15,-26.86
ORD-105161,2024-05-30,2024-06-03,Standard Class,CUST-1642,Home Office,West,Cardiff,Technology,Phones,3,1064.49,0.15,2714.45,181.55
ORD-101780,2024-05-31,2024-06-06,Standard Class,CUST-2408,Home Office,South,Brighton,Technology,Machines,1,374.66,0.4,224.8,-54.42
ORD-102681,2024-05-31,2024-06-05,Standard Class,CUST-2108,Home Office,East,Cambridge,Office Supplies,Labels,5,44.78,0.15,190.31,2.35
ORD-104462,2024-05-31,2024-06-04,Standard Class,CUST-2421,Consumer,East,Ipswich,Office Supplies,Art,1,32.76,0.1,29.48,2.51
ORD-105253,2024-06-01,2024-06-06,Second Class,CUST-1113,Consumer,Central,Nottingham,Technology,Machines,1,192.86,0.3,135.0,-18.36
ORD-100534,2024-06-01,2024-06-05,Standard Class,CUST-1667,Consumer,North,Leeds,Technology,Machines,1,722.29,0.0,722.29,94.79
ORD-102257,2024-06-01,2024-06-06,First Class,CUST-1318,Consumer,Central,Nottingham,Office Supplies,Storage,1,81.84,0.0,81.84,24.13
ORD-103036,2024-06-01,2024-06-08,Standard Class,CUST-1912,Corporate,South,Southampton,Office Supplies,Paper,3,21.04,0.0,63.12,4.35
ORD-104569,2024-06-01,2024-06-06,Standard Class,CUST-1853,Corporate,East,Peterborough,Office Supplies,Art,4,88.1,0.1,317.16,2.77
ORD-102172,2024-06-02,2024-06-04,First Class,CUST-2324,Corporate,North,Newcastle,Office Supplies,Art,2,28.45,0.2,45.52,-1.35
ORD-104458,2024-06-02,2024-06-06,Standard Class,CUST-2403,Consumer,Central,Birmingham,Office Supplies,Paper,3,54.55,0.4,98.19,6.5
ORD-105215,2024-06-02,2024-06-05,Standard Class,CUST-1765,Home Office,West,Bristol,Furniture,Tables,1,264.83,0.0,264.83,22.3
ORD-101767,2024-06-02,2024-06-06,Standard Class,CUST-1527,Consumer,East,Peterborough,Office Supplies,Binders,1,18.33,0.0,18.33,2.36
ORD-106235,2024-06-02,2024-06-07,Standard Class,CUST-1280,Home Office,Central,Birmingham,Office Supplies,Art,5,60.67,0.3,212.34,9.16
ORD-104302,2024-06-02,2024-06-08,Standard Class,CUST-1196,Consumer,North,Manchester,Technology,Copiers,1,220.41,0.3,154.29,-36.66
ORD-106077,2024-06-02,2024-06-08,Standard Class,CUST-1339,Consumer,East,Norwich,Technology,Machines,5,1470.3,0.0,7351.5,1867.03
ORD-106217,2024-06-02,2024-06-06,First Class,CUST-1280,Consumer,South,Brighton,Office Supplies,Storage,4,49.2,0.1,177.12,44.36
ORD-104108,2024-06-03,2024-06-06,Standard Class,CUST-2105,Corporate,Central,Coventry,Technology,Accessories,2,404.55,0.1,728.19,118.5
ORD-105396,2024-06-03,2024-06-10,Standard Class,CUST-1444,Home Office,North,Sheffield,Office Supplies,Labels,5,113.7,0.1,511.65,138.72
ORD-101955,2024-06-03,2024-06-08,Second Class,CUST-1362,Consumer,South,Brighton,Technology,Phones,1,604.07,0.0,604.07,49.01
ORD-101491,2024-06-03,2024-06-10,Second Class,CUST-2391,Corporate,East,Ipswich,Technology,Accessories,1,925.49,0.0,925.49,230.11
ORD-103212,2024-06-03,2024-06-04,Second Class,CUST-1317,Consumer,East,Peterborough,Technology,Phones,6,506.32,0.1,2734.13,-404.98
ORD-105543,2024-06-03,2024-06-06,Standard Class,CUST-1967,Home Office,East,Peterborough,Technology,Copiers,4,284.82,0.0,1139.28,328.61
ORD-104677,2024-06-04,2024-06-09,Standard Class,CUST-1944,Home Office,West,Exeter,Furniture,Bookcases,1,236.25,0.2,189.0,-21.25
ORD-102220,2024-06-04,2024-06-07,Second Class,CUST-1316,Home Office,South,Southampton,Technology,Phones,2,1495.56,0.0,2991.12,448.4
ORD-105735,2024-06-04,2024-06-09,Standard Class,CUST-1487,Consumer,Central,Nottingham,Office Supplies,Storage,4,107.93,0.0,431.72,115.66
ORD-106194,2024-06-04,2024-06-09,First Class,CUST-2373,Consumer,North,Newcastle,Office Supplies,Paper,1,65.78,0.0,65.78,11.19
ORD-101063,2024-06-04,2024-06-08,Standard Class,CUST-1110,Home Office,South,Portsmouth,Office Supplies,Paper,4,23.98,0.1,86.33,24.62
ORD-106283,2024-06-04,2024-06-10,First Class,CUST-2328,Corporate,West,Cardiff,Furniture,Tables,2,523.32,0.1,941.98,41.53
ORD-100838,2024-06-05,2024-06-08,Standard Class,CUST-2093,Consumer,West,Plymouth,Office Supplies,Paper,1,92.35,0.0,92.35,14.35
ORD-104049,2024-06-05,2024-06-08,Standard Class,CUST-1083,Corporate,South,Portsmouth,Office Supplies,Storage,1,69.7,0.3,48.79,-5.7
ORD-102609,2024-06-05,2024-06-09,Standard Class,CUST-1146,Consumer,Central,Leicester,Technology,Accessories,2,1309.19,0.0,2618.38,319.18
ORD-104986,2024-06-05,2024-06-07,Standard Class,CUST-1662,Consumer,North,Manchester,Office Supplies,Paper,3,51.85,0.2,124.44,17.95
ORD-104072,2024-06-06,2024-06-10,Second Class,CUST-1359,Home Office,East,Ipswich,Furniture,Furnishings,2,590.21,0.3,826.29,-69.23
ORD-104173,2024-06-06,2024-06-11,Standard Class,CUST-1158,Corporate,North,Leeds,Furniture,Furnishings,2,232.63,0.1,418.73,-27.8
ORD-100652,2024-06-06,2024-06-09,Standard Class,CUST-2215,Consumer,East,Ipswich,Office Supplies,Paper,1,100.07,0.1,90.06,17.22
ORD-100348,2024-06-06,2024-06-09,Standard Class,CUST-1339,Corporate,South,Southampton,Office Supplies,Storage,3,5.95,0.0,17.85,5.07
ORD-104755,2024-06-06,2024-06-10,Standard Class,CUST-1268,Corporate,East,Cambridge,Technology,Accessories,3,863.63,0.15,2202.26,374.0
ORD-104443,2024-06-06,2024-06-09,Standard Class,CUST-1536,Home Office,South,Southampton,Technology,Accessories,1,1687.97,0.2,1350.38,153.6
ORD-105681,2024-06-07,2024-06-11,Second Class,CUST-2370,Corporate,Central,Nottingham,Technology,Machines,1,817.46,0.0,817.46,147.0
ORD-104389,2024-06-07,2024-06-10,Second Class,CUST-1215,Corporate,West,Cardiff,Technology,Machines,1,167.87,0.0,167.87,2.6
ORD-100119,2024-06-07,2024-06-09,First Class,CUST-1886,Consumer,East,Cambridge,Technology,Copiers,2,102.06,0.15,173.5,33.06
ORD-105039,2024-06-07,2024-06-10,Second Class,CUST-2445,Consumer,East,Cambridge,Office Supplies,Binders,3,80.16,0.4,144.29,-20.23
ORD-103939,2024-06-07,2024-06-14,Standard Class,CUST-2151,Consumer,East,Peterborough,Office Supplies,Paper,4,71.92,0.0,287.68,43.97
ORD-104033,2024-06-07,2024-06-09,Same Day,CUST-1841,Consumer,North,Leeds,Technology,Phones,3,944.19,0.2,2266.06,55.71
ORD-104713,2024-06-07,2024-06-10,Standard Class,CUST-1809,Corporate,North,Sheffield,Office Supplies,Storage,1,116.21,0.2,92.97,4.65
ORD-103263,2024-06-07,2024-06-13,Second Class,CUST-2457,Corporate,South,Brighton,Furniture,Bookcases,3,672.17,0.2,1613.21,93.7
ORD-106096,2024-06-07,2024-06-11,Standard Class,CUST-1407,Corporate,North,Newcastle,Office Supplies,Storage,1,93.28,0.1,83.95,19.74
ORD-105276,2024-06-09,2024-06-13,First Class,CUST-1100,Corporate,Central,Nottingham,Furniture,Bookcases,6,657.81,0.15,3354.83,240.45
ORD-102471,2024-06-09,2024-06-12,Standard Class,CUST-1233,Consumer,North,Sheffield,Technology,Phones,1,1391.12,0.0,1391.12,127.01
ORD-104794,2024-06-09,2024-06-15,Standard Class,CUST-1113,Consumer,South,Portsmouth,Office Supplies,Storage,3,65.38,0.3,137.3,1.22
ORD-106054,2024-06-09,2024-06-12,Standard Class,CUST-2328,Home Office,North,Leeds,Office Supplies,Art,1,87.52,0.15,74.39,7.1
ORD-101508,2024-06-09,2024-06-12,Second Class,CUST-1167,Consumer,East,Cambridge,Office Supplies,Binders,4,63.13,0.1,227.27,8.84
ORD-104993,2024-06-09,2024-06-13,First Class,CUST-1371,Corporate,North,Sheffield,Office Supplies,Paper,6,41.22,0.5,123.66,-19.76
ORD-102648,2024-06-09,2024-06-14,Standard Class,CUST-2271,Corporate,East,Cambridge,Office Supplies,Storage,2,84.13,0.0,168.26,12.25
ORD-105788,2024-06-09,2024-06-13,Standard Class,CUST-1663,Consumer,East,Norwich,Furniture,Furnishings,1,469.4,0.0,469.4,61.99
ORD-105872,2024-06-09,2024-06-13,Same Day,CUST-1375,Consumer,West,Bristol,Technology,Accessories,4,1673.64,0.0,6694.56,670.39
ORD-101151,2024-06-10,2024-06-13,Standard Class,CUST-2085,Consumer,Central,Nottingham,Office Supplies,Storage,4,98.51,0.2,315.23,55.83
ORD-105449,2024-06-10,2024-06-14,Standard Class,CUST-2340,Consumer,Central,Birmingham,Furniture,Furnishings,4,472.13,0.0,1888.52,113.18
ORD-102705,2024-06-10,2024-06-13,Standard Class,CUST-1383,Home Office,East,Cambridge,Office Supplies,Storage,4,63.14,0.0,252.56,52.58
ORD-104748,2024-06-10,2024-06-13,First Class,CUST-2326,Home Office,North,Leeds,Office Supplies,Paper,6,109.29,0.5,327.87,5.31
ORD-102639,2024-06-10,2024-06-12,Second Class,CUST-2311,Home Office,West,Cardiff,Office Supplies,Labels,5,30.5,0.5,76.25,0.9
ORD-105619,2024-06-10,2024-06-15,Second Class,CUST-2027,Corporate,South,Reading,Technology,Accessories,2,483.15,0.4,579.78,-124.42
ORD-103050,2024-06-10,2024-06-13,Same Day,CUST-1325,Corporate,West,Cardiff,Office Supplies,Paper,4,59.84,0.0,239.36,60.36
ORD-102317,2024-06-10,2024-06-14,Standard Class,CUST-2117,Home Office,North,Leeds,Office Supplies,Labels,6,29.02,0.0,174.12,39.74
ORD-100832,2024-06-10,2024-06-12,Same Day,CUST-1081,Corporate,West,Plymouth,Office Supplies,Paper,1,36.36,0.0,36.36,1.94
ORD-104450,2024-06-10,2024-06-16,Second Class,CUST-1761,Consumer,Central,Coventry,Furniture,Chairs,1,783.35,0.3,548.35,-117.78
ORD-104379,2024-06-10,2024-06-11,Same Day,CUST-1198,Consumer,Central,Birmingham,Office Supplies,Art,1,72.11,0.1,64.9,15.61
ORD-106223,2024-06-11,2024-06-15,First Class,CUST-1714,Consumer,West,Cardiff,Furniture,Chairs,6,594.56,0.0,3567.36,3.03
ORD-105458,2024-06-11,2024-06-14,Standard Class,CUST-1221,Corporate,East,Cambridge,Office Supplies,Storage,1,32.29,0.0,32.29,2.29
ORD-106385,2024-06-12,2024-06-15,First Class,CUST-1350,Consumer,East,Cambridge,Technology,Machines,4,335.84,0.0,1343.36,171.92
ORD-102006,2024-06-12,2024-06-15,Standard Class,CUST-2252,Consumer,West,Cardiff,Office Supplies,Art,4,67.56,0.0,270.24,36.89
ORD-102865,2024-06-12,2024-06-16,Standard Class,CUST-2354,Corporate,East,Ipswich,Technology,Phones,2,1688.7,0.0,3377.4,1012.23
ORD-103043,2024-06-12,2024-06-18,Standard Class,CUST-2456,Corporate,West,Exeter,Technology,Copiers,1,927.47,0.1,834.72,121.2
ORD-102068,2024-06-12,2024-06-14,Second Class,CUST-1240,Consumer,East,Norwich,Office Supplies,Art,2,111.35,0.3,155.89,-1.58
ORD-106372,2024-06-12,2024-06-15,Standard Class,CUST-1295,Corporate,Central,Birmingham,Furniture,Tables,5,828.06,0.1,3726.27,258.04
ORD-105188,2024-06-12,2024-06-16,Standard Class,CUST-1423,Home Office,South,Brighton,Technology,Phones,1,235.56,0.1,212.0,-8.54
ORD-102594,2024-06-12,2024-06-15,Second Class,CUST-1765,Home Office,East,Norwich,Furniture,Chairs,1,205.28,0.0,205.28,34.54
ORD-102221,2024-06-12,2024-06-15,Standard Class,CUST-1153,Corporate,West,Cardiff,Office Supplies,Storage,2,67.38,0.15,114.55,19.32
ORD-102574,2024-06-12,2024-06-19,Standard Class,CUST-1379,Consumer,South,Reading,Furniture,Tables,1,191.69,0.1,172.52,-3.51
ORD-101128,2024-06-13,2024-06-16,Standard Class,CUST-1397,Corporate,East,Norwich,Office Supplies,Labels,3,87.08,0.1,235.12,7.7
ORD-102921,2024-06-13,2024-06-18,Second Class,CUST-2367,Consumer,South,Brighton,Office Supplies,Storage,1,116.06,0.0,116.06,18.24
ORD-105664,2024-06-13,2024-06-14,Standard Class,CUST-1697,Corporate,East,Cambridge,Furniture,Bookcases,1,197.96,0.0,197.96,25.15
ORD-105650,2024-06-13,2024-06-15,Standard Class,CUST-2302,Home Office,Central,Coventry,Furniture,Chairs,1,675.87,0.0,675.87,68.03
ORD-102193,2024-06-13,2024-06-18,Second Class,CUST-1193,Consumer,North,Sheffield,Office Supplies,Paper,2,44.05,0.0,88.1,5.44
ORD-105559,2024-06-13,2024-06-16,Standard Class,CUST-1262,Corporate,East,Ipswich,Office Supplies,Binders,1,18.68,0.15,15.88,4.02
ORD-103415,2024-06-13,2024-06-15,Standard Class,CUST-2477,Consumer,East,Norwich,Technology,Accessories,2,1327.09,0.3,1857.93,-487.24
ORD-103286,2024-06-13,2024-06-16,Standard Class,CUST-1331,Consumer,Central,Nottingham,Office Supplies,Art,1,42.8,0.0,42.8,7.66
ORD-100034,2024-06-13,2024-06-17,Standard Class,CUST-1166,Home Office,Central,Coventry,Technology,Machines,2,1282.02,0.1,2307.64,-20.32
ORD-104441,2024-06-13,2024-06-16,Standard Class,CUST-2358,Home Office,West,Plymouth,Furniture,Tables,2,534.46,0.15,908.58,-102.78
ORD-102234,2024-06-14,2024-06-20,Standard Class,CUST-1614,Consumer,Central,Birmingham,Furniture,Tables,3,239.4,0.15,610.47,44.69
ORD-105740,2024-06-14,2024-06-19,First Class,CUST-1007,Corporate,East,Cambridge,Furniture,Bookcases,2,434.94,0.2,695.9,-38.26
ORD-100463,2024-06-14,2024-06-17,Standard Class,CUST-1832,Consumer,Central,Coventry,Technology,Phones,3,1620.77,0.15,4132.96,-563.69
ORD-100710,2024-06-14,2024-06-17,Second Class,CUST-2177,Consumer,East,Peterborough,Technology,Phones,2,501.69,0.2,802.7,0.71
ORD-104643,2024-06-14,2024-06-16,Standard Class,CUST-1964,Consumer,West,Bristol,Office Supplies,Paper,3,4.56,0.1,12.31,2.08
ORD-100565,2024-06-15,2024-06-17,First Class,CUST-1239,Consumer,West,Bristol,Office Supplies,Storage,1,67.62,0.0,67.62,4.27
ORD-104126,2024-06-15,2024-06-18,Standard Class,CUST-1191,Home Office,East,Norwich,Technology,Copiers,1,1190.32,0.0,1190.32,46.32
ORD-103872,2024-06-15,2024-06-19,Standard Class,CUST-1283,Consumer,South,Portsmouth,Office Supplies,Labels,2,67.36,0.5,67.36,-4.72
ORD-100073,2024-06-16,2024-06-20,Second Class,CUST-1692,Consumer,East,Cambridge,Technology,Accessories,2,653.12,0.4,783.74,-208.67
ORD-104547,2024-06-16,2024-06-19,Standard Class,CUST-1919,Corporate,South,Southampton,Office Supplies,Art,3,23.31,0.2,55.94,12.58
ORD-102311,2024-06-16,2024-06-17,Standard Class,CUST-2362,Consumer,South,Southampton,Furniture,Tables,1,863.86,0.0,863.86,-11.46
ORD-100180,2024-06-16,2024-06-19,First Class,CUST-2366,Consumer,Central,Birmingham,Furniture,Chairs,5,749.81,0.0,3749.05,361.3
ORD-102947,2024-06-16,2024-06-18,Standard Class,CUST-1242,Consumer,North,Manchester,Office Supplies,Paper,4,116.32,0.1,418.75,68.68
ORD-101667,2024-06-16,2024-06-22,First Class,CUST-2442,Consumer,North,Newcastle,Furniture,Furnishings,1,758.95,0.0,758.95,116.49
ORD-105434,2024-06-16,2024-06-19,Second Class,CUST-1503,Corporate,West,Plymouth,Office Supplies,Labels,1,64.15,0.1,57.74,13.91
ORD-102015,2024-06-16,2024-06-21,Standard Class,CUST-1132,Consumer,North,Newcastle,Office Supplies,Paper,3,29.86,0.1,80.62,21.24
ORD-102780,2024-06-16,2024-06-19,Standard Class,CUST-2241,Home Office,East,Norwich,Office Supplies,Paper,1,26.11,0.0,26.11,1.78
ORD-102328,2024-06-17,2024-06-20,Standard Class,CUST-1593,Consumer,West,Cardiff,Office Supplies,Binders,3,27.01,0.15,68.88,0.07
ORD-100332,2024-06-17,2024-06-20,Standard Class,CUST-2283,Consumer,East,Cambridge,Office Supplies,Art,3,7.46,0.15,19.02,3.22
ORD-102160,2024-06-17,2024-06-18,Standard Class,CUST-2153,Corporate,North,Newcastle,Technology,Machines,3,1398.5,0.4,2517.3,38.91
ORD-105489,2024-06-17,2024-06-22,Second Class,CUST-2088,Consumer,East,Peterborough,Office Supplies,Art,3,98.56,0.0,295.68,80.74
ORD-105461,2024-06-17,2024-06-21,Standard Class,CUST-1099,Consumer,North,Leeds,Furniture,Furnishings,4,348.02,0.1,1252.87,-128.88
ORD-100808,2024-06-17,2024-06-20,Standard Class,CUST-2066,Corporate,East,Peterborough,Furniture,Furnishings,3,392.14,0.2,941.14,-37.08
ORD-106033,2024-06-17,2024-06-20,Standard Class,CUST-1571,Corporate,North,Leeds,Office Supplies,Storage,1,72.0,0.15,61.2,2.2
ORD-103389,2024-06-18,2024-06-22,Standard Class,CUST-1736,Consumer,West,Cardiff,Office Supplies,Binders,1,104.89,0.5,52.45,0.72
ORD-100570,2024-06-18,2024-06-21,Same Day,CUST-1538,Consumer,South,Brighton,Office Supplies,Paper,1,65.25,0.1,58.73,11.8
ORD-101014,2024-06-18,2024-06-20,Standard Class,CUST-1815,Consumer,Central,Nottingham,Technology,Accessories,3,708.29,0.0,2124.87,278.28
ORD-100604,2024-06-18,2024-06-21,Second Class,CUST-2464,Consumer,Central,Coventry,Office Supplies,Labels,3,76.09,0.0,228.27,37.3
ORD-106326,2024-06-18,2024-06-23,Standard Class,CUST-2059,Consumer,West,Cardiff,Office Supplies,Labels,6,69.89,0.1,377.41,92.55
ORD-104494,2024-06-18,2024-06-20,Second Class,CUST-1563,Home Office,North,Manchester,Technology,Copiers,3,431.25,0.1,1164.38,-123.96
ORD-104291,2024-06-18,2024-06-22,Standard Class,CUST-1930,Corporate,North,Leeds,Office Supplies,Storage,1,101.04,0.15,85.88,15.45
ORD-103644,2024-06-19,2024-06-23,Standard Class,CUST-1795,Consumer,South,Reading,Furniture,Chairs,2,610.44,0.2,976.7,37.04
ORD-106431,2024-06-19,2024-06-20,Second Class,CUST-1052,Home Office,Central,Birmingham,Furniture,Bookcases,1,364.34,0.1,327.91,8.15
ORD-102048,2024-06-19,2024-06-22,First Class,CUST-2394,Consumer,West,Plymouth,Office Supplies,Binders,1,112.27,0.0,112.27,30.77
ORD-105116,2024-06-19,2024-06-23,Standard Class,CUST-1272,Home Office,East,Norwich,Office Supplies,Labels,1,51.62,0.0,51.62,11.02
ORD-105423,2024-06-19,2024-06-21,Second Class,CUST-2040,Consumer,East,Peterborough,Furniture,Furnishings,3,763.59,0.0,2290.77,167.49
ORD-105951,2024-06-19,2024-06-24,First Class,CUST-1245,Consumer,South,Portsmouth,Office Supplies,Storage,2,25.32,0.0,50.64,5.98
ORD-104348,2024-06-19,2024-06-23,Standard Class,CUST-1640,Consumer,North,Sheffield,Furniture,Bookcases,1,195.74,0.1,176.17,11.8
ORD-101489,2024-06-19,2024-06-25,Standard Class,CUST-1265,Home Office,Central,Birmingham,Technology,Machines,1,1226.75,0.15,1042.74,212.88
ORD-105522,2024-06-19,2024-06-23,Standard Class,CUST-2176,Consumer,North,Sheffield,Furniture,Chairs,6,402.21,0.15,2051.27,-241.13
ORD-103166,2024-06-19,2024-06-23,Standard Class,CUST-2341,Home Office,West,Plymouth,Technology,Phones,1,840.98,0.15,714.83,9.22
ORD-103131,2024-06-20,2024-06-24,Standard Class,CUST-1045,Home Office,South,Brighton,Furniture,Chairs,2,582.59,0.0,1165.18,144.61
ORD-100338,2024-06-20,2024-06-24,Standard Class,CUST-1196,Consumer,East,Norwich,Office Supplies,Art,2,5.46,0.2,8.74,1.55
ORD-102014,2024-06-20,2024-06-27,Same Day,CUST-1825,Consumer,East,Norwich,Office Supplies,Labels,2,12.49,0.2,19.98,0.95
ORD-104900,2024-06-20,2024-06-23,Standard Class,CUST-2108,Consumer,East,Norwich,Office Supplies,Storage,1,98.37,0.0,98.37,28.31
ORD-104999,2024-06-20,2024-06-25,Standard Class,CUST-2086,Consumer,East,Cambridge,Furniture,Furnishings,3,459.54,0.0,1378.62,221.8
ORD-102273,2024-06-20,2024-06-21,Standard Class,CUST-1760,Consumer,South,Portsmouth,Office Supplies,Labels,3,113.51,0.15,289.45,46.44
ORD-105916,2024-06-20,2024-06-21,Standard Class,CUST-1728,Consumer,South,Reading,Office Supplies,Storage,4,92.89,0.0,371.56,19.85
ORD-103171,2024-06-20,2024-06-22,Second Class,CUST-1967,Home Office,East,Cambridge,Office Supplies,Binders,3,118.8,0.0,356.4,25.78
ORD-103214,2024-06-21,2024-06-23,Standard Class,CUST-2320,Consumer,Central,Birmingham,Office Supplies,Labels,2,87.53,0.1,157.55,31.44
ORD-106201,2024-06-21,2024-06-25,Standard Class,CUST-1539,Home Office,Central,Leicester,Office Supplies,Storage,2,78.7,0.1,141.66,29.59
ORD-104780,2024-06-21,2024-06-26,Standard Class,CUST-2321,Consumer,South,Southampton,Furniture,Bookcases,1,652.89,0.2,522.31,-42.01
ORD-105571,2024-06-21,2024-06-25,Standard Class,CUST-1876,Corporate,West,Plymouth,Office Supplies,Paper,2,34.61,0.15,58.84,5.43
ORD-101281,2024-06-21,2024-06-25,Standard Class,CUST-1462,Corporate,Central,Birmingham,Furniture,Bookcases,1,455.66,0.1,410.09,13.64
ORD-105893,2024-06-21,2024-06-25,Same Day,CUST-2244,Consumer,West,Bristol,Office Supplies,Binders,2,66.04,0.0,132.08,20.04
ORD-105869,2024-06-21,2024-06-22,Second Class,CUST-1632,Home Office,North,Manchester,Office Supplies,Labels,4,39.61,0.0,158.44,16.14
ORD-102935,2024-06-21,2024-06-26,Standard Class,CUST-2484,Consumer,East,Norwich,Office Supplies,Binders,1,40.34,0.0,40.34,4.68
ORD-105718,2024-06-21,2024-06-24,Standard Class,CUST-1727,Corporate,Central,Leicester,Furniture,Chairs,1,423.6,0.0,423.6,-12.48
ORD-102592,2024-06-22,2024-06-26,Standard Class,CUST-1759,Corporate,East,Ipswich,Technology,Phones,3,847.14,0.15,2160.21,267.03
ORD-105752,2024-06-22,2024-06-28,Same Day,CUST-1888,Consumer,North,Leeds,Furniture,Bookcases,5,611.79,0.3,2141.26,-346.44
ORD-106497,2024-06-22,2024-06-24,Second Class,CUST-2393,Home Office,Central,Nottingham,Office Supplies,Storage,1,61.41,0.3,42.99,-0.27
ORD-103070,2024-06-22,2024-06-27,Standard Class,CUST-1078,Corporate,North,Sheffield,Office Supplies,Art,1,37.54,0.2,30.03,0.66
ORD-105924,2024-06-22,2024-06-27,Standard Class,CUST-1921,Consumer,East,Ipswich,Office Supplies,Paper,3,38.85,0.3,81.58,4.91
ORD-105436,2024-06-22,2024-06-26,Standard Class,CUST-2086,Consumer,Central,Leicester,Office Supplies,Labels,3,111.46,0.0,334.38,82.89
ORD-102154,2024-06-22,2024-06-25,First Class,CUST-1494,Consumer,West,Bristol,Furniture,Chairs,2,137.67,0.15,234.04,-9.88
ORD-101005,2024-06-22,2024-06-26,Standard Class,CUST-1920,Corporate,South,Reading,Office Supplies,Storage,2,108.47,0.15,184.4,36.72
ORD-106212,2024-06-22,2024-06-24,Second Class,CUST-1396,Home Office,North,Newcastle,Office Supplies,Art,2,50.57,0.0,101.14,10.51
ORD-104345,2024-06-22,2024-06-25,Second Class,CUST-1863,Home Office,East,Norwich,Office Supplies,Labels,3,37.73,0.15,96.21,20.19
ORD-100437,2024-06-22,2024-06-25,Second Class,CUST-2272,Consumer,East,Ipswich,Furniture,Chairs,1,665.41,0.1,598.87,17.56
ORD-102003,2024-06-22,2024-06-27,First Class,CUST-2434,Consumer,South,Brighton,Furniture,Furnishings,4,442.18,0.0,1768.72,278.07
ORD-103884,2024-06-23,2024-06-27,Standard Class,CUST-1140,Consumer,South,Southampton,Technology,Phones,3,473.28,0.15,1206.86,6.81
ORD-104782,2024-06-23,2024-06-27,First Class,CUST-2399,Corporate,East,Peterborough,Furniture,Bookcases,5,731.3,0.4,2193.9,-402.21
ORD-102386,2024-06-24,2024-06-29,Second Class,CUST-1684,Consumer,East,Ipswich,Office Supplies,Labels,4,35.52,0.0,142.08,39.52
ORD-102500,2024-06-24,2024-06-25,Second Class,CUST-1366,Consumer,West,Plymouth,Office Supplies,Art,2,16.47,0.0,32.94,9.37
ORD-103059,2024-06-25,2024-06-26,Standard Class,CUST-1823,Corporate,Central,Leicester,Office Supplies,Labels,2,102.73,0.15,174.64,33.98
ORD-106348,2024-06-25,2024-06-28,Same Day,CUST-1428,Home Office,North,Newcastle,Office Supplies,Storage,1,39.85,0.0,39.85,13.5
ORD-104604,2024-06-25,2024-06-27,Standard Class,CUST-1403,Consumer,North,Newcastle,Office Supplies,Binders,3,16.52,0.4,29.74,-3.12
ORD-101796,2024-06-25,2024-07-02,Standard Class,CUST-1900,Corporate,East,Ipswich,Furniture,Tables,3,775.24,0.1,2093.15,1.25
ORD-106263,2024-06-25,2024-06-27,First Class,CUST-1270,Consumer,West,Cardiff,Office Supplies,Binders,1,83.34,0.1,75.01,19.83
ORD-105659,2024-06-26,2024-06-30,Standard Class,CUST-1071,Corporate,North,Sheffield,Office Supplies,Storage,5,107.02,0.0,535.1,112.3
ORD-104969,2024-06-26,2024-06-30,Standard Class,CUST-1055,Corporate,West,Exeter,Office Supplies,Paper,2,8.43,0.0,16.86,3.87
ORD-106464,2024-06-26,2024-06-30,Second Class,CUST-2201,Home Office,North,Newcastle,Technology,Copiers,4,1507.8,0.0,6031.2,655.88
ORD-105879,2024-06-26,2024-06-30,Standard Class,CUST-1202,Consumer,North,Newcastle,Technology,Machines,4,1161.79,0.2,3717.73,24.68
ORD-100968,2024-06-26,2024-06-28,Standard Class,CUST-2221,Consumer,South,Portsmouth,Technology,Accessories,3,1782.44,0.2,4277.86,-434.74
ORD-105421,2024-06-26,2024-06-30,Second Class,CUST-1137,Consumer,West,Exeter,Office Supplies,Art,5,27.91,0.1,125.6,18.69
ORD-100064,2024-06-27,2024-07-01,Standard Class,CUST-2384,Corporate,North,Manchester,Technology,Phones,1,402.51,0.1,362.26,83.4
ORD-104233,2024-06-27,2024-06-30,Standard Class,CUST-2125,Home Office,Central,Birmingham,Office Supplies,Binders,3,112.42,0.0,337.26,48.8
ORD-106024,2024-06-27,2024-06-28,Standard Class,CUST-1373,Consumer,East,Ipswich,Furniture,Tables,1,347.64,0.2,278.11,-5.88
ORD-106064,2024-06-27,2024-07-03,Standard Class,CUST-1811,Corporate,East,Peterborough,Technology,Copiers,1,518.94,0.0,518.94,5.53
ORD-103919,2024-06-27,2024-07-03,Standard Class,CUST-1802,Corporate,North,Sheffield,Office Supplies,Storage,4,118.76,0.2,380.03,58.11
ORD-102297,2024-06-27,2024-07-02,Standard Class,CUST-1413,Home Office,North,Manchester,Office Supplies,Labels,1,36.64,0.15,31.14,0.48
ORD-101587,2024-06-27,2024-06-30,Standard Class,CUST-1701,Consumer,East,Norwich,Office Supplies,Paper,6,16.87,0.0,101.22,32.13
ORD-101516,2024-06-27,2024-06-29,Standard Class,CUST-1522,Consumer,East,Cambridge,Furniture,Bookcases,1,172.16,0.0,172.16,8.4
ORD-103749,2024-06-27,2024-07-02,Standard Class,CUST-2158,Home Office,West,Bristol,Office Supplies,Labels,2,67.16,0.1,120.89,17.67
ORD-102578,2024-06-27,2024-07-01,Standard Class,CUST-1346,Consumer,Central,Birmingham,Technology,Copiers,3,1374.58,0.3,2886.62,50.62
ORD-104402,2024-06-27,2024-07-01,First Class,CUST-2348,Home Office,South,Reading,Office Supplies,Art,4,19.64,0.0,78.56,6.89
ORD-100847,2024-06-28,2024-07-02,Standard Class,CUST-2489,Home Office,East,Peterborough,Office Supplies,Labels,1,79.2,0.0,79.2,25.11
ORD-106314,2024-06-28,2024-06-30,Second Class,CUST-1065,Corporate,Central,Coventry,Technology,Phones,1,527.05,0.1,474.34,2.77
ORD-105573,2024-06-28,2024-07-02,Standard Class,CUST-1135,Consumer,North,Leeds,Furniture,Bookcases,3,836.34,0.3,1756.31,-363.05
ORD-100285,2024-06-28,2024-07-02,First Class,CUST-1139,Consumer,North,Sheffield,Furniture,Chairs,1,80.98,0.1,72.88,-4.04
ORD-102813,2024-06-28,2024-07-01,Second Class,CUST-1913,Corporate,South,Southampton,Office Supplies,Art,5,20.04,0.0,100.2,15.37
ORD-100978,2024-06-28,2024-06-30,Standard Class,CUST-2105,Corporate,East,Cambridge,Technology,Copiers,2,718.8,0.0,1437.6,215.96
ORD-102195,2024-06-28,2024-07-02,First Class,CUST-1026,Corporate,West,Bristol,Office Supplies,Binders,2,90.26,0.0,180.52,56.48
ORD-103302,2024-06-28,2024-07-03,First Class,CUST-1286,Corporate,North,Newcastle,Office Supplies,Labels,3,77.25,0.1,208.58,43.09
ORD-105527,2024-06-29,2024-07-02,First Class,CUST-1608,Corporate,East,Cambridge,Furniture,Furnishings,1,698.1,0.2,558.48,24.32
ORD-104071,2024-06-29,2024-07-04,Standard Class,CUST-1623,Corporate,Central,Leicester,Technology,Copiers,2,1465.34,0.3,2051.48,-45.21
ORD-104516,2024-06-29,2024-07-01,Same Day,CUST-1134,Home Office,North,Sheffield,Office Supplies,Binders,2,16.52,0.1,29.74,4.82
ORD-106149,2024-06-29,2024-07-01,Second Class,CUST-2441,Consumer,North,Leeds,Technology,Phones,2,872.49,0.2,1395.98,250.85
ORD-105626,2024-06-29,2024-07-04,Second Class,CUST-1423,Consumer,East,Norwich,Office Supplies,Labels,3,12.03,0.0,36.09,8.54
ORD-105422,2024-06-29,2024-07-02,Standard Class,CUST-2242,Consumer,West,Exeter,Office Supplies,Storage,4,17.2,0.0,68.8,9.38
ORD-103978,2024-06-29,2024-06-30,Same Day,CUST-1027,Corporate,East,Cambridge,Technology,Copiers,4,1015.46,0.5,2030.92,-690.34
ORD-105674,2024-06-29,2024-07-04,Standard Class,CUST-2214,Corporate,Central,Birmingham,Office Supplies,Art,5,119.18,0.1,536.31,21.08
ORD-101184,2024-06-29,2024-07-03,Standard Class,CUST-1152,Consumer,South,Brighton,Technology,Machines,3,1512.9,0.4,2723.22,-580.14
ORD-102854,2024-06-29,2024-07-03,Second Class,CUST-1987,Home Office,South,Southampton,Office Supplies,Storage,6,73.78,0.4,265.61,4.55
ORD-101398,2024-06-30,2024-07-03,Second Class,CUST-2165,Home Office,North,Newcastle,Technology,Phones,5,1507.12,0.1,6782.04,747.08
ORD-102351,2024-06-30,2024-07-05,First Class,CUST-1120,Consumer,Central,Coventry,Technology,Copiers,3,1767.42,0.0,5302.26,99.15
ORD-103220,2024-06-30,2024-07-06,Second Class,CUST-1047,Corporate,West,Bristol,Technology,Accessories,2,402.65,0.0,805.3,5.04
ORD-101380,2024-06-30,2024-07-06,Standard Class,CUST-2132,Home Office,North,Manchester,Furniture,Tables,6,167.19,0.0,1003.14,-11.57
ORD-100317,2024-06-30,2024-07-04,Standard Class,CUST-1553,Corporate,East,Cambridge,Office Supplies,Art,3,30.3,0.15,77.27,14.23
ORD-101996,2024-06-30,2024-07-03,Standard Class,CUST-1336,Consumer,North,Sheffield,Technology,Phones,4,411.07,0.15,1397.64,226.85
ORD-101202,2024-06-30,2024-07-05,Second Class,CUST-2262,Corporate,Central,Nottingham,Office Supplies,Storage,2,90.94,0.15,154.6,15.14
ORD-103180,2024-07-01,2024-07-07,Standard Class,CUST-2341,Consumer,North,Leeds,Technology,Accessories,4,879.84,0.0,3519.36,920.24
ORD-105751,2024-07-01,2024-07-06,Standard Class,CUST-1618,Consumer,North,Manchester,Office Supplies,Storage,1,108.28,0.15,92.04,4.27
ORD-105370,2024-07-01,2024-07-06,Standard Class,CUST-1918,Consumer,North,Newcastle,Office Supplies,Paper,1,105.87,0.2,84.7,-2.26
ORD-105814,2024-07-01,2024-07-03,Standard Class,CUST-2176,Home Office,Central,Leicester,Office Supplies,Art,3,74.3,0.0,222.9,43.6
ORD-100080,2024-07-01,2024-07-05,Standard Class,CUST-1545,Corporate,West,Cardiff,Technology,Phones,2,1581.08,0.1,2845.94,70.51
ORD-101552,2024-07-01,2024-07-06,Same Day,CUST-1991,Consumer,Central,Leicester,Technology,Accessories,3,1723.73,0.3,3619.83,-520.58
ORD-102429,2024-07-01,2024-07-03,Standard Class,CUST-2363,Corporate,Central,Nottingham,Office Supplies,Paper,3,96.92,0.1,261.68,9.13
ORD-103052,2024-07-01,2024-07-05,Second Class,CUST-2435,Home Office,South,Reading,Furniture,Tables,4,706.07,0.0,2824.28,-7.53
ORD-106259,2024-07-01,2024-07-03,First Class,CUST-1595,Corporate,East,Peterborough,Furniture,Bookcases,4,211.74,0.1,762.26,-55.94
ORD-106452,2024-07-02,2024-07-08,Same Day,CUST-1968,Corporate,South,Southampton,Technology,Accessories,5,847.99,0.0,4239.95,615.02
ORD-103799,2024-07-02,2024-07-04,First Class,CUST-1389,Home Office,Central,Leicester,Office Supplies,Paper,3,46.2,0.15,117.81,11.56
ORD-103291,2024-07-02,2024-07-03,Same Day,CUST-1585,Consumer,East,Peterborough,Technology,Machines,4,261.66,0.1,941.98,-7.82
ORD-104332,2024-07-02,2024-07-09,First Class,CUST-1419,Corporate,North,Leeds,Technology,Accessories,1,1628.87,0.0,1628.87,-17.55
ORD-101058,2024-07-02,2024-07-05,Standard Class,CUST-1959,Consumer,North,Sheffield,Office Supplies,Binders,1,6.93,0.1,6.24,0.5
ORD-100199,2024-07-02,2024-07-05,Standard Class,CUST-2426,Consumer,South,Reading,Office Supplies,Storage,4,67.23,0.0,268.92,16.16
ORD-104373,2024-07-02,2024-07-09,Standard Class,CUST-2337,Corporate,Central,Leicester,Technology,Copiers,3,783.87,0.15,1998.87,-36.89
ORD-104200,2024-07-02,2024-07-05,First Class,CUST-1528,Consumer,North,Newcastle,Technology,Copiers,1,1166.94,0.0,1166.94,-110.96
ORD-103531,2024-07-02,2024-07-05,First Class,CUST-1585,Consumer,Central,Nottingham,Office Supplies,Storage,1,89.44,0.0,89.44,17.86
ORD-100905,2024-07-02,2024-07-08,Standard Class,CUST-1604,Corporate,North,Newcastle,Office Supplies,Art,1,47.61,0.1,42.85,11.8
ORD-103991,2024-07-02,2024-07-04,Second Class,CUST-1061,Corporate,West,Cardiff,Office Supplies,Binders,2,13.42,0.0,26.84,3.24
ORD-103576,2024-07-03,2024-07-06,Standard Class,CUST-1439,Home Office,East,Cambridge,Office Supplies,Art,2,57.52,0.5,57.52,-0.42
ORD-102612,2024-07-03,2024-07-05,First Class,CUST-2467,Home Office,East,Norwich,Technology,Machines,4,1332.38,0.0,5329.52,111.93
ORD-105388,2024-07-03,2024-07-07,Standard Class,CUST-1050,Consumer,East,Cambridge,Furniture,Furnishings,4,135.21,0.1,486.76,0.87
ORD-101843,2024-07-03,2024-07-06,Standard Class,CUST-1271,Corporate,West,Exeter,Office Supplies,Labels,3,43.65,0.1,117.85,18.54
ORD-102469,2024-07-03,2024-07-07,Standard Class,CUST-2272,Consumer,Central,Nottingham,Furniture,Chairs,3,125.3,0.15,319.51,21.47
ORD-103110,2024-07-04,2024-07-07,Standard Class,CUST-1416,Corporate,South,Brighton,Furniture,Chairs,1,303.17,0.3,212.22,-42.09
ORD-102030,2024-07-04,2024-07-07,Standard Class,CUST-1947,Corporate,East,Cambridge,Technology,Copiers,3,1484.52,0.0,4453.56,793.41
ORD-100656,2024-07-04,2024-07-06,Standard Class,CUST-1386,Consumer,Central,Nottingham,Technology,Phones,1,1555.82,0.4,933.49,-225.25
ORD-101823,2024-07-04,2024-07-08,Standard Class,CUST-1017,Consumer,South,Portsmouth,Technology,Phones,1,927.44,0.1,834.7,-53.45
ORD-104020,2024-07-04,2024-07-07,First Class,CUST-1539,Consumer,East,Peterborough,Furniture,Bookcases,2,195.6,0.0,391.2,-17.99
ORD-100515,2024-07-04,2024-07-06,Standard Class,CUST-1738,Corporate,West,Exeter,Technology,Copiers,1,567.62,0.1,510.86,51.47
ORD-105478,2024-07-04,2024-07-10,Standard Class,CUST-2327,Corporate,Central,Birmingham,Furniture,Chairs,1,688.2,0.0,688.2,52.55
ORD-106058,2024-07-04,2024-07-07,Standard Class,CUST-1263,Corporate,South,Portsmouth,Office Supplies,Art,3,9.35,0.4,16.83,-0.91
ORD-102189,2024-07-04,2024-07-07,Standard Class,CUST-1382,Corporate,South,Brighton,Furniture,Furnishings,1,236.13,0.1,212.52,-0.84
ORD-102504,2024-07-04,2024-07-07,Standard Class,CUST-1995,Consumer,West,Bristol,Technology,Machines,1,1131.98,0.0,1131.98,190.64
ORD-102128,2024-07-04,2024-07-09,Same Day,CUST-2076,Corporate,West,Cardiff,Technology,Copiers,3,1092.43,0.1,2949.56,592.76
ORD-100745,2024-07-04,2024-07-07,Standard Class,CUST-1577,Consumer,South,Portsmouth,Furniture,Tables,2,442.21,0.2,707.54,-12.91
ORD-100821,2024-07-04,2024-07-08,Standard Class,CUST-1483,Consumer,Central,Nottingham,Technology,Machines,1,634.57,0.1,571.11,-47.52
ORD-103124,2024-07-05,2024-07-09,Standard Class,CUST-2026,Consumer,North,Newcastle,Furniture,Bookcases,4,130.17,0.1,468.61,-4.48
ORD-104641,2024-07-05,2024-07-07,Standard Class,CUST-1424,Consumer,East,Peterborough,Office Supplies,Storage,1,92.62,0.0,92.62,20.07
ORD-101608,2024-07-05,2024-07-08,First Class,CUST-2046,Consumer,East,Norwich,Office Supplies,Paper,2,92.35,0.4,110.82,0.36
ORD-104208,2024-07-05,2024-07-08,First Class,CUST-1995,Consumer,West,Bristol,Technology,Phones,4,67.61,0.0,270.44,18.81
ORD-102117,2024-07-05,2024-07-10,Second Class,CUST-2275,Consumer,West,Bristol,Technology,Accessories,5,851.86,0.4,2555.58,90.04
ORD-101853,2024-07-06,2024-07-10,Standard Class,CUST-1666,Consumer,Central,Leicester,Office Supplies,Storage,1,18.98,0.1,17.08,2.49
ORD-100198,2024-07-06,2024-07-10,Standard Class,CUST-2036,Consumer,North,Newcastle,Office Supplies,Paper,4,85.73,0.0,342.92,24.65
ORD-103450,2024-07-06,2024-07-10,Standard Class,CUST-1879,Home Office,South,Portsmouth,Office Supplies,Art,3,106.64,0.0,319.92,29.02
ORD-100435,2024-07-07,2024-07-10,Same Day,CUST-1254,Home Office,South,Southampton,Furniture,Tables,3,746.19,0.2,1790.86,-16.31
ORD-106205,2024-07-07,2024-07-10,Same Day,CUST-2475,Consumer,West,Bristol,Office Supplies,Labels,1,55.02,0.15,46.77,5.31
ORD-102603,2024-07-07,2024-07-10,Standard Class,CUST-1929,Corporate,North,Sheffield,Furniture,Chairs,3,859.66,0.5,1289.49,-187.81
ORD-103416,2024-07-07,2024-07-13,Standard Class,CUST-1333,Corporate,South,Portsmouth,Office Supplies,Art,1,43.61,0.1,39.25,5.25
ORD-105380,2024-07-08,2024-07-10,First Class,CUST-1835,Consumer,Central,Birmingham,Office Supplies,Paper,3,54.6,0.3,114.66,15.57
ORD-105383,2024-07-08,2024-07-10,Second Class,CUST-1185,Home Office,Central,Birmingham,Office Supplies,Paper,2,64.44,0.15,109.55,26.67
ORD-101553,2024-07-08,2024-07-09,Standard Class,CUST-1061,Consumer,North,Newcastle,Furniture,Bookcases,2,165.17,0.2,264.27,-1.65
ORD-102535,2024-07-08,2024-07-12,Standard Class,CUST-2289,Consumer,East,Peterborough,Office Supplies,Labels,4,94.69,0.5,189.38,-10.07
ORD-102766,2024-07-08,2024-07-11,Same Day,CUST-1148,Consumer,North,Manchester,Office Supplies,Storage,1,18.14,0.0,18.14,5.3
ORD-100036,2024-07-08,2024-07-12,Same Day,CUST-1763,Corporate,North,Manchester,Furniture,Tables,2,331.06,0.0,662.12,107.71
ORD-105485,2024-07-08,2024-07-11,Same Day,CUST-1828,Consumer,North,Manchester,Furniture,Tables,2,200.59,0.0,401.18,59.73
ORD-104144,2024-07-09,2024-07-12,Standard Class,CUST-2046,Consumer,Central,Birmingham,Technology,Machines,1,586.88,0.4,352.13,-59.55
ORD-103737,2024-07-09,2024-07-12,First Class,CUST-1034,Consumer,North,Sheffield,Technology,Accessories,2,474.31,0.1,853.76,-58.95
ORD-105730,2024-07-09,2024-07-13,Standard Class,CUST-1215,Consumer,East,Cambridge,Technology,Phones,1,1025.28,0.0,1025.28,-86.22
ORD-104904,2024-07-09,2024-07-12,Same Day,CUST-1625,Consumer,East,Ipswich,Technology,Accessories,1,1246.32,0.15,1059.37,105.81
ORD-100487,2024-07-09,2024-07-10,Standard Class,CUST-1715,Home Office,Central,Leicester,Technology,Phones,2,363.27,0.1,653.89,131.57
ORD-104394,2024-07-09,2024-07-11,Same Day,CUST-2363,Consumer,Central,Coventry,Technology,Copiers,2,505.31,0.0,1010.62,283.08
ORD-105014,2024-07-09,2024-07-12,Standard Class,CUST-1766,Home Office,West,Exeter,Office Supplies,Art,4,81.07,0.4,194.57,-18.4
ORD-105227,2024-07-09,2024-07-10,First Class,CUST-1230,Corporate,North,Sheffield,Office Supplies,Paper,1,16.04,0.0,16.04,3.91
ORD-100297,2024-07-09,2024-07-15,Standard Class,CUST-1495,Corporate,West,Exeter,Office Supplies,Labels,1,68.21,0.0,68.21,20.49
ORD-102425,2024-07-09,2024-07-12,Second Class,CUST-1534,Corporate,South,Southampton,Technology,Accessories,4,1529.01,0.0,6116.04,-273.36
ORD-103168,2024-07-10,2024-07-15,Standard Class,CUST-1406,Consumer,West,Exeter,Office Supplies,Binders,3,101.48,0.0,304.44,95.48
ORD-104844,2024-07-10,2024-07-13,Standard Class,CUST-2148,Consumer,East,Peterborough,Technology,Accessories,2,1316.91,0.3,1843.67,-478.75
ORD-103634,2024-07-10,2024-07-15,Standard Class,CUST-1173,Consumer,South,Brighton,Office Supplies,Storage,2,51.49,0.15,87.53,5.18
ORD-105389,2024-07-10,2024-07-14,Second Class,CUST-2109,Corporate,East,Norwich,Office Supplies,Binders,5,22.15,0.15,94.14,-2.47
ORD-105470,2024-07-10,2024-07-13,Same Day,CUST-2030,Consumer,North,Manchester,Office Supplies,Labels,2,41.66,0.0,83.32,15.85
ORD-103510,2024-07-10,2024-07-15,Standard Class,CUST-1611,Corporate,West,Plymouth,Technology,Accessories,1,843.33,0.4,506.0,-54.02
ORD-103203,2024-07-11,2024-07-14,Standard Class,CUST-1607,Consumer,North,Manchester,Furniture,Chairs,1,562.46,0.1,506.21,32.52
ORD-101788,2024-07-11,2024-07-16,Standard Class,CUST-1654,Corporate,East,Cambridge,Technology,Phones,5,1345.39,0.0,6726.95,902.91
ORD-103247,2024-07-11,2024-07-14,Standard Class,CUST-2019,Consumer,West,Exeter,Office Supplies,Paper,3,98.98,0.0,296.94,48.32
ORD-105739,2024-07-11,2024-07-15,Standard Class,CUST-1876,Consumer,East,Norwich,Office Supplies,Paper,4,104.72,0.0,418.88,21.38
ORD-104447,2024-07-11,2024-07-16,Standard Class,CUST-1377,Home Office,West,Bristol,Technology,Machines,2,929.16,0.3,1300.82,-237.43
ORD-106197,2024-07-11,2024-07-15,Second Class,CUST-1608,Corporate,Central,Nottingham,Furniture,Tables,3,799.07,0.1,2157.49,112.13
ORD-106029,2024-07-12,2024-07-13,First Class,CUST-2273,Consumer,Central,Leicester,Technology,Copiers,4,1003.47,0.1,3612.49,568.42
ORD-100196,2024-07-12,2024-07-17,Same Day,CUST-1000,Consumer,East,Cambridge,Furniture,Bookcases,1,61.95,0.0,61.95,1.77
ORD-100552,2024-07-12,2024-07-13,Standard Class,CUST-2252,Consumer,West,Plymouth,Office Supplies,Paper,5,83.65,0.0,418.25,65.67
ORD-105349,2024-07-12,2024-07-18,Standard Class,CUST-2304,Consumer,South,Portsmouth,Furniture,Bookcases,4,169.92,0.3,475.78,-46.33
ORD-100302,2024-07-12,2024-07-15,First Class,CUST-1797,Consumer,East,Ipswich,Furniture,Bookcases,5,829.79,0.15,3526.61,17.13
ORD-102245,2024-07-12,2024-07-15,Standard Class,CUST-1259,Consumer,West,Cardiff,Furniture,Chairs,3,584.24,0.1,1577.45,49.24
ORD-102296,2024-07-12,2024-07-15,First Class,CUST-1630,Home Office,West,Cardiff,Office Supplies,Labels,3,97.9,0.5,146.85,-9.63
ORD-100421,2024-07-12,2024-07-16,Standard Class,CUST-1177,Consumer,South,Reading,Furniture,Bookcases,2,325.13,0.1,585.23,-21.2
ORD-104740,2024-07-12,2024-07-16,Standard Class,CUST-1984,Corporate,East,Norwich,Office Supplies,Binders,4,9.34,0.3,26.15,1.72
ORD-105907,2024-07-13,2024-07-16,Standard Class,CUST-2495,Consumer,South,Reading,Office Supplies,Paper,1,110.6,0.1,99.54,23.57
ORD-103964,2024-07-13,2024-07-19,Standard Class,CUST-1999,Consumer,East,Cambridge,Technology,Phones,1,79.43,0.15,67.52,-6.21
ORD-101738,2024-07-13,2024-07-19,Standard Class,CUST-1338,Consumer,North,Newcastle,Furniture,Bookcases,2,257.31,0.0,514.62,3.28
ORD-104980,2024-07-13,2024-07-16,Same Day,CUST-2490,Corporate,East,Peterborough,Office Supplies,Storage,4,39.9,0.0,159.6,21.04
ORD-100046,2024-07-13,2024-07-17,Standard Class,CUST-1523,Home Office,Central,Birmingham,Furniture,Bookcases,1,86.72,0.1,78.05,1.01
ORD-101532,2024-07-14,2024-07-17,Standard Class,CUST-2016,Consumer,North,Manchester,Technology,Accessories,2,593.89,0.1,1069.0,-24.89
ORD-100417,2024-07-14,2024-07-17,Second Class,CUST-2358,Home Office,East,Cambridge,Office Supplies,Paper,2,93.34,0.0,186.68,30.87
ORD-103136,2024-07-14,2024-07-18,Second Class,CUST-1368,Home Office,South,Reading,Office Supplies,Storage,4,33.53,0.0,134.12,22.38
ORD-101547,2024-07-14,2024-07-18,Standard Class,CUST-2196,Corporate,South,Southampton,Office Supplies,Storage,2,96.48,0.1,173.66,24.91
ORD-106302,2024-07-14,2024-07-16,Standard Class,CUST-2240,Corporate,Central,Nottingham,Office Supplies,Art,1,95.76,0.2,76.61,5.61
ORD-103679,2024-07-15,2024-07-20,Standard Class,CUST-2051,Home Office,North,Newcastle,Technology,Accessories,2,1746.8,0.0,3493.6,778.23
ORD-105250,2024-07-15,2024-07-20,Standard Class,CUST-2364,Home Office,South,Portsmouth,Technology,Machines,2,1254.94,0.1,2258.89,346.04
ORD-100667,2024-07-15,2024-07-18,Standard Class,CUST-2416,Consumer,Central,Birmingham,Office Supplies,Art,6,34.36,0.0,206.16,51.09
ORD-101076,2024-07-15,2024-07-19,Same Day,CUST-1994,Corporate,East,Norwich,Technology,Phones,1,532.17,0.3,372.52,-93.54
ORD-103295,2024-07-15,2024-07-19,Standard Class,CUST-1799,Consumer,East,Ipswich,Technology,Phones,2,828.39,0.0,1656.78,66.98
ORD-103425,2024-07-15,2024-07-18,Second Class,CUST-1062,Consumer,Central,Nottingham,Technology,Accessories,2,516.19,0.2,825.9,-164.55
ORD-105810,2024-07-15,2024-07-21,First Class,CUST-1941,Corporate,Central,Coventry,Office Supplies,Paper,1,59.57,0.5,29.79,-4.49
ORD-105194,2024-07-15,2024-07-19,First Class,CUST-1048,Corporate,South,Southampton,Technology,Accessories,1,412.02,0.0,412.02,6.14
ORD-103801,2024-07-15,2024-07-22,Standard Class,CUST-1581,Consumer,South,Reading,Office Supplies,Paper,1,92.33,0.1,83.1,5.53
ORD-102533,2024-07-16,2024-07-19,Standard Class,CUST-2209,Home Office,West,Bristol,Furniture,Furnishings,3,754.57,0.0,2263.71,0.43
ORD-105272,2024-07-16,2024-07-18,Same Day,CUST-1900,Consumer,North,Manchester,Furniture,Chairs,1,757.66,0.5,378.83,-94.57
ORD-105292,2024-07-16,2024-07-22,First Class,CUST-2228,Consumer,North,Manchester,Office Supplies,Binders,2,82.83,0.1,149.09,16.11
ORD-105724,2024-07-17,2024-07-21,First Class,CUST-2169,Consumer,West,Cardiff,Office Supplies,Labels,1,43.8,0.0,43.8,8.13
ORD-106324,2024-07-17,2024-07-20,Standard Class,CUST-2339,Consumer,South,Brighton,Office Supplies,Storage,3,111.36,0.0,334.08,93.18
ORD-104038,2024-07-17,2024-07-23,Standard Class,CUST-1720,Home Office,West,Exeter,Technology,Machines,1,1392.33,0.0,1392.33,154.43
ORD-102690,2024-07-17,2024-07-19,Standard Class,CUST-1655,Consumer,West,Plymouth,Office Supplies,Art,4,71.03,0.0,284.12,42.53
ORD-103175,2024-07-17,2024-07-21,Standard Class,CUST-1287,Corporate,South,Portsmouth,Technology,Accessories,2,1482.88,0.15,2520.9,-12.69
ORD-105254,2024-07-17,2024-07-21,Standard Class,CUST-1284,Corporate,North,Leeds,Office Supplies,Labels,3,34.13,0.2,81.91,-5.73
ORD-101813,2024-07-17,2024-07-22,Standard Class,CUST-2113,Corporate,North,Manchester,Technology,Accessories,1,1531.24,0.1,1378.12,287.53
ORD-104084,2024-07-17,2024-07-18,Standard Class,CUST-1805,Consumer,North,Manchester,Office Supplies,Art,1,72.08,0.2,57.66,0.42
ORD-104493,2024-07-18,2024-07-23,Standard Class,CUST-1404,Consumer,North,Sheffield,Technology,Copiers,2,943.49,0.3,1320.89,-131.52
ORD-103507,2024-07-18,2024-07-22,First Class,CUST-1045,Consumer,West,Bristol,Office Supplies,Binders,3,34.67,0.2,83.21,2.86
ORD-103495,2024-07-18,2024-07-22,First Class,CUST-1520,Home Office,East,Peterborough,Office Supplies,Art,1,59.27,0.0,59.27,12.04
ORD-104009,2024-07-18,2024-07-21,Standard Class,CUST-1507,Consumer,South,Portsmouth,Office Supplies,Art,1,12.18,0.1,10.96,1.99
ORD-100505,2024-07-18,2024-07-22,Second Class,CUST-1310,Consumer,West,Cardiff,Technology,Copiers,1,714.9,0.1,643.41,126.45
ORD-105025,2024-07-19,2024-07-22,Second Class,CUST-2291,Consumer,Central,Nottingham,Technology,Accessories,2,1786.08,0.1,3214.94,-283.83
ORD-105767,2024-07-19,2024-07-22,Second Class,CUST-1488,Consumer,North,Leeds,Technology,Machines,3,1136.7,0.0,3410.1,-235.68
ORD-100699,2024-07-19,2024-07-23,First Class,CUST-1854,Home Office,East,Peterborough,Office Supplies,Storage,2,32.51,0.0,65.02,9.89
ORD-103451,2024-07-19,2024-07-23,Standard Class,CUST-1176,Consumer,West,Cardiff,Office Supplies,Art,4,79.78,0.5,159.56,-31.65
ORD-101206,2024-07-19,2024-07-22,Standard Class,CUST-2045,Consumer,North,Sheffield,Office Supplies,Paper,1,90.08,0.2,72.06,9.46
ORD-102192,2024-07-20,2024-07-22,Standard Class,CUST-1438,Home Office,South,Southampton,Office Supplies,Paper,4,40.13,0.5,80.26,-17.81
ORD-103068,2024-07-20,2024-07-25,Second Class,CUST-1174,Consumer,South,Brighton,Technology,Copiers,1,495.79,0.3,347.05,31.86
ORD-104272,2024-07-20,2024-07-26,Standard Class,CUST-1747,Corporate,North,Leeds,Technology,Phones,2,1273.29,0.5,1273.29,-302.86
ORD-102035,2024-07-20,2024-07-24,Standard Class,CUST-1754,Corporate,East,Cambridge,Technology,Machines,4,147.48,0.0,589.92,21.76
ORD-102059,2024-07-20,2024-07-26,Standard Class,CUST-1659,Corporate,South,Southampton,Office Supplies,Art,1,108.0,0.4,64.8,-10.83
ORD-105382,2024-07-20,2024-07-26,Standard Class,CUST-2111,Corporate,East,Peterborough,Furniture,Chairs,1,531.48,0.1,478.33,-1.42
ORD-106426,2024-07-20,2024-07-23,First Class,CUST-2267,Consumer,Central,Leicester,Office Supplies,Art,5,104.74,0.0,523.7,144.27
ORD-103949,2024-07-20,2024-07-27,Second Class,CUST-2034,Home Office,West,Plymouth,Furniture,Bookcases,1,137.05,0.4,82.23,-6.01
ORD-102237,2024-07-20,2024-07-24,First Class,CUST-1644,Consumer,East,Norwich,Office Supplies,Labels,1,12.12,0.15,10.3,2.61
ORD-103798,2024-07-20,2024-07-26,Standard Class,CUST-1129,Consumer,South,Reading,Office Supplies,Storage,1,79.16,0.0,79.16,19.65
ORD-105502,2024-07-21,2024-07-25,Standard Class,CUST-1568,Home Office,Central,Nottingham,Furniture,Furnishings,2,426.21,0.1,767.18,-75.71
ORD-105433,2024-07-21,2024-07-24,Standard Class,CUST-2481,Consumer,East,Cambridge,Technology,Machines,1,874.81,0.15,743.59,-30.85
ORD-103029,2024-07-21,2024-07-28,Standard Class,CUST-2312,Consumer,North,Leeds,Technology,Copiers,3,291.27,0.2,699.05,-53.28
ORD-105804,2024-07-21,2024-07-25,Standard Class,CUST-1782,Consumer,South,Southampton,Office Supplies,Labels,5,84.6,0.1,380.7,16.14
ORD-104517,2024-07-21,2024-07-22,Standard Class,CUST-1347,Consumer,East,Peterborough,Office Supplies,Paper,3,47.6,0.0,142.8,46.14
ORD-102717,2024-07-21,2024-07-24,Standard Class,CUST-2290,Consumer,East,Norwich,Office Supplies,Storage,1,39.39,0.0,39.39,13.52
ORD-102122,2024-07-21,2024-07-23,Standard Class,CUST-1907,Corporate,North,Leeds,Furniture,Bookcases,5,580.05,0.2,2320.2,-243.6
ORD-100498,2024-07-22,2024-07-26,First Class,CUST-1165,Corporate,South,Portsmouth,Technology,Phones,1,1575.22,0.0,1575.22,402.37
ORD-104299,2024-07-22,2024-07-26,Standard Class,CUST-1819,Consumer,East,Peterborough,Office Supplies,Labels,1,46.9,0.0,46.9,2.77
ORD-102507,2024-07-23,2024-07-26,Second Class,CUST-1019,Consumer,West,Plymouth,Office Supplies,Art,1,62.39,0.2,49.91,7.75
ORD-101643,2024-07-23,2024-07-26,Standard Class,CUST-1229,Corporate,South,Southampton,Technology,Phones,4,1369.65,0.2,4382.88,-812.05
ORD-102860,2024-07-23,2024-07-27,Standard Class,CUST-1539,Corporate,West,Cardiff,Office Supplies,Storage,1,48.84,0.0,48.84,16.64
ORD-101425,2024-07-23,2024-07-27,Standard Class,CUST-1624,Consumer,East,Norwich,Furniture,Furnishings,3,661.26,0.0,1983.78,-72.31
ORD-103877,2024-07-23,2024-07-26,Second Class,CUST-1963,Consumer,North,Leeds,Technology,Machines,3,73.91,0.2,177.38,-4.01
ORD-104529,2024-07-23,2024-07-27,Standard Class,CUST-2316,Corporate,East,Norwich,Office Supplies,Labels,3,117.99,0.0,353.97,85.37
ORD-106192,2024-07-23,2024-07-26,Standard Class,CUST-2248,Consumer,East,Ipswich,Office Supplies,Binders,3,21.77,0.2,52.25,7.46
ORD-104952,2024-07-23,2024-07-27,Standard Class,CUST-1192,Corporate,North,Manchester,Furniture,Furnishings,1,175.91,0.1,158.32,0.63
ORD-105931,2024-07-24,2024-07-28,Standard Class,CUST-1997,Corporate,South,Southampton,Office Supplies,Art,1,78.12,0.1,70.31,-0.21
ORD-101098,2024-07-24,2024-07-28,Second Class,CUST-1719,Home Office,West,Exeter,Office Supplies,Art,2,29.26,0.1,52.67,7.7
ORD-101883,2024-07-24,2024-07-27,Standard Class,CUST-2180,Corporate,West,Exeter,Office Supplies,Labels,3,96.87,0.5,145.31,-8.89
ORD-100375,2024-07-24,2024-07-26,First Class,CUST-2221,Consumer,West,Exeter,Furniture,Chairs,3,602.25,0.0,1806.75,136.99
ORD-105255,2024-07-24,2024-07-28,Standard Class,CUST-1035,Corporate,North,Sheffield,Furniture,Chairs,1,102.02,0.15,86.72,2.7
ORD-102057,2024-07-25,2024-07-30,Standard Class,CUST-2106,Consumer,East,Cambridge,Office Supplies,Storage,3,79.47,0.0,238.41,14.86
ORD-102038,2024-07-25,2024-07-26,Second Class,CUST-2099,Home Office,South,Brighton,Furniture,Tables,1,493.78,0.15,419.71,-40.09
ORD-100246,2024-07-25,2024-07-30,Standard Class,CUST-1302,Consumer,North,Manchester,Furniture,Tables,4,851.73,0.2,2725.54,-11.64
ORD-100373,2024-07-25,2024-07-27,Standard Class,CUST-1218,Home Office,East,Ipswich,Office Supplies,Paper,4,66.72,0.0,266.88,89.84
ORD-104382,2024-07-25,2024-07-31,Standard Class,CUST-2409,Corporate,North,Leeds,Office Supplies,Binders,1,10.78,0.0,10.78,2.12
ORD-101892,2024-07-25,2024-07-30,Standard Class,CUST-2279,Corporate,South,Portsmouth,Furniture,Bookcases,2,533.78,0.4,640.54,-146.48
ORD-102196,2024-07-25,2024-07-30,Standard Class,CUST-1721,Home Office,East,Norwich,Office Supplies,Storage,1,81.73,0.15,69.47,12.59
ORD-100861,2024-07-25,2024-07-29,Standard Class,CUST-1813,Corporate,West,Cardiff,Office Supplies,Storage,3,114.48,0.2,274.75,-15.93
ORD-103579,2024-07-26,2024-07-30,Same Day,CUST-1285,Consumer,South,Southampton,Office Supplies,Paper,1,15.19,0.1,13.67,2.68
ORD-100686,2024-07-26,2024-07-29,Standard Class,CUST-1069,Corporate,Central,Coventry,Office Supplies,Binders,2,70.52,0.0,141.04,10.6
ORD-103014,2024-07-26,2024-07-31,Standard Class,CUST-1460,Consumer,East,Cambridge,Office Supplies,Binders,1,5.79,0.0,5.79,0.73
ORD-104413,2024-07-26,2024-08-01,Standard Class,CUST-1108,Home Office,Central,Birmingham,Furniture,Tables,5,379.25,0.1,1706.62,112.09
ORD-100630,2024-07-26,2024-07-30,Second Class,CUST-2368,Consumer,North,Sheffield,Technology,Copiers,1,464.43,0.2,371.54,31.65
ORD-104736,2024-07-27,2024-07-31,Standard Class,CUST-2400,Consumer,West,Cardiff,Technology,Machines,1,1162.02,0.0,1162.02,-58.53
ORD-102745,2024-07-27,2024-07-30,Standard Class,CUST-1582,Consumer,West,Bristol,Technology,Machines,4,1707.5,0.3,4781.0,-883.65
ORD-103631,2024-07-27,2024-07-31,Standard Class,CUST-1481,Corporate,West,Cardiff,Technology,Copiers,1,1780.66,0.15,1513.56,-246.34
ORD-101304,2024-07-27,2024-08-01,Same Day,CUST-1581,Consumer,West,Cardiff,Office Supplies,Art,3,11.27,0.15,28.74,4.77
ORD-103713,2024-07-27,2024-07-31,Standard Class,CUST-1759,Consumer,North,Manchester,Technology,Machines,2,653.15,0.0,1306.3,-72.04
ORD-105068,2024-07-28,2024-07-31,Standard Class,CUST-2391,Corporate,South,Southampton,Furniture,Tables,2,504.78,0.0,1009.56,116.02
ORD-102979,2024-07-28,2024-08-01,Standard Class,CUST-1419,Corporate,East,Ipswich,Furniture,Tables,3,609.98,0.0,1829.94,24.68
ORD-100638,2024-07-28,2024-07-31,Standard Class,CUST-2471,Corporate,South,Reading,Office Supplies,Storage,5,15.98,0.1,71.91,15.91
ORD-100553,2024-07-28,2024-07-31,Standard Class,CUST-1252,Home Office,Central,Nottingham,Furniture,Furnishings,1,468.28,0.15,398.04,-7.38
ORD-102751,2024-07-28,2024-08-01,Standard Class,CUST-1206,Consumer,Central,Birmingham,Office Supplies,Binders,4,15.6,0.1,56.16,11.68
ORD-102178,2024-07-28,2024-07-31,First Class,CUST-1832,Consumer,West,Plymouth,Technology,Copiers,4,1229.88,0.0,4919.52,-81.53
ORD-105020,2024-07-28,2024-07-31,Standard Class,CUST-2031,Corporate,West,Cardiff,Technology,Copiers,2,1334.18,0.2,2134.69,362.86
ORD-102078,2024-07-28,2024-07-29,Second Class,CUST-1594,Corporate,East,Peterborough,Furniture,Tables,3,411.54,0.0,1234.62,69.94
ORD-101543,2024-07-28,2024-07-30,Second Class,CUST-1629,Consumer,North,Sheffield,Technology,Accessories,1,1140.82,0.3,798.57,-122.51
ORD-100206,2024-07-28,2024-07-31,Second Class,CUST-1775,Corporate,West,Bristol,Office Supplies,Storage,4,91.22,0.0,364.88,61.45
ORD-100874,2024-07-29,2024-08-01,Same Day,CUST-1216,Home Office,South,Southampton,Office Supplies,Binders,2,3.13,0.3,4.38,0.18
ORD-105157,2024-07-29,2024-08-03,Standard Class,CUST-2444,Consumer,North,Manchester,Technology,Copiers,4,885.07,0.0,3540.28,498.59
ORD-104880,2024-07-29,2024-08-01,First Class,CUST-1915,Consumer,West,Bristol,Office Supplies,Art,4,11.77,0.15,40.02,0.35
ORD-101795,2024-07-29,2024-08-01,Second Class,CUST-1460,Consumer,West,Bristol,Office Supplies,Storage,1,59.2,0.0,59.2,14.56
ORD-102781,2024-07-29,2024-08-01,Standard Class,CUST-1944,Consumer,North,Sheffield,Furniture,Furnishings,1,278.99,0.15,237.14,-29.22
ORD-102412,2024-07-29,2024-08-04,Standard Class,CUST-1270,Corporate,East,Norwich,Technology,Accessories,4,928.75,0.0,3715.0,1044.3
ORD-102197,2024-07-29,2024-08-05,Standard Class,CUST-2233,Home Office,South,Brighton,Office Supplies,Labels,1,18.67,0.2,14.94,2.9
ORD-104556,2024-07-29,2024-08-01,First Class,CUST-1677,Corporate,West,Bristol,Technology,Phones,3,233.93,0.0,701.79,-56.02
ORD-104164,2024-07-29,2024-08-04,Standard Class,CUST-1755,Corporate,North,Manchester,Technology,Machines,2,1450.84,0.1,2611.51,392.79
ORD-100376,2024-07-29,2024-08-01,Standard Class,CUST-2153,Home Office,North,Leeds,Furniture,Bookcases,1,210.44,0.0,210.44,35.35
ORD-103788,2024-07-30,2024-08-05,Standard Class,CUST-2224,Consumer,North,Leeds,Technology,Phones,1,1655.66,0.1,1490.09,-78.7
ORD-100668,2024-07-30,2024-08-01,Standard Class,CUST-2435,Corporate,South,Reading,Furniture,Chairs,3,729.94,0.1,1970.84,-76.42
ORD-101640,2024-07-30,2024-08-02,Standard Class,CUST-1406,Home Office,East,Cambridge,Furniture,Chairs,1,125.48,0.2,100.38,-13.92
ORD-105517,2024-07-30,2024-08-02,Standard Class,CUST-1526,Consumer,South,Portsmouth,Furniture,Furnishings,3,220.06,0.1,594.16,-39.95
ORD-104167,2024-07-30,2024-08-05,Standard Class,CUST-2260,Home Office,Central,Coventry,Furniture,Tables,1,352.42,0.0,352.42,-11.09
ORD-105404,2024-07-30,2024-08-01,Standard Class,CUST-1125,Home Office,East,Norwich,Office Supplies,Art,3,105.27,0.4,189.49,-12.69
ORD-105496,2024-07-30,2024-08-02,Standard Class,CUST-2203,Corporate,East,Norwich,Office Supplies,Labels,1,17.55,0.0,17.55,0.96
ORD-103584,2024-07-30,2024-08-06,First Class,CUST-2171,Consumer,South,Reading,Technology,Phones,2,1533.02,0.15,2606.13,160.46
ORD-100503,2024-07-30,2024-08-02,Standard Class,CUST-1266,Home Office,West,Bristol,Technology,Machines,2,150.23,0.4,180.28,-6.03
ORD-104021,2024-07-30,2024-08-02,Standard Class,CUST-1209,Home Office,East,Cambridge,Office Supplies,Art,1,54.36,0.1,48.92,13.91
ORD-105673,2024-07-31,2024-08-05,Standard Class,CUST-2262,Corporate,North,Manchester,Technology,Phones,6,1043.25,0.3,4381.65,52.68
ORD-106066,2024-07-31,2024-08-02,Second Class,CUST-1793,Corporate,East,Norwich,Technology,Accessories,2,1593.42,0.2,2549.47,57.16
ORD-104832,2024-07-31,2024-08-04,Standard Class,CUST-1746,Corporate,West,Plymouth,Technology,Phones,3,1624.05,0.1,4384.93,360.6
ORD-104496,2024-07-31,2024-08-02,Standard Class,CUST-2016,Home Office,Central,Coventry,Office Supplies,Art,1,17.86,0.1,16.07,1.91
ORD-101564,2024-07-31,2024-08-04,Standard Class,CUST-1437,Home Office,West,Plymouth,Furniture,Tables,1,185.66,0.0,185.66,-3.69
ORD-101760,2024-07-31,2024-08-05,Second Class,CUST-2086,Home Office,South,Brighton,Office Supplies,Storage,2,114.66,0.2,183.46,-6.48
ORD-106496,2024-07-31,2024-08-06,Second Class,CUST-1633,Consumer,North,Leeds,Office Supplies,Art,3,75.92,0.1,204.98,40.8
ORD-102433,2024-07-31,2024-08-03,First Class,CUST-2400,Corporate,North,Sheffield,Furniture,Bookcases,2,882.28,0.0,1764.56,218.92
ORD-101034,2024-07-31,2024-08-04,Standard Class,CUST-1808,Consumer,North,Sheffield,Furniture,Tables,2,805.57,0.1,1450.03,67.79
ORD-100136,2024-07-31,2024-08-02,Standard Class,CUST-1623,Corporate,North,Manchester,Furniture,Furnishings,1,185.36,0.0,185.36,27.59
ORD-106357,2024-08-01,2024-08-05,Same Day,CUST-1928,Corporate,West,Cardiff,Office Supplies,Binders,3,35.22,0.0,105.66,26.19
ORD-105882,2024-08-01,2024-08-05,Second Class,CUST-1155,Corporate,West,Plymouth,Office Supplies,Storage,1,86.41,0.0,86.41,5.77
ORD-100571,2024-08-01,2024-08-06,Standard Class,CUST-1819,Consumer,North,Leeds,Office Supplies,Binders,1,119.15,0.2,95.32,19.69
ORD-100811,2024-08-01,2024-08-04,Second Class,CUST-1922,Corporate,East,Ipswich,Furniture,Chairs,4,877.2,0.0,3508.8,402.46
ORD-102444,2024-08-01,2024-08-05,Standard Class,CUST-1319,Home Office,East,Ipswich,Furniture,Bookcases,1,321.96,0.1,289.76,25.19
ORD-102075,2024-08-01,2024-08-04,Standard Class,CUST-2244,Home Office,West,Bristol,Office Supplies,Storage,5,35.52,0.0,177.6,50.04
ORD-105320,2024-08-01,2024-08-04,Same Day,CUST-1420,Consumer,North,Leeds,Office Supplies,Art,1,69.35,0.15,58.95,6.77
ORD-105933,2024-08-01,2024-08-03,Standard Class,CUST-1570,Consumer,West,Plymouth,Office Supplies,Binders,2,117.67,0.0,235.34,53.44
ORD-103656,2024-08-01,2024-08-05,Same Day,CUST-1151,Consumer,South,Southampton,Office Supplies,Art,6,99.54,0.1,537.52,82.04
ORD-102262,2024-08-02,2024-08-08,Standard Class,CUST-2378,Consumer,Central,Birmingham,Furniture,Chairs,4,282.46,0.0,1129.84,153.79
ORD-103001,2024-08-02,2024-08-06,Standard Class,CUST-1189,Home Office,East,Peterborough,Office Supplies,Binders,4,101.41,0.15,344.79,54.19
ORD-104326,2024-08-02,2024-08-06,Standard Class,CUST-1161,Home Office,East,Norwich,Office Supplies,Storage,2,87.35,0.1,157.23,38.76
ORD-103321,2024-08-02,2024-08-06,Standard Class,CUST-1074,Consumer,Central,Leicester,Technology,Accessories,4,1264.02,0.1,4550.47,525.9
ORD-103602,2024-08-02,2024-08-05,Second Class,CUST-1866,Consumer,North,Manchester,Technology,Accessories,6,164.54,0.0,987.24,96.41
ORD-105962,2024-08-02,2024-08-07,Standard Class,CUST-1586,Corporate,Central,Coventry,Furniture,Furnishings,1,222.87,0.0,222.87,7.05
ORD-105963,2024-08-02,2024-08-08,Standard Class,CUST-2410,Consumer,North,Manchester,Technology,Accessories,1,973.01,0.2,778.41,-35.51
ORD-101946,2024-08-03,2024-08-05,Standard Class,CUST-1296,Corporate,East,Norwich,Furniture,Bookcases,1,587.13,0.0,587.13,72.34
ORD-104076,2024-08-03,2024-08-10,Same Day,CUST-1989,Home Office,West,Exeter,Office Supplies,Binders,2,118.04,0.15,200.67,-0.29
ORD-100982,2024-08-03,2024-08-08,Standard Class,CUST-2183,Home Office,East,Cambridge,Furniture,Furnishings,2,199.12,0.0,398.24,43.6
ORD-104586,2024-08-03,2024-08-06,Second Class,CUST-2419,Corporate,East,Peterborough,Office Supplies,Binders,3,107.8,0.2,258.72,29.06
ORD-103123,2024-08-03,2024-08-07,First Class,CUST-2057,Consumer,North,Sheffield,Office Supplies,Binders,4,84.88,0.4,203.71,16.6
ORD-102374,2024-08-03,2024-08-08,Standard Class,CUST-1019,Consumer,Central,Leicester,Furniture,Chairs,1,550.92,0.0,550.92,84.45
ORD-102547,2024-08-03,2024-08-06,Same Day,CUST-2027,Home Office,South,Reading,Office Supplies,Storage,2,29.57,0.1,53.23,13.54
ORD-101560,2024-08-03,2024-08-05,Standard Class,CUST-1574,Consumer,East,Peterborough,Office Supplies,Storage,5,18.61,0.3,65.13,-0.81
ORD-103878,2024-08-03,2024-08-07,Standard Class,CUST-1324,Consumer,East,Ipswich,Office Supplies,Art,3,78.84,0.4,141.91,-19.2
ORD-106402,2024-08-03,2024-08-05,Standard Class,CUST-1263,Corporate,West,Bristol,Furniture,Chairs,3,677.24,0.2,1625.38,72.98
ORD-104444,2024-08-04,2024-08-07,Standard Class,CUST-2165,Consumer,North,Newcastle,Furniture,Bookcases,6,123.58,0.2,593.18,-19.32
ORD-100264,2024-08-04,2024-08-10,First Class,CUST-2299,Home Office,South,Southampton,Office Supplies,Labels,1,70.47,0.0,70.47,5.53
ORD-102207,2024-08-04,2024-08-09,Standard Class,CUST-1751,Consumer,Central,Nottingham,Office Supplies,Labels,1,60.48,0.1,54.43,-0.44
ORD-105182,2024-08-04,2024-08-06,Same Day,CUST-2467,Consumer,South,Southampton,Furniture,Bookcases,1,293.74,0.0,293.74,47.73
ORD-100005,2024-08-04,2024-08-08,Second Class,CUST-1418,Home Office,North,Newcastle,Furniture,Chairs,1,64.64,0.2,51.71,-0.38
ORD-103078,2024-08-04,2024-08-06,Standard Class,CUST-1021,Consumer,East,Cambridge,Office Supplies,Paper,2,52.29,0.3,73.21,-6.79
ORD-103717,2024-08-04,2024-08-08,Standard Class,CUST-1411,Consumer,Central,Coventry,Office Supplies,Binders,1,90.15,0.0,90.15,24.42
ORD-104522,2024-08-05,2024-08-11,Standard Class,CUST-2234,Consumer,South,Reading,Furniture,Furnishings,4,89.77,0.4,215.45,-33.92
ORD-100727,2024-08-05,2024-08-09,Standard Class,CUST-1955,Consumer,Central,Birmingham,Office Supplies,Storage,4,26.59,0.0,106.36,30.47
ORD-103840,2024-08-05,2024-08-10,Standard Class,CUST-2353,Consumer,North,Sheffield,Technology,Machines,2,504.31,0.0,1008.62,207.22
ORD-102606,2024-08-05,2024-08-07,Standard Class,CUST-1492,Corporate,North,Manchester,Office Supplies,Labels,3,62.35,0.3,130.94,-14.81
ORD-102083,2024-08-05,2024-08-10,Standard Class,CUST-1912,Home Office,West,Plymouth,Office Supplies,Art,1,71.75,0.2,57.4,-3.18
ORD-104989,2024-08-05,2024-08-10,Standard Class,CUST-2084,Consumer,West,Cardiff,Furniture,Bookcases,3,461.18,0.4,830.12,-58.91
ORD-100963,2024-08-05,2024-08-07,Second Class,CUST-2142,Corporate,West,Bristol,Technology,Phones,1,487.56,0.1,438.8,23.32
ORD-100061,2024-08-05,2024-08-09,Standard Class,CUST-1603,Home Office,East,Ipswich,Technology,Machines,3,1662.44,0.15,4239.22,-546.79
ORD-100236,2024-08-05,2024-08-12,Standard Class,CUST-1386,Corporate,North,Leeds,Furniture,Tables,2,231.73,0.1,417.11,-38.78
ORD-103193,2024-08-06,2024-08-09,Second Class,CUST-1721,Consumer,South,Southampton,Office Supplies,Storage,1,54.11,0.0,54.11,12.67
ORD-103119,2024-08-06,2024-08-09,Second Class,CUST-1579,Home Office,Central,Birmingham,Furniture,Chairs,2,460.58,0.15,782.99,-73.57
ORD-101691,2024-08-06,2024-08-11,First Class,CUST-1230,Home Office,West,Bristol,Furniture,Bookcases,1,743.31,0.0,743.31,85.65
ORD-103896,2024-08-06,2024-08-09,Standard Class,CUST-1125,Corporate,West,Cardiff,Technology,Copiers,1,424.59,0.0,424.59,74.39
ORD-102099,2024-08-06,2024-08-11,First Class,CUST-2075,Consumer,West,Exeter,Office Supplies,Paper,4,35.13,0.1,126.47,22.07
ORD-102289,2024-08-06,2024-08-07,Standard Class,CUST-1786,Corporate,West,Exeter,Office Supplies,Binders,4,91.97,0.0,367.88,95.95
ORD-106411,2024-08-06,2024-08-09,Second Class,CUST-1394,Corporate,North,Leeds,Office Supplies,Storage,1,18.82,0.0,18.82,3.04
ORD-100742,2024-08-07,2024-08-10,Same Day,CUST-2089,Consumer,North,Newcastle,Office Supplies,Paper,1,113.71,0.2,90.97,11.03
ORD-105125,2024-08-07,2024-08-12,Standard Class,CUST-2445,Home Office,West,Bristol,Furniture,Bookcases,1,393.8,0.0,393.8,15.83
ORD-100892,2024-08-07,2024-08-10,Standard Class,CUST-1330,Corporate,West,Cardiff,Office Supplies,Binders,4,73.6,0.0,294.4,63.97
ORD-105277,2024-08-07,2024-08-10,Second Class,CUST-2183,Consumer,East,Cambridge,Furniture,Tables,2,100.33,0.15,170.56,-14.7
ORD-105289,2024-08-07,2024-08-10,Standard Class,CUST-1182,Consumer,West,Plymouth,Office Supplies,Binders,2,114.62,0.1,206.32,57.97
ORD-100155,2024-08-07,2024-08-10,First Class,CUST-1249,Consumer,West,Exeter,Furniture,Tables,1,191.36,0.3,133.95,-29.38
ORD-104621,2024-08-07,2024-08-09,First Class,CUST-1706,Corporate,Central,Leicester,Furniture,Bookcases,2,461.93,0.15,785.28,-93.99
ORD-103487,2024-08-08,2024-08-10,Standard Class,CUST-1673,Corporate,West,Cardiff,Technology,Accessories,2,1413.62,0.0,2827.24,755.68
ORD-103728,2024-08-08,2024-08-11,Same Day,CUST-1177,Consumer,North,Manchester,Technology,Accessories,1,1434.78,0.0,1434.78,164.3
ORD-104785,2024-08-08,2024-08-10,Same Day,CUST-1765,Home Office,Central,Birmingham,Technology,Machines,3,1514.56,0.4,2726.21,84.44
ORD-103676,2024-08-08,2024-08-10,Second Class,CUST-1964,Consumer,East,Cambridge,Technology,Copiers,3,982.62,0.4,1768.72,42.08
ORD-102633,2024-08-08,2024-08-14,Same Day,CUST-1851,Home Office,North,Leeds,Furniture,Chairs,1,315.01,0.0,315.01,20.65
ORD-103194,2024-08-08,2024-08-14,Standard Class,CUST-1165,Consumer,Central,Coventry,Office Supplies,Binders,4,62.56,0.0,250.24,81.68
ORD-106354,2024-08-08,2024-08-12,Standard Class,CUST-1215,Home Office,East,Ipswich,Office Supplies,Art,2,35.93,0.1,64.67,8.84
ORD-104796,2024-08-09,2024-08-12,Standard Class,CUST-1690,Corporate,Central,Leicester,Office Supplies,Art,2,18.72,0.0,37.44,5.57
ORD-103189,2024-08-09,2024-08-11,Standard Class,CUST-1709,Consumer,North,Sheffield,Furniture,Bookcases,4,677.28,0.0,2709.12,28.5
ORD-105905,2024-08-10,2024-08-15,Second Class,CUST-1184,Consumer,Central,Coventry,Furniture,Bookcases,2,578.78,0.15,983.93,23.98
ORD-104206,2024-08-10,2024-08-14,Standard Class,CUST-1225,Consumer,Central,Nottingham,Office Supplies,Art,2,79.38,0.0,158.76,47.37
ORD-103366,2024-08-10,2024-08-13,Standard Class,CUST-2354,Consumer,West,Cardiff,Technology,Copiers,1,561.24,0.0,561.24,67.05
ORD-100603,2024-08-10,2024-08-14,Second Class,CUST-2440,Consumer,East,Norwich,Furniture,Chairs,1,638.02,0.0,638.02,30.52
ORD-101116,2024-08-10,2024-08-15,First Class,CUST-1200,Corporate,Central,Nottingham,Furniture,Chairs,4,768.86,0.15,2614.12,-182.85
ORD-104392,2024-08-11,2024-08-14,Standard Class,CUST-1459,Corporate,West,Bristol,Office Supplies,Paper,1,119.95,0.15,101.96,20.41
ORD-104363,2024-08-11,2024-08-15,Standard Class,CUST-1734,Consumer,South,Reading,Technology,Machines,1,708.2,0.1,637.38,-92.63
ORD-105966,2024-08-11,2024-08-15,Standard Class,CUST-1483,Corporate,East,Ipswich,Office Supplies,Labels,1,84.15,0.0,84.15,7.43
ORD-104605,2024-08-11,2024-08-14,First Class,CUST-2068,Consumer,East,Peterborough,Office Supplies,Art,1,96.01,0.0,96.01,24.97
ORD-102839,2024-08-11,2024-08-17,Standard Class,CUST-2488,Home Office,South,Southampton,Technology,Phones,1,226.04,0.3,158.23,-10.52
ORD-103016,2024-08-11,2024-08-16,First Class,CUST-2435,Home Office,West,Cardiff,Technology,Accessories,1,125.69,0.1,113.12,-5.24
ORD-100312,2024-08-11,2024-08-13,Second Class,CUST-2010,Consumer,North,Manchester,Office Supplies,Paper,1,106.67,0.3,74.67,-3.05
ORD-106163,2024-08-11,2024-08-15,Standard Class,CUST-1951,Consumer,Central,Birmingham,Office Supplies,Labels,1,115.91,0.0,115.91,22.26
ORD-103609,2024-08-11,2024-08-15,Second Class,CUST-1270,Consumer,North,Manchester,Office Supplies,Storage,2,92.06,0.3,128.88,-8.23
ORD-101732,2024-08-12,2024-08-16,Standard Class,CUST-1672,Consumer,East,Cambridge,Furniture,Bookcases,5,754.66,0.0,3773.3,170.0
ORD-105332,2024-08-12,2024-08-13,Standard Class,CUST-1502,Corporate,South,Brighton,Technology,Accessories,2,1205.88,0.2,1929.41,-143.22
ORD-103542,2024-08-12,2024-08-14,Standard Class,CUST-1000,Home Office,West,Plymouth,Furniture,Chairs,2,495.41,0.3,693.57,-106.46
ORD-105337,2024-08-12,2024-08-13,Standard Class,CUST-1945,Consumer,South,Portsmouth,Furniture,Bookcases,4,228.66,0.2,731.71,-55.84
ORD-105839,2024-08-12,2024-08-15,Standard Class,CUST-2301,Home Office,North,Manchester,Furniture,Furnishings,4,390.03,0.15,1326.1,60.05
ORD-101832,2024-08-12,2024-08-17,Standard Class,CUST-2397,Corporate,Central,Birmingham,Office Supplies,Art,2,66.75,0.4,80.1,-6.41
ORD-101271,2024-08-12,2024-08-18,Standard Class,CUST-2352,Consumer,South,Portsmouth,Furniture,Chairs,2,677.08,0.1,1218.74,-65.32
ORD-100586,2024-08-13,2024-08-17,Standard Class,CUST-1467,Consumer,West,Plymouth,Furniture,Chairs,2,765.97,0.15,1302.15,54.01
ORD-104667,2024-08-13,2024-08-17,Standard Class,CUST-1984,Home Office,East,Cambridge,Office Supplies,Storage,1,62.94,0.0,62.94,8.34
ORD-102800,2024-08-13,2024-08-16,Standard Class,CUST-2471,Consumer,West,Cardiff,Office Supplies,Paper,3,13.11,0.5,19.66,-0.29
ORD-101752,2024-08-13,2024-08-18,Standard Class,CUST-1330,Corporate,Central,Leicester,Office Supplies,Labels,2,35.1,0.1,63.18,12.24
ORD-103502,2024-08-13,2024-08-16,Standard Class,CUST-1419,Consumer,Central,Leicester,Technology,Machines,1,1722.9,0.1,1550.61,126.65
ORD-103063,2024-08-13,2024-08-20,Standard Class,CUST-1381,Home Office,West,Cardiff,Office Supplies,Art,2,47.86,0.4,57.43,1.47
ORD-100403,2024-08-13,2024-08-19,Standard Class,CUST-1376,Consumer,West,Exeter,Furniture,Tables,3,702.87,0.4,1265.17,-307.3
ORD-104725,2024-08-13,2024-08-16,Standard Class,CUST-1734,Consumer,North,Leeds,Office Supplies,Storage,3,8.21,0.0,24.63,7.84
ORD-105078,2024-08-13,2024-08-15,Standard Class,CUST-1537,Corporate,North,Sheffield,Furniture,Bookcases,3,164.23,0.0,492.69,10.6
ORD-104304,2024-08-13,2024-08-17,Standard Class,CUST-2248,Corporate,West,Plymouth,Technology,Machines,2,615.95,0.1,1108.71,35.06
ORD-102838,2024-08-14,2024-08-17,Standard Class,CUST-2254,Corporate,East,Ipswich,Technology,Machines,2,1290.52,0.0,2581.04,479.56
ORD-101580,2024-08-14,2024-08-18,Standard Class,CUST-1555,Consumer,South,Brighton,Office Supplies,Paper,3,10.23,0.1,27.62,1.93
ORD-100140,2024-08-15,2024-08-20,Second Class,CUST-2243,Consumer,West,Cardiff,Office Supplies,Paper,3,34.01,0.0,102.03,7.62
ORD-101141,2024-08-15,2024-08-18,Standard Class,CUST-2247,Corporate,West,Plymouth,Office Supplies,Art,1,18.42,0.0,18.42,2.05
ORD-100606,2024-08-15,2024-08-16,Standard Class,CUST-2331,Consumer,Central,Coventry,Office Supplies,Labels,2,28.66,0.1,51.59,9.58
ORD-101944,2024-08-15,2024-08-18,Standard Class,CUST-2206,Consumer,South,Reading,Technology,Phones,4,355.7,0.1,1280.52,-178.94
ORD-104095,2024-08-15,2024-08-21,Standard Class,CUST-1677,Consumer,North,Leeds,Office Supplies,Art,3,50.03,0.0,150.09,14.77
ORD-106167,2024-08-15,2024-08-20,First Class,CUST-1315,Consumer,East,Cambridge,Office Supplies,Paper,3,17.76,0.1,47.95,9.28
ORD-102248,2024-08-15,2024-08-20,First Class,CUST-2187,Consumer,East,Peterborough,Office Supplies,Labels,1,12.52,0.0,12.52,1.33
ORD-100792,2024-08-15,2024-08-17,Standard Class,CUST-1111,Corporate,East,Peterborough,Technology,Phones,3,1086.32,0.0,3258.96,783.6
ORD-103598,2024-08-15,2024-08-20,First Class,CUST-2238,Corporate,Central,Coventry,Technology,Phones,1,772.5,0.0,772.5,-73.12
ORD-101445,2024-08-15,2024-08-18,Same Day,CUST-2422,Consumer,North,Newcastle,Office Supplies,Storage,3,15.94,0.0,47.82,16.39
ORD-100538,2024-08-15,2024-08-21,Standard Class,CUST-1869,Consumer,East,Norwich,Furniture,Furnishings,1,205.12,0.0,205.12,32.71
ORD-102062,2024-08-15,2024-08-20,Standard Class,CUST-2371,Consumer,South,Southampton,Furniture,Tables,3,123.14,0.0,369.42,-1.82
ORD-100810,2024-08-15,2024-08-18,Standard Class,CUST-2185,Home Office,South,Southampton,Office Supplies,Storage,1,107.07,0.5,53.53,-2.62
ORD-103992,2024-08-16,2024-08-19,First Class,CUST-2236,Corporate,Central,Coventry,Furniture,Bookcases,1,409.67,0.2,327.74,8.99
ORD-106215,2024-08-16,2024-08-20,Standard Class,CUST-1300,Consumer,South,Reading,Office Supplies,Storage,2,99.81,0.0,199.62,31.4
ORD-100037,2024-08-16,2024-08-20,Standard Class,CUST-1967,Corporate,North,Newcastle,Office Supplies,Binders,5,8.32,0.0,41.6,13.94
ORD-102958,2024-08-16,2024-08-22,Standard Class,CUST-1901,Corporate,East,Peterborough,Technology,Machines,3,709.88,0.15,1810.19,-119.81
ORD-103125,2024-08-16,2024-08-18,Same Day,CUST-1927,Home Office,South,Reading,Technology,Machines,3,949.86,0.2,2279.66,3.18
ORD-100336,2024-08-16,2024-08-20,Standard Class,CUST-1273,Consumer,South,Brighton,Furniture,Bookcases,2,572.72,0.0,1145.44,-26.59
ORD-105833,2024-08-16,2024-08-20,Standard Class,CUST-2123,Corporate,West,Cardiff,Technology,Phones,2,720.82,0.0,1441.64,-124.95
ORD-103790,2024-08-16,2024-08-22,Standard Class,CUST-1869,Home Office,North,Manchester,Technology,Copiers,5,245.11,0.0,1225.55,47.31
ORD-106447,2024-08-16,2024-08-21,Standard Class,CUST-1659,Home Office,East,Norwich,Office Supplies,Paper,3,19.47,0.3,40.89,-1.82
ORD-104139,2024-08-16,2024-08-21,Second Class,CUST-1184,Consumer,South,Brighton,Technology,Accessories,1,1487.31,0.3,1041.12,-164.29
ORD-101263,2024-08-17,2024-08-19,First Class,CUST-1885,Corporate,East,Ipswich,Furniture,Chairs,3,644.53,0.1,1740.23,61.93
ORD-100787,2024-08-17,2024-08-20,Standard Class,CUST-1985,Consumer,North,Sheffield,Office Supplies,Art,3,99.8,0.15,254.49,-5.2
ORD-105117,2024-08-17,2024-08-20,Standard Class,CUST-1221,Corporate,North,Newcastle,Technology,Phones,2,1678.72,0.1,3021.7,85.27
ORD-105651,2024-08-17,2024-08-20,Standard Class,CUST-1577,Consumer,South,Southampton,Technology,Copiers,1,934.79,0.3,654.35,-91.17
ORD-102141,2024-08-17,2024-08-19,Standard Class,CUST-1761,Corporate,Central,Nottingham,Office Supplies,Storage,4,95.63,0.2,306.02,7.0
ORD-105076,2024-08-17,2024-08-23,First Class,CUST-1204,Consumer,Central,Coventry,Office Supplies,Labels,4,5.88,0.0,23.52,5.37
ORD-104017,2024-08-17,2024-08-24,Second Class,CUST-2408,Home Office,North,Manchester,Furniture,Tables,1,690.39,0.2,552.31,-72.71
ORD-106495,2024-08-17,2024-08-19,Same Day,CUST-1690,Corporate,East,Ipswich,Office Supplies,Binders,2,43.46,0.15,73.88,8.6
ORD-103523,2024-08-17,2024-08-22,Standard Class,CUST-1743,Consumer,North,Sheffield,Technology,Machines,1,838.87,0.0,838.87,250.15
ORD-105533,2024-08-17,2024-08-21,Same Day,CUST-1922,Consumer,South,Portsmouth,Furniture,Furnishings,1,143.62,0.2,114.9,0.47
ORD-100209,2024-08-17,2024-08-21,Standard Class,CUST-2414,Home Office,South,Southampton,Office Supplies,Paper,1,47.76,0.0,47.76,4.99
ORD-104269,2024-08-18,2024-08-22,Standard Class,CUST-2184,Consumer,North,Newcastle,Technology,Phones,1,1488.47,0.2,1190.78,23.31
ORD-104681,2024-08-18,2024-08-24,Standard Class,CUST-2386,Home Office,Central,Birmingham,Office Supplies,Binders,1,99.16,0.2,79.33,-0.73
ORD-100887,2024-08-18,2024-08-22,Standard Class,CUST-2401,Consumer,South,Brighton,Technology,Accessories,2,567.05,0.4,680.46,-129.1
ORD-100672,2024-08-18,2024-08-22,First Class,CUST-1089,Home Office,South,Southampton,Furniture,Furnishings,2,855.51,0.1,1539.92,144.81
ORD-104786,2024-08-18,2024-08-22,Standard Class,CUST-1158,Home Office,East,Peterborough,Office Supplies,Labels,2,41.55,0.1,74.79,13.01
ORD-105545,2024-08-18,2024-08-22,Standard Class,CUST-2363,Consumer,West,Bristol,Furniture,Tables,2,317.26,0.1,571.07,-36.6
ORD-104181,2024-08-18,2024-08-21,Standard Class,CUST-1977,Home Office,East,Cambridge,Office Supplies,Storage,5,20.33,0.0,101.65,30.39
ORD-102491,2024-08-18,2024-08-20,Second Class,CUST-1402,Consumer,East,Ipswich,Office Supplies,Binders,4,35.66,0.2,114.11,20.51
ORD-103472,2024-08-19,2024-08-24,Standard Class,CUST-1600,Corporate,East,Cambridge,Furniture,Bookcases,4,633.8,0.0,2535.2,452.59
ORD-102127,2024-08-19,2024-08-23,Standard Class,CUST-1394,Consumer,West,Exeter,Office Supplies,Labels,4,78.37,0.2,250.78,8.69
ORD-104140,2024-08-19,2024-08-20,Standard Class,CUST-1355,Corporate,North,Newcastle,Office Supplies,Binders,3,52.2,0.2,125.28,26.88
ORD-102165,2024-08-19,2024-08-23,Second Class,CUST-2345,Corporate,East,Ipswich,Office Supplies,Art,3,18.58,0.0,55.74,14.3
ORD-105163,2024-08-19,2024-08-25,Second Class,CUST-1831,Consumer,East,Norwich,Furniture,Chairs,1,197.26,0.0,197.26,4.4
ORD-104133,2024-08-19,2024-08-24,Standard Class,CUST-2133,Home Office,South,Reading,Technology,Machines,2,1690.22,0.15,2873.37,396.89
ORD-100495,2024-08-19,2024-08-25,Standard Class,CUST-1743,Home Office,South,Portsmouth,Furniture,Furnishings,3,275.81,0.2,661.94,-16.29
ORD-105286,2024-08-19,2024-08-21,Standard Class,CUST-1848,Home Office,South,Brighton,Office Supplies,Binders,3,45.86,0.1,123.82,7.18
ORD-100952,2024-08-19,2024-08-23,Standard Class,CUST-2486,Corporate,North,Manchester,Office Supplies,Binders,2,65.42,0.2,104.67,23.5
ORD-101648,2024-08-19,2024-08-21,Standard Class,CUST-2336,Corporate,Central,Birmingham,Furniture,Chairs,5,469.72,0.15,1996.31,15.38
ORD-101387,2024-08-19,2024-08-24,Standard Class,CUST-2338,Corporate,East,Norwich,Furniture,Tables,2,715.89,0.2,1145.42,-101.4
ORD-105811,2024-08-19,2024-08-22,Same Day,CUST-1294,Consumer,West,Plymouth,Office Supplies,Binders,1,110.12,0.3,77.08,7.46
ORD-102662,2024-08-20,2024-08-24,Second Class,CUST-1770,Corporate,East,Cambridge,Furniture,Furnishings,3,806.95,0.1,2178.76,-68.02
ORD-102731,2024-08-20,2024-08-22,Standard Class,CUST-1192,Corporate,North,Manchester,Technology,Copiers,2,183.7,0.5,183.7,-18.0
ORD-106280,2024-08-20,2024-08-23,Standard Class,CUST-2049,Corporate,North,Leeds,Office Supplies,Labels,1,86.7,0.0,86.7,17.71
ORD-100179,2024-08-20,2024-08-22,First Class,CUST-1000,Consumer,East,Peterborough,Office Supplies,Storage,2,85.16,0.5,85.16,-17.93
ORD-101659,2024-08-20,2024-08-21,Same Day,CUST-1128,Home Office,East,Norwich,Technology,Copiers,1,1708.15,0.15,1451.93,276.69
ORD-100015,2024-08-20,2024-08-25,Standard Class,CUST-1509,Corporate,Central,Nottingham,Office Supplies,Binders,1,108.13,0.15,91.91,-3.42
ORD-101825,2024-08-20,2024-08-22,First Class,CUST-1403,Corporate,South,Portsmouth,Furniture,Bookcases,1,884.94,0.1,796.45,86.39
ORD-104691,2024-08-20,2024-08-22,Standard Class,CUST-1056,Home Office,West,Plymouth,Office Supplies,Labels,3,53.29,0.1,143.88,26.5
ORD-100580,2024-08-20,2024-08-24,Second Class,CUST-2084,Consumer,North,Manchester,Technology,Accessories,4,1798.06,0.15,6113.4,-171.89
ORD-100144,2024-08-20,2024-08-24,Standard Class,CUST-1859,Corporate,South,Brighton,Technology,Copiers,1,593.11,0.2,474.49,-53.27
ORD-103613,2024-08-21,2024-08-24,Standard Class,CUST-2479,Consumer,East,Ipswich,Office Supplies,Labels,1,76.14,0.2,60.91,-2.79
ORD-105325,2024-08-21,2024-08-26,Standard Class,CUST-1776,Consumer,North,Sheffield,Technology,Accessories,2,541.22,0.0,1082.44,156.15
ORD-100691,2024-08-21,2024-08-23,Standard Class,CUST-2283,Home Office,West,Bristol,Office Supplies,Binders,2,3.85,0.0,7.7,1.38
ORD-104136,2024-08-21,2024-08-24,Standard Class,CUST-2100,Consumer,South,Portsmouth,Office Supplies,Art,2,66.45,0.0,132.9,14.36
ORD-105922,2024-08-21,2024-08-24,First Class,CUST-1426,Corporate,East,Peterborough,Technology,Phones,1,1126.34,0.3,788.44,-204.85
ORD-105629,2024-08-21,2024-08-25,Standard Class,CUST-1851,Home Office,East,Peterborough,Furniture,Furnishings,1,767.75,0.1,690.98,58.58
ORD-101893,2024-08-21,2024-08-26,First Class,CUST-1006,Consumer,West,Plymouth,Furniture,Chairs,3,239.09,0.15,609.68,-22.6
ORD-100940,2024-08-21,2024-08-25,Second Class,CUST-1590,Corporate,North,Manchester,Office Supplies,Binders,2,33.65,0.5,33.65,-0.36
ORD-102797,2024-08-21,2024-08-28,Standard Class,CUST-1836,Corporate,East,Norwich,Technology,Phones,1,1363.52,0.1,1227.17,252.17
ORD-104899,2024-08-21,2024-08-28,Standard Class,CUST-2118,Home Office,East,Norwich,Office Supplies,Binders,6,66.71,0.2,320.21,-11.06
ORD-105271,2024-08-21,2024-08-22,First Class,CUST-1339,Corporate,Central,Birmingham,Office Supplies,Paper,4,97.92,0.0,391.68,25.03
ORD-104118,2024-08-22,2024-08-25,First Class,CUST-1261,Home Office,South,Southampton,Furniture,Bookcases,1,385.79,0.5,192.9,-53.15
ORD-105778,2024-08-22,2024-08-23,Standard Class,CUST-1900,Home Office,North,Sheffield,Office Supplies,Paper,1,46.31,0.4,27.79,-4.32
ORD-102088,2024-08-22,2024-08-26,Second Class,CUST-2339,Consumer,West,Cardiff,Technology,Machines,1,1763.02,0.0,1763.02,354.79
ORD-101244,2024-08-22,2024-08-28,Second Class,CUST-1219,Consumer,East,Ipswich,Furniture,Furnishings,2,380.77,0.2,609.23,-21.67
ORD-100033,2024-08-22,2024-08-29,Standard Class,CUST-1028,Home Office,West,Exeter,Office Supplies,Labels,1,49.41,0.3,34.59,-2.98
ORD-105980,2024-08-22,2024-08-27,Standard Class,CUST-1443,Corporate,East,Peterborough,Technology,Copiers,2,672.12,0.0,1344.24,213.99
ORD-102672,2024-08-22,2024-08-28,Second Class,CUST-1427,Consumer,Central,Leicester,Furniture,Tables,1,176.61,0.0,176.61,5.93
ORD-105218,2024-08-22,2024-08-24,First Class,CUST-1135,Home Office,North,Newcastle,Furniture,Bookcases,3,348.23,0.0,1044.69,28.6
ORD-103465,2024-08-22,2024-08-24,Second Class,CUST-2212,Consumer,North,Sheffield,Office Supplies,Storage,4,41.69,0.1,150.08,11.71
ORD-102718,2024-08-22,2024-08-25,Second Class,CUST-1408,Consumer,West,Bristol,Office Supplies,Labels,2,87.38,0.2,139.81,12.18
ORD-104842,2024-08-23,2024-08-28,First Class,CUST-1393,Consumer,East,Cambridge,Technology,Copiers,2,57.62,0.1,103.72,-8.53
ORD-100489,2024-08-23,2024-08-28,Standard Class,CUST-1086,Consumer,East,Norwich,Technology,Phones,1,975.45,0.0,975.45,20.66
ORD-106262,2024-08-23,2024-08-26,Second Class,CUST-1372,Corporate,North,Leeds,Office Supplies,Art,1,27.18,0.0,27.18,9.48
ORD-100712,2024-08-23,2024-08-28,Standard Class,CUST-1205,Consumer,West,Cardiff,Furniture,Tables,1,527.82,0.0,527.82,86.91
ORD-105873,2024-08-23,2024-08-28,Standard Class,CUST-2444,Home Office,Central,Birmingham,Furniture,Chairs,1,526.07,0.4,315.64,-87.59
ORD-105059,2024-08-23,2024-08-27,Standard Class,CUST-1307,Corporate,South,Southampton,Office Supplies,Labels,6,89.07,0.3,374.09,0.74
ORD-102167,2024-08-23,2024-08-25,Second Class,CUST-2204,Corporate,West,Bristol,Technology,Copiers,2,94.53,0.3,132.34,1.63
ORD-101838,2024-08-24,2024-08-27,Standard Class,CUST-1522,Home Office,Central,Birmingham,Technology,Phones,1,813.4,0.5,406.7,-83.2
ORD-105137,2024-08-24,2024-08-30,Standard Class,CUST-1658,Home Office,West,Cardiff,Technology,Copiers,2,1606.96,0.3,2249.74,-528.5
ORD-103499,2024-08-24,2024-08-27,Standard Class,CUST-1758,Consumer,East,Cambridge,Office Supplies,Binders,4,36.33,0.0,145.32,41.07
ORD-100025,2024-08-24,2024-08-31,Standard Class,CUST-2092,Consumer,West,Plymouth,Office Supplies,Labels,2,91.67,0.0,183.34,15.55
ORD-104204,2024-08-24,2024-08-28,Standard Class,CUST-1237,Corporate,North,Sheffield,Technology,Machines,3,1521.89,0.0,4565.67,1230.57
ORD-100481,2024-08-24,2024-08-29,Standard Class,CUST-1855,Consumer,East,Peterborough,Furniture,Furnishings,1,362.48,0.0,362.48,3.29
ORD-102827,2024-08-24,2024-08-29,First Class,CUST-1836,Corporate,East,Norwich,Office Supplies,Binders,2,68.57,0.0,137.14,23.82
ORD-101481,2024-08-24,2024-08-28,First Class,CUST-1384,Consumer,North,Newcastle,Furniture,Tables,2,652.26,0.3,913.16,-160.57
ORD-101650,2024-08-24,2024-08-29,Second Class,CUST-1368,Home Office,East,Norwich,Technology,Phones,2,194.09,0.0,388.18,109.74
ORD-104954,2024-08-24,2024-08-26,Standard Class,CUST-1302,Corporate,Central,Coventry,Furniture,Tables,2,333.83,0.2,534.13,-18.47
ORD-104953,2024-08-25,2024-08-31,Standard Class,CUST-1983,Corporate,South,Southampton,Office Supplies,Art,2,51.27,0.2,82.03,7.94
ORD-104650,2024-08-25,2024-08-29,Standard Class,CUST-2005,Home Office,North,Leeds,Technology,Phones,4,378.57,0.1,1362.85,279.29
ORD-102772,2024-08-25,2024-08-28,Same Day,CUST-2102,Consumer,South,Brighton,Furniture,Furnishings,1,480.82,0.3,336.57,-30.38
ORD-100755,2024-08-25,2024-08-29,Standard Class,CUST-1748,Consumer,North,Manchester,Office Supplies,Paper,1,34.81,0.0,34.81,9.24
ORD-105109,2024-08-25,2024-08-28,Standard Class,CUST-2261,Consumer,West,Exeter,Office Supplies,Binders,3,95.21,0.0,285.63,90.64
ORD-100876,2024-08-26,2024-08-31,Standard Class,CUST-1301,Consumer,West,Plymouth,Furniture,Chairs,1,703.06,0.0,703.06,-11.32
ORD-104877,2024-08-26,2024-08-30,Second Class,CUST-1763,Corporate,Central,Coventry,Technology,Accessories,1,233.34,0.3,163.34,-43.79
ORD-104751,2024-08-26,2024-09-01,Same Day,CUST-1663,Corporate,North,Newcastle,Office Supplies,Labels,4,87.63,0.0,350.52,54.02
ORD-102383,2024-08-26,2024-08-29,First Class,CUST-1215,Home Office,East,Ipswich,Office Supplies,Storage,1,100.02,0.0,100.02,21.32
ORD-104422,2024-08-26,2024-08-30,Standard Class,CUST-1725,Consumer,East,Norwich,Office Supplies,Labels,1,99.53,0.2,79.62,5.0
ORD-105800,2024-08-26,2024-09-01,Standard Class,CUST-1917,Consumer,South,Portsmouth,Furniture,Furnishings,1,249.5,0.0,249.5,15.16
ORD-104966,2024-08-26,2024-08-30,Second Class,CUST-1987,Consumer,Central,Nottingham,Office Supplies,Labels,1,103.52,0.2,82.82,13.92
ORD-101444,2024-08-26,2024-08-30,Second Class,CUST-1175,Corporate,North,Newcastle,Technology,Copiers,3,516.33,0.0,1548.99,132.68
ORD-101835,2024-08-26,2024-09-02,Standard Class,CUST-1577,Consumer,East,Norwich,Office Supplies,Labels,3,60.69,0.2,145.66,20.16
ORD-104749,2024-08-26,2024-08-28,Standard Class,CUST-2051,Home Office,East,Ipswich,Technology,Phones,2,849.38,0.1,1528.88,80.56
ORD-102431,2024-08-26,2024-09-02,Standard Class,CUST-2172,Home Office,West,Cardiff,Furniture,Tables,1,682.62,0.0,682.62,109.06
ORD-105990,2024-08-27,2024-08-31,First Class,CUST-2414,Consumer,East,Norwich,Technology,Copiers,2,1605.83,0.0,3211.66,-200.47
ORD-104130,2024-08-27,2024-08-29,First Class,CUST-1243,Corporate,West,Cardiff,Office Supplies,Paper,1,84.68,0.0,84.68,22.46
ORD-101926,2024-08-27,2024-09-02,Standard Class,CUST-1680,Consumer,Central,Nottingham,Technology,Accessories,4,213.67,0.1,769.21,72.12
ORD-103509,2024-08-27,2024-08-30,Standard Class,CUST-1298,Corporate,South,Brighton,Technology,Accessories,2,251.65,0.0,503.3,68.37
ORD-101487,2024-08-27,2024-08-29,Standard Class,CUST-1808,Corporate,North,Sheffield,Office Supplies,Storage,4,94.74,0.0,378.96,62.55
ORD-104100,2024-08-27,2024-08-31,Same Day,CUST-1537,Corporate,South,Southampton,Technology,Machines,5,1078.09,0.3,3773.31,-825.46
ORD-103328,2024-08-27,2024-09-01,Standard Class,CUST-1479,Consumer,East,Norwich,Furniture,Tables,5,539.83,0.0,2699.15,269.08
ORD-100955,2024-08-28,2024-08-31,Standard Class,CUST-1815,Home Office,Central,Coventry,Furniture,Furnishings,2,140.36,0.0,280.72,46.93
ORD-101334,2024-08-28,2024-09-01,First Class,CUST-1597,Consumer,North,Manchester,Office Supplies,Paper,4,27.47,0.0,109.88,23.53
ORD-101854,2024-08-28,2024-09-04,Standard Class,CUST-2420,Consumer,Central,Leicester,Technology,Copiers,2,1007.04,0.0,2014.08,372.12
ORD-104949,2024-08-28,2024-09-02,Standard Class,CUST-2198,Corporate,North,Manchester,Furniture,Bookcases,5,100.89,0.0,504.45,0.22
ORD-103734,2024-08-28,2024-08-31,Second Class,CUST-1516,Corporate,East,Norwich,Furniture,Bookcases,3,587.2,0.0,1761.6,277.79
ORD-106063,2024-08-28,2024-09-02,Second Class,CUST-2037,Home Office,North,Manchester,Furniture,Furnishings,3,823.16,0.15,2099.06,156.15
ORD-103441,2024-08-28,2024-08-30,First Class,CUST-2331,Consumer,South,Portsmouth,Furniture,Chairs,1,710.03,0.2,568.02,-22.85
ORD-100202,2024-08-28,2024-08-29,Standard Class,CUST-1576,Home Office,South,Brighton,Technology,Copiers,1,1340.1,0.0,1340.1,-79.39
ORD-100008,2024-08-28,2024-09-01,Same Day,CUST-2012,Consumer,Central,Leicester,Office Supplies,Storage,2,84.29,0.3,118.01,6.76
ORD-105306,2024-08-29,2024-09-04,Standard Class,CUST-2273,Consumer,East,Ipswich,Technology,Copiers,4,270.27,0.1,972.97,148.19
ORD-102601,2024-08-29,2024-09-02,Standard Class,CUST-1656,Home Office,East,Cambridge,Office Supplies,Storage,4,4.22,0.3,11.82,-1.11
ORD-103597,2024-08-29,2024-09-01,Standard Class,CUST-2479,Corporate,South,Brighton,Technology,Phones,5,341.66,0.0,1708.3,373.52
ORD-101708,2024-08-29,2024-09-01,Standard Class,CUST-2381,Consumer,Central,Birmingham,Technology,Phones,4,550.78,0.0,2203.12,238.16
ORD-105641,2024-08-29,2024-09-02,First Class,CUST-1562,Corporate,West,Exeter,Technology,Accessories,3,325.22,0.15,829.31,-86.96
ORD-104377,2024-08-29,2024-09-02,First Class,CUST-1713,Corporate,East,Norwich,Office Supplies,Paper,1,113.81,0.2,91.05,10.47
ORD-100110,2024-08-29,2024-08-30,Standard Class,CUST-1307,Consumer,Central,Coventry,Technology,Machines,2,1208.68,0.0,2417.36,-212.75
ORD-105095,2024-08-30,2024-09-05,Standard Class,CUST-1303,Consumer,West,Cardiff,Office Supplies,Art,6,34.3,0.1,185.22,34.33
ORD-103150,2024-08-30,2024-09-05,Same Day,CUST-1840,Consumer,East,Peterborough,Technology,Copiers,1,471.43,0.0,471.43,16.5
ORD-100971,2024-08-30,2024-09-03,Second Class,CUST-1203,Consumer,North,Sheffield,Furniture,Tables,4,489.92,0.15,1665.73,-114.05
ORD-106144,2024-08-30,2024-09-03,Second Class,CUST-2208,Corporate,North,Newcastle,Office Supplies,Storage,2,108.85,0.0,217.7,17.03
ORD-101660,2024-08-30,2024-09-05,First Class,CUST-2480,Corporate,North,Manchester,Technology,Copiers,3,1314.98,0.0,3944.94,-174.15
ORD-100084,2024-08-30,2024-09-02,Standard Class,CUST-1418,Corporate,North,Leeds,Furniture,Tables,1,874.05,0.3,611.83,-10.17
ORD-102836,2024-08-30,2024-09-03,Second Class,CUST-1155,Consumer,East,Cambridge,Office Supplies,Paper,3,84.33,0.1,227.69,62.24
ORD-105601,2024-08-30,2024-09-02,Standard Class,CUST-1455,Corporate,South,Southampton,Office Supplies,Storage,5,43.47,0.1,195.62,22.06
ORD-105302,2024-08-30,2024-09-05,First Class,CUST-1953,Consumer,East,Cambridge,Office Supplies,Paper,4,55.43,0.0,221.72,13.9
ORD-105878,2024-08-30,2024-09-02,Second Class,CUST-1086,Consumer,East,Peterborough,Furniture,Tables,6,719.62,0.0,4317.72,7.5
ORD-102387,2024-08-31,2024-09-03,Standard Class,CUST-1944,Home Office,North,Leeds,Technology,Machines,4,916.08,0.0,3664.32,708.83
ORD-100835,2024-08-31,2024-09-02,Second Class,CUST-2403,Consumer,West,Bristol,Office Supplies,Storage,1,50.72,0.15,43.11,1.21
ORD-102793,2024-08-31,2024-09-06,Same Day,CUST-1139,Home Office,East,Ipswich,Office Supplies,Art,1,85.7,0.0,85.7,21.64
ORD-103508,2024-08-31,2024-09-01,Standard Class,CUST-1602,Consumer,North,Newcastle,Furniture,Furnishings,1,813.64,0.0,813.64,55.05
ORD-103994,2024-08-31,2024-09-01,Same Day,CUST-2238,Corporate,West,Exeter,Technology,Copiers,2,956.96,0.0,1913.92,532.8
ORD-106487,2024-08-31,2024-09-05,First Class,CUST-1402,Home Office,Central,Leicester,Office Supplies,Art,5,10.67,0.0,53.35,3.41
ORD-101601,2024-08-31,2024-09-02,Standard Class,CUST-1623,Corporate,Central,Coventry,Furniture,Tables,1,337.2,0.2,269.76,-13.49
ORD-100767,2024-08-31,2024-09-05,Second Class,CUST-2484,Consumer,West,Bristol,Furniture,Chairs,1,658.24,0.1,592.42,-41.75
ORD-100659,2024-09-01,2024-09-04,Standard Class,CUST-1729,Consumer,East,Peterborough,Technology,Machines,2,328.71,0.3,460.19,0.9
ORD-105894,2024-09-01,2024-09-06,Second Class,CUST-1528,Corporate,South,Brighton,Office Supplies,Labels,1,82.74,0.1,74.47,10.32
ORD-101810,2024-09-01,2024-09-08,Standard Class,CUST-2162,Corporate,Central,Leicester,Furniture,Chairs,1,542.14,0.3,379.5,-19.19
ORD-101641,2024-09-01,2024-09-05,Standard Class,CUST-1051,Home Office,North,Leeds,Technology,Phones,1,328.3,0.5,164.15,-18.02
ORD-102765,2024-09-01,2024-09-05,Second Class,CUST-1235,Consumer,North,Leeds,Office Supplies,Binders,2,39.13,0.0,78.26,16.08
ORD-102102,2024-09-01,2024-09-07,Second Class,CUST-1052,Home Office,South,Reading,Office Supplies,Storage,3,5.04,0.0,15.12,5.02
ORD-102478,2024-09-01,2024-09-06,First Class,CUST-1546,Corporate,East,Peterborough,Furniture,Furnishings,4,441.85,0.3,1237.18,-255.68
ORD-103739,2024-09-01,2024-09-03,Second Class,CUST-1497,Consumer,East,Peterborough,Office Supplies,Art,1,102.56,0.15,87.18,-3.31
ORD-101081,2024-09-01,2024-09-06,Second Class,CUST-1751,Consumer,North,Newcastle,Furniture,Chairs,4,678.66,0.4,1628.78,-304.95
ORD-101238,2024-09-01,2024-09-03,Second Class,CUST-1942,Home Office,South,Southampton,Furniture,Bookcases,2,511.73,0.0,1023.46,79.59
ORD-105311,2024-09-02,2024-09-05,Standard Class,CUST-1528,Consumer,West,Cardiff,Office Supplies,Paper,1,101.83,0.4,61.1,-10.36
ORD-105552,2024-09-02,2024-09-05,Standard Class,CUST-1822,Corporate,East,Norwich,Office Supplies,Storage,5,80.61,0.0,403.05,125.87
ORD-103876,2024-09-02,2024-09-06,Standard Class,CUST-1959,Corporate,North,Manchester,Technology,Copiers,1,1176.74,0.0,1176.74,296.69
ORD-100394,2024-09-02,2024-09-05,Standard Class,CUST-1056,Corporate,Central,Coventry,Furniture,Chairs,1,625.12,0.0,625.12,-5.43
ORD-105686,2024-09-02,2024-09-04,Second Class,CUST-2450,Home Office,West,Plymouth,Office Supplies,Binders,5,33.3,0.0,166.5,22.33
ORD-101191,2024-09-02,2024-09-06,Same Day,CUST-1334,Corporate,North,Leeds,Office Supplies,Art,2,28.05,0.15,47.69,5.43
ORD-105294,2024-09-02,2024-09-05,Standard Class,CUST-1959,Corporate,South,Brighton,Furniture,Bookcases,1,734.91,0.4,440.95,-83.21
ORD-105060,2024-09-02,2024-09-05,Standard Class,CUST-1560,Consumer,North,Manchester,Furniture,Furnishings,3,636.96,0.2,1528.7,-201.77
ORD-100575,2024-09-02,2024-09-06,Standard Class,CUST-2499,Consumer,South,Southampton,Technology,Machines,3,68.84,0.2,165.22,-0.89
ORD-100220,2024-09-03,2024-09-10,Second Class,CUST-1273,Consumer,North,Manchester,Office Supplies,Storage,5,114.26,0.1,514.17,49.94
ORD-103104,2024-09-03,2024-09-06,Second Class,CUST-2006,Corporate,West,Cardiff,Furniture,Bookcases,1,354.56,0.0,354.56,25.51
ORD-102889,2024-09-03,2024-09-08,Standard Class,CUST-1989,Consumer,East,Ipswich,Furniture,Bookcases,3,419.24,0.0,1257.72,90.5
ORD-105482,2024-09-03,2024-09-08,Standard Class,CUST-1590,Corporate,North,Manchester,Technology,Machines,3,342.0,0.3,718.2,-12.55
ORD-100012,2024-09-03,2024-09-08,Second Class,CUST-2349,Corporate,South,Portsmouth,Technology,Phones,2,185.26,0.2,296.42,-27.18
ORD-104712,2024-09-03,2024-09-10,First Class,CUST-2155,Consumer,North,Leeds,Office Supplies,Labels,4,73.73,0.1,265.43,11.76
ORD-100354,2024-09-03,2024-09-08,Standard Class,CUST-1989,Corporate,Central,Birmingham,Technology,Accessories,1,1158.32,0.0,1158.32,-89.37
ORD-102588,2024-09-03,2024-09-06,First Class,CUST-1808,Home Office,South,Reading,Office Supplies,Paper,5,105.88,0.15,449.99,11.85
ORD-102360,2024-09-03,2024-09-09,First Class,CUST-1013,Consumer,South,Southampton,Office Supplies,Labels,2,111.53,0.0,223.06,66.73
ORD-102924,2024-09-03,2024-09-06,Second Class,CUST-2327,Consumer,North,Sheffield,Office Supplies,Art,2,46.64,0.0,93.28,28.91
ORD-103453,2024-09-04,2024-09-07,Standard Class,CUST-1086,Consumer,South,Brighton,Office Supplies,Art,5,42.75,0.0,213.75,22.13
ORD-102161,2024-09-04,2024-09-09,Same Day,CUST-1193,Home Office,South,Brighton,Technology,Copiers,2,225.83,0.3,316.16,-70.17
ORD-100583,2024-09-04,2024-09-08,Standard Class,CUST-1455,Consumer,West,Cardiff,Technology,Phones,4,164.05,0.0,656.2,157.57
ORD-104622,2024-09-04,2024-09-07,Standard Class,CUST-2043,Corporate,South,Portsmouth,Office Supplies,Labels,1,118.02,0.3,82.61,-10.23
ORD-106152,2024-09-04,2024-09-09,Standard Class,CUST-2423,Corporate,East,Norwich,Furniture,Tables,3,710.35,0.2,1704.84,-258.7
ORD-105003,2024-09-04,2024-09-07,Standard Class,CUST-1078,Consumer,Central,Nottingham,Technology,Copiers,1,820.17,0.3,574.12,-96.03
ORD-101404,2024-09-04,2024-09-09,Standard Class,CUST-2059,Consumer,Central,Birmingham,Office Supplies,Labels,1,60.62,0.0,60.62,15.96
ORD-106328,2024-09-04,2024-09-08,First Class,CUST-1630,Corporate,Central,Coventry,Office Supplies,Binders,2,35.5,0.0,71.0,13.12
ORD-101245,2024-09-04,2024-09-10,Standard Class,CUST-1512,Consumer,South,Reading,Furniture,Bookcases,3,696.37,0.1,1880.2,63.34
ORD-104226,2024-09-04,2024-09-08,Second Class,CUST-1765,Corporate,West,Cardiff,Furniture,Furnishings,2,588.54,0.3,823.96,-14.81
ORD-104445,2024-09-04,2024-09-05,Standard Class,CUST-1918,Consumer,South,Portsmouth,Furniture,Chairs,3,646.77,0.1,1746.28,40.94
ORD-104481,2024-09-04,2024-09-07,Second Class,CUST-1472,Corporate,North,Manchester,Technology,Accessories,3,1306.94,0.0,3920.82,262.6
ORD-101114,2024-09-04,2024-09-05,Standard Class,CUST-2216,Consumer,North,Leeds,Office Supplies,Labels,2,34.79,0.0,69.58,5.45
ORD-102791,2024-09-04,2024-09-08,Standard Class,CUST-2277,Home Office,Central,Birmingham,Furniture,Chairs,3,275.16,0.15,701.66,-15.86
ORD-101161,2024-09-05,2024-09-08,Second Class,CUST-2021,Consumer,East,Norwich,Office Supplies,Binders,2,105.07,0.0,210.14,18.87
ORD-100044,2024-09-05,2024-09-10,Standard Class,CUST-1545,Home Office,South,Portsmouth,Office Supplies,Binders,5,60.58,0.0,302.9,56.87
ORD-102774,2024-09-05,2024-09-09,Second Class,CUST-1591,Consumer,North,Leeds,Furniture,Tables,5,530.24,0.1,2386.08,14.63
ORD-101936,2024-09-05,2024-09-09,First Class,CUST-1332,Consumer,East,Ipswich,Office Supplies,Paper,3,49.05,0.3,103.0,15.05
ORD-103190,2024-09-05,2024-09-10,Standard Class,CUST-2436,Consumer,North,Newcastle,Office Supplies,Art,2,12.44,0.2,19.9,0.12
ORD-106260,2024-09-05,2024-09-08,First Class,CUST-1813,Consumer,West,Exeter,Office Supplies,Storage,4,71.07,0.0,284.28,61.83
ORD-100295,2024-09-05,2024-09-07,Standard Class,CUST-2468,Corporate,East,Norwich,Office Supplies,Storage,1,23.19,0.1,20.87,1.65
ORD-105940,2024-09-05,2024-09-07,Standard Class,CUST-1240,Corporate,East,Ipswich,Technology,Phones,1,1089.89,0.15,926.41,-134.85
ORD-100819,2024-09-05,2024-09-10,Standard Class,CUST-1822,Consumer,West,Cardiff,Technology,Copiers,3,1131.06,0.1,3053.86,-230.55
ORD-100083,2024-09-05,2024-09-07,Second Class,CUST-2333,Consumer,East,Peterborough,Technology,Copiers,1,1784.32,0.0,1784.32,494.42
ORD-100341,2024-09-06,2024-09-11,Standard Class,CUST-2391,Consumer,Central,Birmingham,Office Supplies,Binders,2,55.83,0.4,67.0,7.05
ORD-101540,2024-09-06,2024-09-08,First Class,CUST-1518,Consumer,East,Ipswich,Furniture,Chairs,5,661.55,0.2,2646.2,118.34
ORD-102823,2024-09-06,2024-09-11,Standard Class,CUST-1360,Home Office,Central,Leicester,Furniture,Furnishings,1,561.02,0.0,561.02,80.11
ORD-104690,2024-09-06,2024-09-13,Same Day,CUST-1373,Corporate,East,Peterborough,Furniture,Chairs,3,317.53,0.0,952.59,126.05
ORD-103931,2024-09-06,2024-09-11,Standard Class,CUST-1387,Corporate,Central,Leicester,Office Supplies,Labels,2,98.53,0.3,137.94,21.65
ORD-104744,2024-09-06,2024-09-10,Same Day,CUST-1411,Consumer,West,Cardiff,Office Supplies,Paper,1,75.66,0.3,52.96,7.27
ORD-104699,2024-09-06,2024-09-10,First Class,CUST-1093,Consumer,South,Brighton,Technology,Phones,2,289.41,0.2,463.06,-6.0
ORD-105346,2024-09-07,2024-09-10,First Class,CUST-2062,Corporate,North,Leeds,Office Supplies,Paper,1,28.61,0.0,28.61,5.58
ORD-104285,2024-09-07,2024-09-11,Standard Class,CUST-2197,Consumer,West,Cardiff,Technology,Machines,1,818.16,0.1,736.34,-32.95
ORD-106421,2024-09-07,2024-09-10,Standard Class,CUST-1727,Home Office,South,Southampton,Technology,Copiers,2,1087.93,0.4,1305.52,-174.2
ORD-100101,2024-09-07,2024-09-11,Standard Class,CUST-1908,Consumer,East,Cambridge,Technology,Accessories,1,803.53,0.2,642.82,11.13
ORD-103202,2024-09-07,2024-09-09,Second Class,CUST-2110,Consumer,East,Ipswich,Technology,Phones,1,830.82,0.0,830.82,195.46
ORD-103444,2024-09-07,2024-09-10,Standard Class,CUST-1686,Corporate,South,Portsmouth,Furniture,Furnishings,3,817.56,0.0,2452.68,68.7
ORD-103418,2024-09-07,2024-09-10,First Class,CUST-1804,Corporate,South,Brighton,Office Supplies,Labels,1,116.02,0.1,104.42,2.12
ORD-103260,2024-09-07,2024-09-12,Standard Class,CUST-1548,Consumer,West,Exeter,Office Supplies,Art,1,20.09,0.15,17.08,2.2
ORD-104657,2024-09-07,2024-09-13,Same Day,CUST-2156,Consumer,East,Ipswich,Furniture,Furnishings,1,881.36,0.0,881.36,2.84
ORD-102919,2024-09-07,2024-09-09,First Class,CUST-1791,Consumer,West,Cardiff,Furniture,Furnishings,3,480.02,0.2,1152.05,17.55
ORD-100995,2024-09-07,2024-09-10,Standard Class,CUST-2230,Corporate,East,Cambridge,Technology,Phones,1,29.49,0.0,29.49,6.4
ORD-105658,2024-09-07,2024-09-08,Standard Class,CUST-2270,Consumer,East,Ipswich,Office Supplies,Paper,4,6.64,0.15,22.58,5.63
ORD-103849,2024-09-07,2024-09-11,Same Day,CUST-1027,Corporate,Central,Birmingham,Office Supplies,Art,3,31.1,0.0,93.3,11.88
ORD-102479,2024-09-07,2024-09-11,First Class,CUST-2154,Home Office,North,Manchester,Furniture,Tables,2,638.47,0.1,1149.25,-33.11
ORD-104219,2024-09-07,2024-09-09,Second Class,CUST-2127,Consumer,South,Reading,Office Supplies,Paper,2,63.96,0.2,102.34,-1.14
ORD-101816,2024-09-07,2024-09-14,Standard Class,CUST-2262,Home Office,West,Cardiff,Technology,Accessories,3,1267.19,0.5,1900.79,-403.06
ORD-104567,2024-09-07,2024-09-14,Standard Class,CUST-1253,Consumer,North,Sheffield,Office Supplies,Labels,4,12.79,0.0,51.16,5.08
ORD-104581,2024-09-07,2024-09-13,Standard Class,CUST-1387,Corporate,East,Norwich,Office Supplies,Binders,6,35.85,0.15,182.83,19.55
ORD-103197,2024-09-08,2024-09-11,Second Class,CUST-1267,Corporate,East,Cambridge,Technology,Phones,1,853.99,0.3,597.79,20.55
ORD-101192,2024-09-08,2024-09-12,Second Class,CUST-1743,Consumer,East,Norwich,Technology,Accessories,1,1413.66,0.0,1413.66,126.41
ORD-102396,2024-09-08,2024-09-12,First Class,CUST-1697,Consumer,North,Manchester,Furniture,Furnishings,6,522.21,0.15,2663.27,115.61
ORD-103025,2024-09-08,2024-09-12,Standard Class,CUST-1998,Consumer,North,Leeds,Office Supplies,Labels,2,40.21,0.2,64.34,10.94
ORD-106065,2024-09-08,2024-09-13,Second Class,CUST-1868,Consumer,Central,Nottingham,Office Supplies,Storage,4,81.32,0.0,325.28,75.47
ORD-103106,2024-09-08,2024-09-14,Second Class,CUST-1795,Consumer,East,Ipswich,Furniture,Furnishings,5,248.5,0.0,1242.5,-1.01
ORD-103793,2024-09-09,2024-09-14,Second Class,CUST-2234,Home Office,East,Ipswich,Technology,Phones,4,877.48,0.1,3158.93,-277.8
ORD-102487,2024-09-09,2024-09-11,Second Class,CUST-2141,Corporate,West,Bristol,Office Supplies,Storage,4,51.74,0.15,175.92,41.32
ORD-106281,2024-09-09,2024-09-12,Standard Class,CUST-1200,Consumer,Central,Leicester,Furniture,Tables,2,843.29,0.0,1686.58,257.66
ORD-104537,2024-09-09,2024-09-12,Standard Class,CUST-2089,Consumer,West,Plymouth,Technology,Machines,1,1251.78,0.15,1064.01,-198.58
ORD-101633,2024-09-09,2024-09-12,Second Class,CUST-2119,Consumer,East,Norwich,Office Supplies,Labels,3,4.41,0.3,9.26,-0.82
ORD-104012,2024-09-09,2024-09-13,Standard Class,CUST-1700,Consumer,East,Peterborough,Office Supplies,Binders,5,8.45,0.0,42.25,10.56
ORD-105008,2024-09-09,2024-09-13,Standard Class,CUST-1415,Consumer,North,Leeds,Furniture,Bookcases,4,840.69,0.2,2690.21,117.37
ORD-100496,2024-09-09,2024-09-11,Standard Class,CUST-2322,Corporate,East,Cambridge,Furniture,Chairs,5,105.11,0.0,525.55,-5.28
ORD-102527,2024-09-09,2024-09-13,Standard Class,CUST-1879,Corporate,North,Leeds,Furniture,Tables,1,785.88,0.1,707.29,37.02
ORD-103273,2024-09-09,2024-09-11,First Class,CUST-2279,Consumer,Central,Nottingham,Technology,Machines,2,859.88,0.3,1203.83,-16.35
ORD-103251,2024-09-09,2024-09-12,Standard Class,CUST-1943,Corporate,West,Exeter,Furniture,Furnishings,1,710.99,0.0,710.99,109.84
ORD-102931,2024-09-09,2024-09-10,Standard Class,CUST-1506,Consumer,East,Norwich,Office Supplies,Labels,5,24.74,0.0,123.7,39.53
ORD-100533,2024-09-10,2024-09-13,Standard Class,CUST-2437,Consumer,East,Cambridge,Furniture,Tables,3,566.05,0.0,1698.15,113.57
ORD-105467,2024-09-10,2024-09-17,Standard Class,CUST-1703,Consumer,South,Portsmouth,Furniture,Furnishings,1,387.59,0.0,387.59,42.96
ORD-103290,2024-09-10,2024-09-11,Standard Class,CUST-1080,Consumer,South,Reading,Furniture,Tables,6,186.05,0.0,1116.3,22.65
ORD-101482,2024-09-10,2024-09-13,Standard Class,CUST-2098,Home Office,South,Reading,Office Supplies,Art,2,93.22,0.1,167.8,44.94
ORD-101506,2024-09-10,2024-09-16,Standard Class,CUST-1148,Consumer,South,Southampton,Furniture,Bookcases,1,813.38,0.3,569.37,-8.2
ORD-100728,2024-09-10,2024-09-14,Standard Class,CUST-1167,Consumer,West,Exeter,Technology,Copiers,2,1454.91,0.2,2327.86,29.21
ORD-104474,2024-09-10,2024-09-13,Second Class,CUST-2239,Consumer,North,Manchester,Furniture,Tables,2,505.33,0.0,1010.66,128.45
ORD-103951,2024-09-10,2024-09-15,First Class,CUST-1179,Consumer,South,Reading,Technology,Phones,2,1518.68,0.0,3037.36,635.17
ORD-103257,2024-09-10,2024-09-16,Standard Class,CUST-1901,Corporate,North,Leeds,Office Supplies,Storage,1,71.15,0.15,60.48,2.04
ORD-106367,2024-09-10,2024-09-14,Standard Class,CUST-1410,Home Office,East,Cambridge,Furniture,Furnishings,2,614.13,0.15,1044.02,0.82
ORD-101972,2024-09-10,2024-09-12,Same Day,CUST-2067,Consumer,Central,Leicester,Technology,Phones,2,907.27,0.1,1633.09,193.48
ORD-100314,2024-09-10,2024-09-15,Second Class,CUST-1143,Home Office,West,Bristol,Office Supplies,Storage,2,55.23,0.15,93.89,14.99
ORD-103379,2024-09-11,2024-09-18,Standard Class,CUST-1021,Consumer,North,Sheffield,Office Supplies,Paper,1,7.52,0.0,7.52,0.77
ORD-103057,2024-09-11,2024-09-14,Standard Class,CUST-1860,Consumer,North,Leeds,Office Supplies,Paper,1,79.96,0.4,47.98,2.07
ORD-105115,2024-09-11,2024-09-15,Standard Class,CUST-2469,Corporate,West,Exeter,Office Supplies,Paper,5,117.16,0.0,585.8,127.89
ORD-103847,2024-09-11,2024-09-12,Standard Class,CUST-1799,Consumer,West,Cardiff,Office Supplies,Binders,2,107.73,0.15,183.14,26.28
ORD-101847,2024-09-11,2024-09-16,Second Class,CUST-1874,Corporate,North,Manchester,Office Supplies,Storage,6,53.44,0.0,320.64,60.37
ORD-105190,2024-09-11,2024-09-15,First Class,CUST-2223,Corporate,North,Newcastle,Furniture,Chairs,1,827.51,0.3,579.26,-60.34
ORD-105665,2024-09-11,2024-09-17,Standard Class,CUST-2183,Consumer,South,Reading,Office Supplies,Labels,3,18.63,0.0,55.89,16.89
ORD-100335,2024-09-11,2024-09-13,Standard Class,CUST-1032,Consumer,Central,Leicester,Office Supplies,Art,2,70.94,0.4,85.13,0.99
ORD-105682,2024-09-11,2024-09-14,First Class,CUST-1417,Home Office,East,Peterborough,Office Supplies,Paper,3,58.19,0.0,174.57,15.0
ORD-104459,2024-09-11,2024-09-15,Standard Class,CUST-1152,Consumer,Central,Coventry,Furniture,Furnishings,4,236.36,0.0,945.44,-45.09
ORD-101473,2024-09-11,2024-09-17,Standard Class,CUST-2134,Corporate,East,Cambridge,Furniture,Furnishings,1,267.45,0.1,240.7,10.06
ORD-100723,2024-09-11,2024-09-15,Standard Class,CUST-2124,Home Office,Central,Birmingham,Office Supplies,Storage,1,60.92,0.3,42.64,0.92
ORD-100219,2024-09-11,2024-09-14,Standard Class,CUST-2461,Consumer,South,Brighton,Office Supplies,Storage,2,107.67,0.0,215.34,69.0
ORD-104193,2024-09-12,2024-09-15,Standard Class,CUST-1769,Consumer,Central,Coventry,Furniture,Furnishings,2,165.74,0.0,331.48,20.91
ORD-104923,2024-09-12,2024-09-15,Standard Class,CUST-2128,Corporate,Central,Birmingham,Office Supplies,Paper,3,76.01,0.2,182.42,3.89
ORD-102000,2024-09-12,2024-09-16,First Class,CUST-2005,Home Office,Central,Birmingham,Furniture,Furnishings,1,504.83,0.0,504.83,66.44
ORD-105206,2024-09-12,2024-09-15,Standard Class,CUST-2309,Corporate,East,Norwich,Office Supplies,Binders,4,66.8,0.1,240.48,35.75
ORD-106288,2024-09-12,2024-09-15,Standard Class,CUST-2359,Consumer,North,Manchester,Technology,Machines,1,682.08,0.15,579.77,39.15
ORD-106392,2024-09-12,2024-09-16,Standard Class,CUST-1074,Consumer,North,Leeds,Office Supplies,Labels,5,86.36,0.3,302.26,6.63
ORD-106405,2024-09-12,2024-09-17,Standard Class,CUST-1502,Consumer,East,Ipswich,Technology,Copiers,2,672.95,0.0,1345.9,294.84
ORD-100611,2024-09-12,2024-09-16,First Class,CUST-1844,Corporate,North,Sheffield,Furniture,Tables,1,476.35,0.1,428.72,-6.68
ORD-101773,2024-09-12,2024-09-15,Standard Class,CUST-1534,Consumer,West,Bristol,Office Supplies,Storage,1,38.46,0.0,38.46,8.23
ORD-101535,2024-09-12,2024-09-14,Second Class,CUST-1792,Corporate,North,Leeds,Furniture,Bookcases,1,582.99,0.0,582.99,0.22
ORD-105274,2024-09-12,2024-09-15,Standard Class,CUST-1170,Consumer,East,Cambridge,Furniture,Tables,3,653.35,0.0,1960.05,47.38
ORD-103294,2024-09-12,2024-09-15,Standard Class,CUST-2440,Home Office,South,Brighton,Office Supplies,Storage,3,44.28,0.0,132.84,20.13
ORD-105229,2024-09-12,2024-09-14,Standard Class,CUST-2396,Consumer,West,Exeter,Technology,Phones,3,415.81,0.15,1060.32,165.78
ORD-101891,2024-09-13,2024-09-15,First Class,CUST-2423,Consumer,Central,Nottingham,Furniture,Bookcases,4,854.18,0.5,1708.36,-214.33
ORD-101275,2024-09-13,2024-09-16,Second Class,CUST-1371,Consumer,West,Bristol,Office Supplies,Labels,3,85.38,0.15,217.72,16.95
ORD-104276,2024-09-13,2024-09-16,Standard Class,CUST-1934,Corporate,West,Cardiff,Technology,Phones,1,30.13,0.0,30.13,0.9
ORD-101069,2024-09-13,2024-09-15,First Class,CUST-1517,Consumer,Central,Nottingham,Technology,Copiers,3,1689.42,0.0,5068.26,254.89
ORD-103410,2024-09-13,2024-09-16,Standard Class,CUST-1947,Corporate,South,Portsmouth,Office Supplies,Storage,3,22.6,0.2,54.24,0.67
ORD-101243,2024-09-13,2024-09-20,Second Class,CUST-2397,Consumer,West,Bristol,Furniture,Tables,1,430.57,0.2,344.46,-18.52
ORD-101061,2024-09-13,2024-09-17,Standard Class,CUST-2257,Consumer,East,Peterborough,Office Supplies,Labels,4,28.75,0.0,115.0,6.29
ORD-102942,2024-09-13,2024-09-17,Standard Class,CUST-1128,Corporate,Central,Birmingham,Technology,Accessories,5,1050.3,0.15,4463.77,614.14
ORD-102467,2024-09-13,2024-09-14,Standard Class,CUST-2041,Consumer,Central,Birmingham,Office Supplies,Labels,1,94.89,0.2,75.91,1.54
ORD-103914,2024-09-13,2024-09-17,Second Class,CUST-2235,Corporate,West,Plymouth,Office Supplies,Storage,3,14.05,0.2,33.72,-1.72
ORD-105160,2024-09-14,2024-09-17,Second Class,CUST-1333,Home Office,South,Portsmouth,Technology,Accessories,2,676.51,0.3,947.11,-24.83
ORD-101625,2024-09-14,2024-09-20,Same Day,CUST-2078,Consumer,South,Reading,Office Supplies,Labels,2,111.39,0.0,222.78,58.99
ORD-104759,2024-09-14,2024-09-19,Standard Class,CUST-1299,Corporate,North,Sheffield,Technology,Phones,1,665.19,0.0,665.19,181.6
ORD-100239,2024-09-14,2024-09-20,First Class,CUST-1283,Corporate,North,Leeds,Office Supplies,Storage,1,71.75,0.15,60.99,10.0
ORD-104551,2024-09-14,2024-09-17,Second Class,CUST-1551,Corporate,North,Sheffield,Technology,Copiers,1,1494.04,0.4,896.42,-210.54
ORD-101551,2024-09-14,2024-09-17,Second Class,CUST-2346,Corporate,West,Exeter,Office Supplies,Binders,3,29.56,0.15,75.38,5.85
ORD-104665,2024-09-14,2024-09-21,Standard Class,CUST-1666,Consumer,East,Ipswich,Furniture,Tables,1,728.75,0.1,655.88,73.25
ORD-102741,2024-09-14,2024-09-19,Second Class,CUST-1210,Consumer,Central,Birmingham,Office Supplies,Binders,2,114.57,0.0,229.14,56.56
ORD-102449,2024-09-14,2024-09-20,Second Class,CUST-1972,Corporate,West,Plymouth,Office Supplies,Labels,6,104.05,0.2,499.44,-22.01
ORD-103984,2024-09-14,2024-09-17,Second Class,CUST-1683,Home Office,Central,Birmingham,Office Supplies,Paper,4,56.57,0.3,158.4,14.7
ORD-105043,2024-09-14,2024-09-16,Second Class,CUST-1803,Corporate,Central,Leicester,Office Supplies,Art,2,118.03,0.0,236.06,54.64
ORD-104947,2024-09-14,2024-09-20,Second Class,CUST-2042,Consumer,North,Sheffield,Technology,Copiers,2,662.3,0.0,1324.6,113.47
ORD-103880,2024-09-14,2024-09-16,Same Day,CUST-2478,Consumer,South,Reading,Furniture,Tables,1,871.99,0.0,871.99,115.64
ORD-101357,2024-09-14,2024-09-18,First Class,CUST-1721,Consumer,Central,Nottingham,Office Supplies,Paper,1,34.1,0.1,30.69,4.11
ORD-103918,2024-09-14,2024-09-17,Standard Class,CUST-1059,Consumer,North,Manchester,Office Supplies,Binders,1,77.2,0.0,77.2,6.02
ORD-103960,2024-09-14,2024-09-18,Same Day,CUST-1309,Home Office,North,Sheffield,Office Supplies,Art,1,76.99,0.3,53.89,4.58
ORD-100331,2024-09-15,2024-09-19,Second Class,CUST-2008,Consumer,Central,Coventry,Office Supplies,Labels,1,98.21,0.4,58.93,0.27
ORD-100337,2024-09-15,2024-09-19,Standard Class,CUST-2473,Consumer,West,Exeter,Office Supplies,Storage,1,33.94,0.1,30.55,0.32
ORD-104338,2024-09-15,2024-09-20,Second Class,CUST-2078,Home Office,South,Brighton,Furniture,Bookcases,2,387.27,0.0,774.54,42.67
ORD-100669,2024-09-15,2024-09-19,Standard Class,CUST-2053,Consumer,West,Bristol,Office Supplies,Labels,2,3.16,0.1,5.69,1.23
ORD-100474,2024-09-15,2024-09-18,Standard Class,CUST-2338,Corporate,West,Bristol,Furniture,Tables,4,633.99,0.0,2535.96,352.02
ORD-101374,2024-09-15,2024-09-16,First Class,CUST-2304,Corporate,Central,Coventry,Furniture,Bookcases,2,302.8,0.0,605.6,17.48
ORD-105331,2024-09-15,2024-09-20,Standard Class,CUST-1949,Home Office,Central,Leicester,Office Supplies,Paper,2,113.27,0.2,181.23,17.33
ORD-104448,2024-09-15,2024-09-19,Standard Class,CUST-2492,Consumer,East,Peterborough,Office Supplies,Art,2,84.93,0.0,169.86,49.77
ORD-103331,2024-09-16,2024-09-23,Standard Class,CUST-1013,Consumer,West,Exeter,Technology,Phones,1,1637.83,0.15,1392.16,183.88
ORD-105119,2024-09-16,2024-09-22,Standard Class,CUST-1150,Consumer,East,Cambridge,Technology,Copiers,6,1136.05,0.0,6816.3,1020.21
ORD-102402,2024-09-16,2024-09-20,Standard Class,CUST-1151,Consumer,West,Exeter,Office Supplies,Binders,1,22.85,0.0,22.85,3.98
ORD-105424,2024-09-16,2024-09-19,Same Day,CUST-2352,Consumer,West,Cardiff,Furniture,Bookcases,1,408.1,0.15,346.88,-23.31
ORD-101917,2024-09-16,2024-09-19,Second Class,CUST-1131,Consumer,West,Plymouth,Furniture,Tables,6,91.12,0.1,492.05,-3.21
ORD-100582,2024-09-16,2024-09-19,Standard Class,CUST-1991,Home Office,East,Cambridge,Furniture,Chairs,1,176.13,0.1,158.52,0.66
ORD-105158,2024-09-16,2024-09-19,Standard Class,CUST-1107,Corporate,East,Peterborough,Technology,Copiers,3,61.57,0.0,184.71,-5.91
ORD-104393,2024-09-16,2024-09-20,First Class,CUST-1201,Corporate,West,Bristol,Technology,Machines,2,865.22,0.0,1730.44,171.47
ORD-105722,2024-09-16,2024-09-20,First Class,CUST-1639,Home Office,South,Brighton,Furniture,Tables,1,221.13,0.2,176.9,-13.71
ORD-101947,2024-09-16,2024-09-20,First Class,CUST-1113,Home Office,South,Brighton,Office Supplies,Labels,2,106.45,0.4,127.74,-8.59
ORD-102349,2024-09-16,2024-09-20,First Class,CUST-1358,Consumer,North,Newcastle,Office Supplies,Binders,1,12.01,0.0,12.01,4.2
ORD-100574,2024-09-16,2024-09-22,Standard Class,CUST-1978,Consumer,West,Cardiff,Office Supplies,Paper,1,45.44,0.0,45.44,11.59
ORD-104183,2024-09-16,2024-09-21,Standard Class,CUST-1865,Consumer,West,Exeter,Office Supplies,Art,2,44.87,0.0,89.74,24.81
ORD-101952,2024-09-16,2024-09-20,Second Class,CUST-2150,Corporate,West,Cardiff,Technology,Phones,3,658.21,0.1,1777.17,362.45
ORD-104756,2024-09-16,2024-09-20,Standard Class,CUST-1508,Consumer,East,Norwich,Furniture,Furnishings,6,227.79,0.15,1161.73,-89.56
ORD-103165,2024-09-16,2024-09-22,Second Class,CUST-1426,Consumer,North,Newcastle,Office Supplies,Storage,4,8.54,0.5,17.08,-0.7
ORD-103658,2024-09-17,2024-09-21,Standard Class,CUST-1045,Consumer,East,Ipswich,Furniture,Bookcases,1,219.89,0.0,219.89,32.98
ORD-102723,2024-09-17,2024-09-22,First Class,CUST-1174,Corporate,North,Manchester,Office Supplies,Storage,3,103.18,0.1,278.59,49.42
ORD-105802,2024-09-17,2024-09-20,Standard Class,CUST-2398,Consumer,North,Leeds,Furniture,Bookcases,1,227.02,0.0,227.02,19.22
ORD-100249,2024-09-17,2024-09-22,Second Class,CUST-2424,Consumer,Central,Leicester,Office Supplies,Binders,1,84.19,0.0,84.19,7.18
ORD-102653,2024-09-17,2024-09-22,Standard Class,CUST-1158,Consumer,Central,Leicester,Office Supplies,Paper,1,78.17,0.0,78.17,15.54
ORD-103518,2024-09-17,2024-09-19,Same Day,CUST-1611,Corporate,North,Manchester,Furniture,Tables,4,532.16,0.0,2128.64,50.87
ORD-103062,2024-09-17,2024-09-21,Standard Class,CUST-2124,Home Office,North,Leeds,Office Supplies,Storage,2,55.69,0.3,77.97,-9.8
ORD-106120,2024-09-17,2024-09-20,Standard Class,CUST-1003,Home Office,North,Manchester,Office Supplies,Storage,2,11.65,0.0,23.3,7.64
ORD-102214,2024-09-17,2024-09-23,Second Class,CUST-1636,Consumer,South,Brighton,Office Supplies,Storage,1,6.84,0.2,5.47,-0.07
ORD-103677,2024-09-17,2024-09-20,Standard Class,CUST-1084,Corporate,North,Newcastle,Office Supplies,Paper,1,100.55,0.0,100.55,7.48
ORD-105065,2024-09-17,2024-09-23,Standard Class,CUST-1711,Home Office,West,Plymouth,Furniture,Bookcases,4,543.4,0.2,1738.88,-1.81
ORD-101466,2024-09-17,2024-09-23,Standard Class,CUST-2254,Consumer,North,Leeds,Furniture,Tables,1,620.5,0.15,527.42,-3.75
ORD-101674,2024-09-17,2024-09-19,Standard Class,CUST-1485,Home Office,West,Cardiff,Furniture,Tables,3,298.15,0.3,626.12,-65.49
ORD-101406,2024-09-18,2024-09-24,Standard Class,CUST-1252,Corporate,West,Cardiff,Technology,Accessories,6,746.66,0.1,4031.96,-330.94
ORD-106296,2024-09-18,2024-09-23,Same Day,CUST-1678,Home Office,South,Reading,Office Supplies,Labels,5,76.49,0.0,382.45,130.36
ORD-100088,2024-09-18,2024-09-24,Standard Class,CUST-1132,Consumer,South,Portsmouth,Technology,Phones,5,212.86,0.15,904.65,-103.41
ORD-101131,2024-09-18,2024-09-22,Standard Class,CUST-1877,Consumer,Central,Leicester,Office Supplies,Binders,1,82.54,0.0,82.54,14.7
ORD-103065,2024-09-18,2024-09-21,Standard Class,CUST-2168,Corporate,East,Cambridge,Furniture,Chairs,1,255.07,0.0,255.07,45.44
ORD-106379,2024-09-18,2024-09-20,Standard Class,CUST-1233,Consumer,East,Ipswich,Office Supplies,Storage,4,57.34,0.0,229.36,77.65
ORD-105526,2024-09-18,2024-09-22,Standard Class,CUST-1098,Consumer,North,Newcastle,Furniture,Chairs,4,819.12,0.15,2785.01,-187.45
ORD-105685,2024-09-18,2024-09-20,Standard Class,CUST-1637,Consumer,North,Manchester,Technology,Accessories,2,983.35,0.0,1966.7,224.31
ORD-101546,2024-09-18,2024-09-21,Standard Class,CUST-1431,Consumer,West,Cardiff,Technology,Phones,2,525.3,0.5,525.3,-139.6
ORD-100177,2024-09-18,2024-09-19,Standard Class,CUST-2455,Consumer,North,Leeds,Furniture,Furnishings,2,457.3,0.15,777.41,-24.85
ORD-101578,2024-09-18,2024-09-21,Standard Class,CUST-2380,Consumer,North,Leeds,Furniture,Tables,1,565.52,0.4,339.31,-31.54
ORD-102670,2024-09-18,2024-09-21,Standard Class,CUST-1762,Corporate,West,Cardiff,Office Supplies,Storage,1,104.1,0.15,88.48,2.68
ORD-100309,2024-09-18,2024-09-21,Standard Class,CUST-1702,Corporate,South,Brighton,Office Supplies,Labels,1,65.64,0.1,59.08,12.73
ORD-105955,2024-09-19,2024-09-24,Standard Class,CUST-1139,Home Office,East,Norwich,Technology,Accessories,1,1633.15,0.0,1633.15,390.89
ORD-100988,2024-09-19,2024-09-21,Standard Class,CUST-1689,Corporate,East,Peterborough,Furniture,Chairs,1,86.53,0.1,77.88,4.59
ORD-103233,2024-09-19,2024-09-20,Standard Class,CUST-1044,Consumer,East,Ipswich,Furniture,Chairs,5,77.14,0.0,385.7,-15.84
ORD-106472,2024-09-19,2024-09-25,Standard Class,CUST-2103,Consumer,West,Cardiff,Furniture,Chairs,2,804.2,0.0,1608.4,42.08
ORD-100895,2024-09-19,2024-09-22,First Class,CUST-1704,Corporate,North,Newcastle,Office Supplies,Art,2,85.92,0.1,154.66,35.76
ORD-106103,2024-09-19,2024-09-23,Standard Class,CUST-2334,Corporate,East,Cambridge,Technology,Accessories,2,717.09,0.1,1290.76,-178.62
ORD-105519,2024-09-19,2024-09-23,Standard Class,CUST-1674,Corporate,North,Sheffield,Furniture,Tables,2,516.46,0.0,1032.92,139.53
ORD-104937,2024-09-19,2024-09-21,Standard Class,CUST-1318,Consumer,South,Reading,Office Supplies,Storage,1,7.23,0.1,6.51,0.7
ORD-101208,2024-09-19,2024-09-22,Standard Class,CUST-2185,Consumer,South,Reading,Furniture,Bookcases,4,539.26,0.3,1509.93,-279.26
ORD-101539,2024-09-19,2024-09-26,Standard Class,CUST-1177,Corporate,East,Norwich,Technology,Copiers,1,151.01,0.0,151.01,3.38
ORD-100058,2024-09-19,2024-09-22,First Class,CUST-1950,Corporate,North,Newcastle,Technology,Phones,4,294.22,0.0,1176.88,-0.71
ORD-105023,2024-09-19,2024-09-22,Standard Class,CUST-2448,Corporate,South,Southampton,Technology,Machines,2,319.51,0.4,383.41,9.91
ORD-102697,2024-09-19,2024-09-21,Standard Class,CUST-1452,Corporate,North,Newcastle,Office Supplies,Storage,1,100.73,0.2,80.58,6.26
ORD-103987,2024-09-20,2024-09-21,Standard Class,CUST-1273,Corporate,North,Leeds,Technology,Accessories,2,1186.71,0.4,1424.05,-330.97
ORD-101925,2024-09-20,2024-09-23,Standard Class,CUST-1387,Consumer,South,Brighton,Furniture,Bookcases,1,606.2,0.0,606.2,20.89
ORD-100809,2024-09-20,2024-09-27,Standard Class,CUST-1930,Corporate,North,Sheffield,Technology,Copiers,1,1165.88,0.1,1049.29,-52.58
ORD-102054,2024-09-20,2024-09-24,Standard Class,CUST-1945,Consumer,West,Bristol,Office Supplies,Binders,3,6.19,0.1,16.71,1.25
ORD-102072,2024-09-20,2024-09-22,Standard Class,CUST-2020,Consumer,East,Peterborough,Office Supplies,Paper,1,25.77,0.0,25.77,6.95
ORD-103875,2024-09-20,2024-09-24,Second Class,CUST-1293,Corporate,South,Brighton,Office Supplies,Art,1,15.0,0.0,15.0,2.32
ORD-100273,2024-09-20,2024-09-25,Second Class,CUST-2094,Consumer,North,Sheffield,Furniture,Bookcases,4,317.08,0.1,1141.49,81.69
ORD-102908,2024-09-20,2024-09-23,First Class,CUST-1350,Consumer,North,Newcastle,Office Supplies,Binders,4,101.46,0.3,284.09,40.72
ORD-103829,2024-09-20,2024-09-25,Standard Class,CUST-1432,Corporate,Central,Birmingham,Furniture,Bookcases,2,423.02,0.0,846.04,109.5
ORD-105889,2024-09-20,2024-09-25,Standard Class,CUST-1197,Consumer,West,Bristol,Furniture,Furnishings,3,620.82,0.1,1676.21,-165.41
ORD-106441,2024-09-20,2024-09-25,Standard Class,CUST-1104,Consumer,South,Southampton,Furniture,Furnishings,4,654.52,0.1,2356.27,73.02
ORD-102162,2024-09-20,2024-09-22,Standard Class,CUST-1895,Consumer,West,Plymouth,Technology,Phones,6,1741.18,0.0,10447.08,2911.25
ORD-104573,2024-09-20,2024-09-24,Standard Class,CUST-2472,Home Office,Central,Coventry,Office Supplies,Paper,1,14.74,0.2,11.79,1.18
ORD-106233,2024-09-21,2024-09-24,Standard Class,CUST-1068,Consumer,Central,Leicester,Technology,Machines,2,159.74,0.3,223.64,10.75
ORD-102313,2024-09-21,2024-09-24,First Class,CUST-1632,Consumer,South,Portsmouth,Technology,Phones,3,1233.77,0.1,3331.18,143.58
ORD-103359,2024-09-21,2024-09-24,Standard Class,CUST-1260,Corporate,Central,Leicester,Furniture,Bookcases,2,585.5,0.0,1171.0,156.87
ORD-100737,2024-09-21,2024-09-25,Standard Class,CUST-1867,Corporate,West,Cardiff,Office Supplies,Labels,1,3.32,0.1,2.99,0.42
ORD-101265,2024-09-21,2024-09-24,Standard Class,CUST-2238,Corporate,East,Peterborough,Furniture,Chairs,1,185.45,0.0,185.45,8.44
ORD-106423,2024-09-21,2024-09-25,First Class,CUST-1916,Consumer,East,Peterborough,Technology,Machines,1,1313.97,0.0,1313.97,-70.0
ORD-103218,2024-09-21,2024-09-24,Standard Class,CUST-2046,Consumer,East,Ipswich,Furniture,Chairs,5,635.87,0.0,3179.35,490.03
ORD-104914,2024-09-21,2024-09-26,Standard Class,CUST-2179,Corporate,North,Newcastle,Furniture,Chairs,1,355.08,0.15,301.82,-3.87
ORD-104318,2024-09-21,2024-09-25,First Class,CUST-2168,Home Office,West,Exeter,Office Supplies,Labels,3,49.02,0.1,132.35,3.6
ORD-103440,2024-09-21,2024-09-23,Standard Class,CUST-1611,Home Office,West,Plymouth,Office Supplies,Labels,2,91.14,0.1,164.05,1.05
ORD-103091,2024-09-21,2024-09-25,First Class,CUST-1373,Corporate,North,Leeds,Office Supplies,Art,3,69.52,0.1,187.7,14.53
ORD-103348,2024-09-21,2024-09-25,Standard Class,CUST-1870,Consumer,Central,Birmingham,Technology,Phones,3,1674.74,0.0,5024.22,-472.24
ORD-103022,2024-09-22,2024-09-27,First Class,CUST-1398,Home Office,West,Cardiff,Technology,Phones,1,1097.72,0.15,933.06,-67.16
ORD-103419,2024-09-22,2024-09-27,Standard Class,CUST-1746,Consumer,Central,Nottingham,Technology,Copiers,3,722.48,0.4,1300.46,-109.26
ORD-101869,2024-09-22,2024-09-26,Standard Class,CUST-1569,Consumer,Central,Coventry,Furniture,Bookcases,5,571.3,0.0,2856.5,276.71
ORD-100670,2024-09-22,2024-09-26,Standard Class,CUST-1461,Consumer,East,Ipswich,Furniture,Chairs,1,415.77,0.1,374.19,36.54
ORD-106482,2024-09-22,2024-09-27,Standard Class,CUST-1992,Home Office,Central,Nottingham,Office Supplies,Labels,6,115.42,0.0,692.52,150.94
ORD-101570,2024-09-22,2024-09-27,First Class,CUST-1227,Consumer,East,Norwich,Office Supplies,Labels,2,100.54,0.0,201.08,59.77
ORD-102577,2024-09-22,2024-09-25,Second Class,CUST-1540,Corporate,Central,Birmingham,Office Supplies,Labels,1,110.41,0.0,110.41,29.93
ORD-100889,2024-09-22,2024-09-28,Standard Class,CUST-1898,Consumer,East,Peterborough,Technology,Phones,1,1728.6,0.15,1469.31,46.54
ORD-103845,2024-09-22,2024-09-26,Second Class,CUST-1407,Home Office,South,Brighton,Office Supplies,Labels,1,62.72,0.1,56.45,0.89
ORD-103744,2024-09-23,2024-09-28,Standard Class,CUST-1253,Home Office,East,Peterborough,Technology,Phones,4,697.69,0.15,2372.15,-19.8
ORD-103908,2024-09-23,2024-09-26,Second Class,CUST-1789,Consumer,North,Leeds,Technology,Copiers,3,342.18,0.15,872.56,-102.08
ORD-104670,2024-09-23,2024-09-26,Same Day,CUST-2350,Consumer,Central,Leicester,Office Supplies,Labels,1,45.07,0.0,45.07,5.68
ORD-105861,2024-09-23,2024-09-29,Standard Class,CUST-1170,Home Office,South,Brighton,Office Supplies,Storage,1,71.68,0.1,64.51,4.74
ORD-104647,2024-09-23,2024-09-27,Standard Class,CUST-1049,Consumer,North,Sheffield,Technology,Machines,1,117.85,0.15,100.17,3.82
ORD-106153,2024-09-23,2024-09-29,Standard Class,CUST-1959,Consumer,West,Cardiff,Office Supplies,Storage,3,62.68,0.1,169.24,36.98
ORD-100839,2024-09-23,2024-09-25,Second Class,CUST-1714,Corporate,South,Reading,Office Supplies,Storage,3,16.8,0.2,40.32,5.71
ORD-104956,2024-09-24,2024-09-27,First Class,CUST-1553,Consumer,East,Ipswich,Furniture,Tables,3,454.57,0.1,1227.34,-74.83
ORD-105525,2024-09-24,2024-09-28,Standard Class,CUST-2331,Consumer,Central,Nottingham,Furniture,Furnishings,3,440.78,0.1,1190.11,-37.69
ORD-102899,2024-09-24,2024-09-28,First Class,CUST-2078,Consumer,South,Southampton,Furniture,Bookcases,1,833.28,0.1,749.95,-43.38
ORD-100954,2024-09-24,2024-09-28,Standard Class,CUST-1098,Consumer,Central,Nottingham,Office Supplies,Storage,1,92.52,0.2,74.02,1.31
ORD-102630,2024-09-24,2024-09-27,Standard Class,CUST-2138,Corporate,Central,Coventry,Technology,Accessories,1,427.29,0.3,299.1,-50.21
ORD-103109,2024-09-24,2024-09-28,Standard Class,CUST-1959,Consumer,Central,Leicester,Furniture,Furnishings,2,431.51,0.3,604.11,-73.88
ORD-105148,2024-09-24,2024-09-27,Second Class,CUST-2375,Consumer,East,Peterborough,Technology,Machines,5,540.28,0.15,2296.19,437.39
ORD-104614,2024-09-24,2024-09-28,Standard Class,CUST-1150,Corporate,South,Portsmouth,Office Supplies,Art,1,34.77,0.2,27.82,3.44
ORD-100133,2024-09-24,2024-09-27,Standard Class,CUST-1784,Corporate,East,Norwich,Furniture,Chairs,1,640.96,0.15,544.82,3.07
ORD-104335,2024-09-24,2024-09-30,Standard Class,CUST-1110,Corporate,West,Exeter,Furniture,Tables,1,201.32,0.2,161.06,2.74
ORD-104374,2024-09-24,2024-09-28,First Class,CUST-1177,Consumer,West,Bristol,Furniture,Bookcases,4,196.41,0.0,785.64,-14.74
ORD-100078,2024-09-24,2024-10-01,Standard Class,CUST-1136,Home Office,Central,Leicester,Furniture,Furnishings,2,829.01,0.0,1658.02,183.06
ORD-103469,2024-09-25,2024-09-27,Second Class,CUST-1575,Corporate,West,Cardiff,Office Supplies,Paper,2,110.41,0.2,176.66,22.81
ORD-102108,2024-09-25,2024-09-29,Standard Class,CUST-1794,Consumer,East,Norwich,Furniture,Bookcases,2,76.1,0.0,152.2,18.67
ORD-100165,2024-09-25,2024-10-02,Standard Class,CUST-1226,Corporate,Central,Leicester,Furniture,Bookcases,1,751.29,0.0,751.29,27.93
ORD-103559,2024-09-25,2024-09-28,Standard Class,CUST-1501,Home Office,North,Manchester,Office Supplies,Binders,3,16.82,0.0,50.46,4.54
ORD-101567,2024-09-25,2024-09-30,Standard Class,CUST-2215,Consumer,West,Cardiff,Office Supplies,Storage,1,43.42,0.2,34.74,1.39
ORD-104865,2024-09-25,2024-09-27,Second Class,CUST-1606,Consumer,South,Southampton,Furniture,Chairs,2,587.14,0.0,1174.28,-25.59
ORD-106460,2024-09-26,2024-09-30,Same Day,CUST-1273,Consumer,North,Manchester,Technology,Accessories,6,894.11,0.0,5364.66,463.8
ORD-105868,2024-09-26,2024-09-30,First Class,CUST-1576,Consumer,North,Leeds,Technology,Phones,3,374.37,0.2,898.49,-3.34
ORD-103657,2024-09-26,2024-09-29,Second Class,CUST-2022,Corporate,North,Manchester,Office Supplies,Storage,2,50.63,0.15,86.07,-0.47
ORD-100640,2024-09-26,2024-09-30,Standard Class,CUST-1799,Corporate,South,Portsmouth,Technology,Machines,2,1439.58,0.1,2591.24,-314.14
ORD-102208,2024-09-26,2024-09-29,First Class,CUST-1387,Home Office,North,Manchester,Technology,Phones,2,1583.12,0.0,3166.24,423.27
ORD-106231,2024-09-26,2024-10-02,Standard Class,CUST-1744,Consumer,South,Brighton,Technology,Copiers,3,1356.92,0.1,3663.68,-117.25
ORD-102439,2024-09-26,2024-09-27,Standard Class,CUST-1734,Corporate,East,Peterborough,Office Supplies,Art,1,26.74,0.1,24.07,0.02
ORD-102744,2024-09-26,2024-10-02,Second Class,CUST-1558,Corporate,East,Peterborough,Technology,Copiers,1,1326.12,0.0,1326.12,-51.51
ORD-105142,2024-09-26,2024-09-29,Standard Class,CUST-2196,Corporate,West,Plymouth,Office Supplies,Labels,5,97.68,0.0,488.4,121.44
ORD-101009,2024-09-27,2024-10-03,Standard Class,CUST-2283,Home Office,North,Newcastle,Office Supplies,Storage,1,15.9,0.0,15.9,5.28
ORD-101613,2024-09-27,2024-10-01,Standard Class,CUST-1170,Home Office,South,Brighton,Furniture,Tables,2,467.27,0.0,934.54,122.94
ORD-102996,2024-09-27,2024-10-01,Standard Class,CUST-1432,Home Office,North,Sheffield,Office Supplies,Storage,3,54.24,0.15,138.31,11.34
ORD-100380,2024-09-27,2024-09-30,Standard Class,CUST-1608,Corporate,North,Leeds,Office Supplies,Paper,1,26.65,0.1,23.98,1.25
ORD-102833,2024-09-27,2024-09-28,Same Day,CUST-1242,Corporate,Central,Nottingham,Furniture,Bookcases,6,572.31,0.15,2918.78,6.63
ORD-104000,2024-09-27,2024-09-30,Standard Class,CUST-1815,Consumer,West,Plymouth,Office Supplies,Labels,2,96.84,0.1,174.31,25.67
ORD-101819,2024-09-27,2024-10-04,Second Class,CUST-1047,Consumer,West,Exeter,Office Supplies,Paper,4,32.17,0.0,128.68,14.31
ORD-105697,2024-09-27,2024-09-29,Second Class,CUST-2463,Consumer,Central,Coventry,Technology,Copiers,2,1187.36,0.0,2374.72,-102.18
ORD-100851,2024-09-27,2024-09-29,Second Class,CUST-1694,Consumer,East,Cambridge,Technology,Accessories,4,1668.93,0.0,6675.72,-204.11
ORD-105631,2024-09-27,2024-09-29,First Class,CUST-2413,Corporate,South,Southampton,Technology,Copiers,1,424.4,0.3,297.08,15.59
ORD-102356,2024-09-27,2024-09-30,First Class,CUST-2016,Consumer,South,Brighton,Technology,Accessories,3,1617.4,0.1,4366.98,507.76
ORD-102495,2024-09-28,2024-10-01,Second Class,CUST-1606,Consumer,East,Norwich,Office Supplies,Art,1,86.53,0.0,86.53,14.19
ORD-104673,2024-09-28,2024-10-01,Standard Class,CUST-1153,Consumer,West,Cardiff,Furniture,Tables,1,704.35,0.0,704.35,-7.24
ORD-103695,2024-09-28,2024-10-03,Second Class,CUST-1000,Corporate,West,Bristol,Office Supplies,Binders,4,67.93,0.0,271.72,24.82
ORD-103725,2024-09-28,2024-10-03,First Class,CUST-2240,Consumer,West,Plymouth,Office Supplies,Labels,2,21.54,0.15,36.62,2.17
ORD-103764,2024-09-28,2024-10-03,Standard Class,CUST-1118,Consumer,North,Sheffield,Furniture,Bookcases,1,843.78,0.0,843.78,-21.29
ORD-101288,2024-09-28,2024-10-01,Standard Class,CUST-1152,Consumer,Central,Birmingham,Office Supplies,Paper,1,30.25,0.1,27.23,1.48
ORD-106242,2024-09-28,2024-09-29,Standard Class,CUST-2215,Corporate,North,Sheffield,Office Supplies,Binders,2,4.41,0.1,7.94,0.57
ORD-106308,2024-09-28,2024-10-01,Standard Class,CUST-1948,Consumer,East,Peterborough,Technology,Accessories,2,1278.73,0.15,2173.84,-389.88
ORD-105385,2024-09-28,2024-10-05,Standard Class,CUST-1316,Home Office,North,Manchester,Furniture,Chairs,1,461.7,0.0,461.7,17.21
ORD-102845,2024-09-28,2024-10-05,Second Class,CUST-1125,Consumer,East,Peterborough,Technology,Machines,1,498.9,0.0,498.9,33.95
ORD-101761,2024-09-28,2024-10-03,Standard Class,CUST-1559,Consumer,North,Newcastle,Office Supplies,Binders,3,45.32,0.1,122.36,20.54
ORD-101635,2024-09-29,2024-10-03,Standard Class,CUST-1513,Consumer,West,Bristol,Office Supplies,Labels,3,91.41,0.15,233.1,5.31
ORD-104525,2024-09-29,2024-10-02,First Class,CUST-2383,Corporate,North,Manchester,Office Supplies,Storage,3,43.79,0.0,131.37,28.92
ORD-100384,2024-09-29,2024-10-02,First Class,CUST-2212,Consumer,South,Portsmouth,Office Supplies,Paper,5,75.92,0.2,303.68,52.09
ORD-106016,2024-09-29,2024-10-02,Standard Class,CUST-1487,Consumer,North,Sheffield,Office Supplies,Paper,4,6.91,0.0,27.64,6.66
ORD-106255,2024-09-30,2024-10-02,Second Class,CUST-1520,Corporate,West,Bristol,Office Supplies,Paper,2,64.54,0.1,116.17,13.74
ORD-103758,2024-09-30,2024-10-07,Standard Class,CUST-2313,Consumer,East,Peterborough,Furniture,Furnishings,1,436.66,0.2,349.33,14.96
ORD-103275,2024-09-30,2024-10-01,Standard Class,CUST-1518,Corporate,North,Leeds,Furniture,Furnishings,3,148.19,0.15,377.88,-11.32
ORD-105029,2024-09-30,2024-10-02,First Class,CUST-1109,Corporate,South,Brighton,Office Supplies,Labels,1,115.58,0.3,80.91,-6.18
ORD-105986,2024-09-30,2024-10-03,Standard Class,CUST-2456,Home Office,Central,Nottingham,Furniture,Tables,1,521.55,0.0,521.55,62.32
ORD-103817,2024-09-30,2024-10-03,Second Class,CUST-1725,Home Office,East,Cambridge,Technology,Copiers,2,1090.12,0.3,1526.17,-262.48
ORD-105832,2024-09-30,2024-10-02,Standard Class,CUST-2011,Consumer,East,Ipswich,Office Supplies,Labels,1,87.8,0.5,43.9,-3.11
ORD-104230,2024-10-01,2024-10-06,First Class,CUST-1716,Home Office,South,Southampton,Technology,Phones,3,933.14,0.0,2799.42,604.23
ORD-105567,2024-10-01,2024-10-04,Standard Class,CUST-1205,Corporate,West,Bristol,Technology,Machines,2,94.3,0.1,169.74,3.89
ORD-101211,2024-10-01,2024-10-06,Second Class,CUST-1168,Corporate,South,Reading,Technology,Accessories,2,1025.35,0.2,1640.56,-183.74
ORD-100328,2024-10-01,2024-10-04,Standard Class,CUST-1651,Corporate,South,Brighton,Furniture,Bookcases,3,366.45,0.15,934.45,-30.63
ORD-100757,2024-10-01,2024-10-05,Standard Class,CUST-1382,Consumer,North,Newcastle,Office Supplies,Art,4,80.15,0.0,320.6,80.5
ORD-104617,2024-10-01,2024-10-07,Standard Class,CUST-1005,Consumer,West,Cardiff,Office Supplies,Paper,3,91.89,0.2,220.54,44.77
ORD-101673,2024-10-01,2024-10-04,Same Day,CUST-1273,Consumer,West,Bristol,Office Supplies,Binders,5,102.7,0.1,462.15,116.12
ORD-104381,2024-10-01,2024-10-05,Standard Class,CUST-1452,Corporate,East,Peterborough,Technology,Machines,2,474.72,0.1,854.5,-87.7
ORD-102416,2024-10-01,2024-10-07,Second Class,CUST-1139,Consumer,West,Cardiff,Technology,Accessories,1,100.67,0.15,85.57,14.14
ORD-104007,2024-10-01,2024-10-04,Second Class,CUST-1369,Home Office,North,Manchester,Technology,Machines,1,215.97,0.4,129.58,-22.22
ORD-104303,2024-10-01,2024-10-04,Standard Class,CUST-2021,Home Office,East,Ipswich,Technology,Phones,1,380.45,0.0,380.45,34.71
ORD-103154,2024-10-01,2024-10-03,Standard Class,CUST-1831,Corporate,West,Cardiff,Furniture,Chairs,1,590.75,0.0,590.75,50.46
ORD-101026,2024-10-01,2024-10-06,Standard Class,CUST-1978,Consumer,North,Manchester,Furniture,Bookcases,5,87.06,0.1,391.77,-14.85
ORD-101122,2024-10-01,2024-10-07,Standard Class,CUST-1981,Consumer,North,Leeds,Furniture,Bookcases,1,156.03,0.2,124.82,0.89
ORD-100877,2024-10-02,2024-10-06,Second Class,CUST-1849,Consumer,South,Brighton,Technology,Accessories,1,1630.76,0.1,1467.68,-103.36
ORD-102742,2024-10-02,2024-10-07,Second Class,CUST-2487,Consumer,West,Plymouth,Office Supplies,Storage,2,85.24,0.1,153.43,24.05
ORD-100795,2024-10-02,2024-10-05,Second Class,CUST-1924,Corporate,Central,Leicester,Office Supplies,Art,1,100.28,0.0,100.28,21.44
ORD-103838,2024-10-02,2024-10-04,Standard Class,CUST-1463,Consumer,East,Peterborough,Furniture,Chairs,3,714.62,0.4,1286.32,-372.89
ORD-102235,2024-10-02,2024-10-04,Standard Class,CUST-1519,Consumer,North,Manchester,Furniture,Furnishings,3,166.56,0.3,349.78,-12.65
ORD-104983,2024-10-02,2024-10-04,Standard Class,CUST-2263,Consumer,West,Exeter,Office Supplies,Labels,3,74.77,0.3,157.02,-1.61
ORD-102501,2024-10-03,2024-10-07,Same Day,CUST-2082,Corporate,East,Ipswich,Office Supplies,Binders,1,28.1,0.0,28.1,6.95
ORD-106278,2024-10-03,2024-10-09,Standard Class,CUST-1615,Home Office,North,Leeds,Office Supplies,Binders,3,20.04,0.0,60.12,6.45
ORD-104535,2024-10-03,2024-10-05,Standard Class,CUST-2374,Home Office,West,Cardiff,Furniture,Furnishings,1,81.1,0.0,81.1,-3.35
ORD-104455,2024-10-03,2024-10-04,Standard Class,CUST-1480,Corporate,East,Norwich,Technology,Phones,4,912.88,0.1,3286.37,82.52
ORD-101175,2024-10-03,2024-10-06,First Class,CUST-1145,Consumer,Central,Coventry,Technology,Copiers,1,1246.95,0.0,1246.95,-107.15
ORD-105750,2024-10-03,2024-10-05,Second Class,CUST-2399,Consumer,East,Cambridge,Furniture,Chairs,1,557.69,0.3,390.38,-43.65
ORD-103612,2024-10-03,2024-10-04,First Class,CUST-1693,Consumer,East,Cambridge,Technology,Accessories,3,668.41,0.1,1804.71,301.31
ORD-105221,2024-10-04,2024-10-10,Standard Class,CUST-1370,Consumer,West,Bristol,Furniture,Furnishings,3,109.39,0.1,295.35,-12.99
ORD-103080,2024-10-04,2024-10-07,Second Class,CUST-1361,Home Office,East,Ipswich,Office Supplies,Paper,3,101.09,0.2,242.62,21.57
ORD-104512,2024-10-04,2024-10-10,Standard Class,CUST-2348,Consumer,Central,Nottingham,Office Supplies,Labels,3,55.33,0.1,149.39,41.81
ORD-104186,2024-10-04,2024-10-06,Standard Class,CUST-1550,Corporate,North,Leeds,Office Supplies,Labels,6,65.66,0.0,393.96,94.86
ORD-100660,2024-10-04,2024-10-08,First Class,CUST-2485,Home Office,Central,Coventry,Office Supplies,Art,3,92.59,0.0,277.77,56.71
ORD-102217,2024-10-04,2024-10-09,Standard Class,CUST-2491,Corporate,South,Reading,Office Supplies,Art,5,95.0,0.0,475.0,114.56
ORD-101147,2024-10-04,2024-10-07,First Class,CUST-2069,Consumer,East,Peterborough,Technology,Accessories,4,862.94,0.1,3106.58,541.55
ORD-105808,2024-10-05,2024-10-08,Same Day,CUST-1180,Home Office,East,Cambridge,Furniture,Tables,1,708.87,0.0,708.87,41.62
ORD-100225,2024-10-05,2024-10-08,Standard Class,CUST-1211,Consumer,East,Norwich,Furniture,Chairs,3,228.47,0.0,685.41,-32.68
ORD-103690,2024-10-05,2024-10-09,Second Class,CUST-1846,Consumer,West,Cardiff,Technology,Accessories,2,1132.75,0.1,2038.95,341.6
ORD-103463,2024-10-05,2024-10-10,Standard Class,CUST-1402,Consumer,Central,Leicester,Technology,Phones,1,1059.32,0.4,635.59,-214.27
ORD-101967,2024-10-05,2024-10-09,Standard Class,CUST-1506,Consumer,North,Manchester,Office Supplies,Art,2,44.66,0.1,80.39,23.22
ORD-100918,2024-10-05,2024-10-07,Standard Class,CUST-1111,Corporate,North,Sheffield,Technology,Phones,3,574.46,0.4,1034.03,-79.94
ORD-102900,2024-10-05,2024-10-09,Standard Class,CUST-2120,Corporate,South,Portsmouth,Furniture,Bookcases,2,555.31,0.1,999.56,-79.47
ORD-100923,2024-10-05,2024-10-10,Standard Class,CUST-2312,Consumer,East,Norwich,Furniture,Furnishings,1,60.13,0.15,51.11,-5.85
ORD-104216,2024-10-05,2024-10-08,Second Class,CUST-1511,Consumer,South,Southampton,Furniture,Tables,1,741.11,0.15,629.94,-40.64
ORD-104527,2024-10-06,2024-10-13,First Class,CUST-1633,Consumer,East,Peterborough,Office Supplies,Art,3,22.6,0.15,57.63,12.82
ORD-101395,2024-10-06,2024-10-08,Standard Class,CUST-1015,Consumer,West,Bristol,Office Supplies,Storage,4,85.91,0.0,343.64,47.72
ORD-105636,2024-10-06,2024-10-08,Standard Class,CUST-2323,Corporate,East,Ipswich,Technology,Copiers,3,1620.12,0.15,4131.31,-465.81
ORD-103915,2024-10-06,2024-10-10,Standard Class,CUST-2143,Consumer,South,Reading,Technology,Phones,3,284.87,0.2,683.69,122.81
ORD-102879,2024-10-06,2024-10-11,Same Day,CUST-1487,Corporate,East,Peterborough,Office Supplies,Art,1,48.49,0.15,41.22,5.65
ORD-102980,2024-10-06,2024-10-08,Second Class,CUST-1606,Home Office,West,Cardiff,Furniture,Tables,4,492.16,0.0,1968.64,216.02
ORD-101994,2024-10-06,2024-10-08,Standard Class,CUST-1706,Home Office,East,Cambridge,Technology,Phones,1,1108.65,0.1,997.79,-121.18
ORD-100673,2024-10-06,2024-10-09,Standard Class,CUST-2067,Home Office,South,Southampton,Office Supplies,Labels,2,79.19,0.2,126.7,27.65
ORD-101438,2024-10-07,2024-10-11,Standard Class,CUST-1946,Home Office,West,Bristol,Office Supplies,Binders,2,112.26,0.0,224.52,68.06
ORD-102636,2024-10-07,2024-10-13,Standard Class,CUST-2251,Consumer,Central,Nottingham,Office Supplies,Labels,1,89.86,0.0,89.86,9.41
ORD-102939,2024-10-07,2024-10-12,Second Class,CUST-1277,Consumer,East,Peterborough,Office Supplies,Binders,1,70.81,0.3,49.57,-3.15
ORD-104024,2024-10-07,2024-10-11,First Class,CUST-1971,Home Office,North,Leeds,Office Supplies,Art,4,51.78,0.2,165.7,-0.0
ORD-103891,2024-10-07,2024-10-10,Standard Class,CUST-1052,Corporate,West,Plymouth,Furniture,Chairs,2,312.64,0.4,375.17,-103.12
ORD-105623,2024-10-07,2024-10-13,Standard Class,CUST-1440,Home Office,West,Exeter,Office Supplies,Paper,3,86.11,0.2,206.66,31.31
ORD-101221,2024-10-08,2024-10-11,Second Class,CUST-2134,Consumer,South,Brighton,Office Supplies,Labels,1,53.09,0.1,47.78,9.74
ORD-106007,2024-10-08,2024-10-13,Standard Class,CUST-2388,Home Office,West,Bristol,Office Supplies,Storage,3,82.72,0.1,223.34,9.88
ORD-104362,2024-10-08,2024-10-11,Second Class,CUST-1292,Consumer,West,Exeter,Furniture,Furnishings,5,222.08,0.1,999.36,84.86
ORD-102930,2024-10-08,2024-10-12,Standard Class,CUST-1911,Consumer,North,Leeds,Furniture,Tables,2,582.15,0.0,1164.3,-9.74
ORD-100969,2024-10-08,2024-10-10,First Class,CUST-1693,Consumer,East,Peterborough,Office Supplies,Storage,3,66.89,0.1,180.6,21.54
ORD-106345,2024-10-08,2024-10-10,Standard Class,CUST-1533,Consumer,West,Bristol,Technology,Phones,5,804.13,0.2,3216.52,25.76
ORD-100253,2024-10-08,2024-10-10,Second Class,CUST-1540,Home Office,West,Plymouth,Furniture,Chairs,3,780.14,0.15,1989.36,-91.77
ORD-105919,2024-10-08,2024-10-11,Standard Class,CUST-1578,Corporate,South,Reading,Technology,Phones,2,1431.7,0.15,2433.89,234.93
ORD-105852,2024-10-09,2024-10-12,Second Class,CUST-2067,Corporate,East,Norwich,Furniture,Tables,1,796.38,0.0,796.38,78.07
ORD-104707,2024-10-09,2024-10-13,Second Class,CUST-1864,Consumer,North,Newcastle,Technology,Phones,2,81.81,0.2,130.9,-6.02
ORD-100882,2024-10-09,2024-10-11,Standard Class,CUST-1926,Consumer,North,Leeds,Technology,Accessories,2,1443.7,0.0,2887.4,-161.07
ORD-105983,2024-10-09,2024-10-12,Same Day,CUST-2238,Corporate,North,Manchester,Technology,Machines,1,387.13,0.0,387.13,106.69
ORD-106085,2024-10-09,2024-10-11,Standard Class,CUST-1337,Corporate,South,Portsmouth,Furniture,Furnishings,1,86.84,0.1,78.16,4.03
ORD-105074,2024-10-09,2024-10-13,Standard Class,CUST-2008,Consumer,North,Manchester,Furniture,Bookcases,2,728.4,0.15,1238.28,-142.97
ORD-104696,2024-10-09,2024-10-11,Standard Class,CUST-1272,Consumer,North,Leeds,Furniture,Tables,4,332.02,0.1,1195.27,56.6
ORD-101330,2024-10-09,2024-10-11,Standard Class,CUST-1275,Consumer,East,Peterborough,Technology,Copiers,1,89.38,0.4,53.63,-5.98
ORD-100416,2024-10-09,2024-10-12,Standard Class,CUST-1203,Consumer,West,Bristol,Furniture,Tables,2,400.74,0.0,801.48,140.11
ORD-101302,2024-10-10,2024-10-13,Standard Class,CUST-2093,Consumer,West,Exeter,Office Supplies,Art,3,23.91,0.0,71.73,9.86
ORD-101509,2024-10-10,2024-10-13,Standard Class,CUST-1288,Consumer,Central,Nottingham,Technology,Copiers,3,806.06,0.0,2418.18,304.43
ORD-103105,2024-10-10,2024-10-11,Second Class,CUST-1079,Corporate,Central,Nottingham,Office Supplies,Art,3,92.19,0.1,248.91,24.81
ORD-105566,2024-10-10,2024-10-13,Standard Class,CUST-1891,Consumer,West,Bristol,Furniture,Bookcases,1,309.92,0.0,309.92,25.61
ORD-103561,2024-10-10,2024-10-13,Same Day,CUST-1613,Consumer,North,Sheffield,Office Supplies,Storage,1,39.85,0.1,35.87,7.66
ORD-105693,2024-10-10,2024-10-12,Second Class,CUST-1251,Corporate,West,Plymouth,Technology,Machines,5,1602.7,0.4,4808.1,-16.91
ORD-104390,2024-10-10,2024-10-14,Same Day,CUST-1852,Home Office,North,Manchester,Furniture,Furnishings,3,689.45,0.1,1861.51,39.68
ORD-103176,2024-10-10,2024-10-13,Standard Class,CUST-1369,Home Office,Central,Coventry,Office Supplies,Labels,4,35.62,0.0,142.48,26.3
ORD-100093,2024-10-11,2024-10-13,First Class,CUST-2405,Consumer,Central,Leicester,Technology,Phones,3,433.35,0.0,1300.05,321.4
ORD-103313,2024-10-11,2024-10-17,First Class,CUST-1841,Consumer,North,Manchester,Furniture,Tables,3,697.98,0.1,1884.55,201.18
ORD-105213,2024-10-11,2024-10-14,Second Class,CUST-1300,Corporate,East,Ipswich,Furniture,Tables,3,839.63,0.0,2518.89,105.64
ORD-100756,2024-10-11,2024-10-16,Standard Class,CUST-2471,Corporate,South,Southampton,Technology,Copiers,1,837.18,0.0,837.18,198.25
ORD-106374,2024-10-11,2024-10-14,Standard Class,CUST-2460,Home Office,West,Exeter,Technology,Copiers,6,1776.21,0.2,8525.81,-542.55
ORD-105343,2024-10-11,2024-10-13,Second Class,CUST-1364,Home Office,South,Portsmouth,Office Supplies,Labels,1,113.86,0.4,68.32,0.54
ORD-105052,2024-10-11,2024-10-14,First Class,CUST-1705,Consumer,South,Southampton,Office Supplies,Storage,3,81.25,0.1,219.38,51.55
ORD-103708,2024-10-11,2024-10-12,First Class,CUST-2417,Consumer,East,Peterborough,Office Supplies,Labels,2,80.69,0.3,112.97,4.75
ORD-106466,2024-10-12,2024-10-19,First Class,CUST-1069,Corporate,West,Bristol,Office Supplies,Paper,2,11.36,0.2,18.18,-0.51
ORD-101138,2024-10-12,2024-10-15,First Class,CUST-1320,Consumer,East,Cambridge,Office Supplies,Art,3,83.09,0.0,249.27,86.07
ORD-103672,2024-10-12,2024-10-18,Standard Class,CUST-1331,Consumer,West,Cardiff,Furniture,Tables,3,612.09,0.15,1560.83,-19.02
ORD-104310,2024-10-12,2024-10-15,First Class,CUST-1037,Consumer,North,Manchester,Technology,Machines,1,1037.36,0.3,726.15,-103.73
ORD-104879,2024-10-13,2024-10-16,Standard Class,CUST-2032,Home Office,East,Norwich,Office Supplies,Labels,2,77.25,0.0,154.5,18.27
ORD-106160,2024-10-13,2024-10-16,Standard Class,CUST-1194,Corporate,South,Brighton,Office Supplies,Paper,1,100.46,0.15,85.39,14.55
ORD-101991,2024-10-13,2024-10-18,Standard Class,CUST-1596,Corporate,West,Cardiff,Office Supplies,Storage,2,74.66,0.0,149.32,26.16
ORD-101490,2024-10-13,2024-10-17,Standard Class,CUST-1886,Corporate,Central,Leicester,Furniture,Chairs,1,343.07,0.3,240.15,-52.83
ORD-104287,2024-10-13,2024-10-17,Standard Class,CUST-1020,Consumer,South,Brighton,Office Supplies,Art,1,83.82,0.4,50.29,-8.45
ORD-103259,2024-10-13,2024-10-16,Same Day,CUST-1555,Home Office,North,Newcastle,Office Supplies,Paper,4,93.82,0.4,225.17,-14.42
ORD-104742,2024-10-13,2024-10-16,Standard Class,CUST-1852,Consumer,South,Southampton,Technology,Copiers,3,1543.1,0.15,3934.91,242.87
ORD-105129,2024-10-13,2024-10-14,Standard Class,CUST-2277,Consumer,West,Bristol,Office Supplies,Binders,3,104.15,0.1,281.2,-1.89
ORD-100928,2024-10-14,2024-10-17,Standard Class,CUST-1109,Consumer,West,Cardiff,Technology,Copiers,1,302.56,0.15,257.18,-46.83
ORD-104329,2024-10-14,2024-10-17,Standard Class,CUST-2112,Corporate,Central,Birmingham,Technology,Copiers,4,1646.8,0.1,5928.48,854.59
ORD-100418,2024-10-14,2024-10-19,First Class,CUST-2119,Consumer,East,Norwich,Office Supplies,Storage,1,29.25,0.1,26.32,1.8
ORD-100020,2024-10-14,2024-10-17,Standard Class,CUST-1920,Home Office,South,Brighton,Technology,Phones,3,1006.26,0.0,3018.78,205.01
ORD-103546,2024-10-14,2024-10-18,Standard Class,CUST-1014,Consumer,North,Sheffield,Furniture,Chairs,2,251.05,0.3,351.47,-46.25
ORD-101812,2024-10-15,2024-10-20,Standard Class,CUST-1466,Corporate,North,Manchester,Furniture,Chairs,1,72.07,0.0,72.07,6.54
ORD-100075,2024-10-15,2024-10-19,Standard Class,CUST-2240,Home Office,North,Sheffield,Furniture,Tables,3,458.36,0.0,1375.08,42.43
ORD-100006,2024-10-15,2024-10-21,Standard Class,CUST-1725,Consumer,West,Cardiff,Technology,Copiers,2,1212.19,0.15,2060.72,95.86
ORD-103343,2024-10-15,2024-10-19,Second Class,CUST-1588,Home Office,North,Manchester,Furniture,Bookcases,6,810.27,0.0,4861.62,203.22
ORD-105669,2024-10-15,2024-10-20,Standard Class,CUST-2318,Consumer,East,Cambridge,Furniture,Furnishings,2,420.5,0.4,504.6,-127.18
ORD-104600,2024-10-15,2024-10-19,Standard Class,CUST-1979,Corporate,Central,Coventry,Office Supplies,Art,3,9.93,0.2,23.83,2.21
ORD-101474,2024-10-16,2024-10-18,First Class,CUST-2319,Home Office,East,Peterborough,Furniture,Bookcases,3,786.76,0.2,1888.22,-39.91
ORD-103406,2024-10-16,2024-10-19,Standard Class,CUST-1237,Consumer,North,Newcastle,Technology,Copiers,1,548.88,0.1,493.99,15.34
ORD-103968,2024-10-16,2024-10-22,Standard Class,CUST-2149,Corporate,South,Reading,Office Supplies,Storage,1,44.85,0.15,38.12,0.01
ORD-105128,2024-10-16,2024-10-18,Standard Class,CUST-2074,Corporate,East,Norwich,Office Supplies,Storage,3,70.83,0.15,180.62,11.93
ORD-105834,2024-10-16,2024-10-22,First Class,CUST-1316,Consumer,East,Cambridge,Office Supplies,Labels,2,106.85,0.0,213.7,62.03
ORD-100865,2024-10-16,2024-10-19,First Class,CUST-1624,Consumer,West,Exeter,Office Supplies,Labels,3,118.36,0.2,284.06,60.39
ORD-102892,2024-10-16,2024-10-21,Second Class,CUST-1317,Consumer,East,Ipswich,Office Supplies,Binders,2,68.45,0.0,136.9,11.64
ORD-101056,2024-10-16,2024-10-18,Standard Class,CUST-2116,Home Office,North,Leeds,Furniture,Tables,1,148.46,0.15,126.19,-0.08
ORD-101500,2024-10-16,2024-10-19,Standard Class,CUST-1720,Consumer,Central,Birmingham,Furniture,Chairs,3,678.46,0.0,2035.38,134.09
ORD-103581,2024-10-16,2024-10-19,Same Day,CUST-1099,Corporate,Central,Coventry,Office Supplies,Storage,2,17.03,0.1,30.65,5.13
ORD-103234,2024-10-17,2024-10-19,Standard Class,CUST-2139,Home Office,East,Peterborough,Office Supplies,Paper,1,26.89,0.1,24.2,3.5
ORD-103378,2024-10-17,2024-10-21,First Class,CUST-1976,Home Office,South,Reading,Office Supplies,Labels,1,22.76,0.0,22.76,2.92
ORD-101678,2024-10-17,2024-10-19,Standard Class,CUST-1266,Consumer,North,Sheffield,Office Supplies,Binders,6,102.13,0.0,612.78,204.87
ORD-105987,2024-10-17,2024-10-21,Standard Class,CUST-2218,Home Office,West,Bristol,Technology,Accessories,1,949.14,0.5,474.57,-130.34
ORD-105375,2024-10-17,2024-10-21,Standard Class,CUST-1420,Corporate,West,Cardiff,Technology,Machines,2,1511.28,0.4,1813.54,-214.59
ORD-100434,2024-10-17,2024-10-24,Standard Class,CUST-1229,Consumer,Central,Coventry,Office Supplies,Storage,2,99.53,0.3,139.34,1.27
ORD-101413,2024-10-17,2024-10-20,Second Class,CUST-2477,Corporate,North,Manchester,Technology,Phones,4,428.92,0.0,1715.68,-158.11
ORD-100074,2024-10-18,2024-10-20,Second Class,CUST-2335,Corporate,West,Plymouth,Office Supplies,Binders,5,49.41,0.4,148.23,-22.16
ORD-103789,2024-10-18,2024-10-23,Standard Class,CUST-1695,Corporate,North,Leeds,Technology,Accessories,2,707.45,0.0,1414.9,285.19
ORD-104347,2024-10-18,2024-10-22,Second Class,CUST-1061,Corporate,West,Plymouth,Office Supplies,Art,3,11.71,0.0,35.13,9.86
ORD-100679,2024-10-18,2024-10-23,Standard Class,CUST-1199,Corporate,South,Southampton,Technology,Copiers,1,656.84,0.0,656.84,-19.42
ORD-101260,2024-10-18,2024-10-23,Standard Class,CUST-1702,Consumer,East,Ipswich,Furniture,Chairs,2,387.7,0.15,659.09,12.4
ORD-102841,2024-10-18,2024-10-21,Standard Class,CUST-1969,Corporate,West,Cardiff,Office Supplies,Art,5,105.71,0.15,449.27,45.17
ORD-103087,2024-10-18,2024-10-25,Standard Class,CUST-1328,Corporate,West,Bristol,Furniture,Furnishings,5,294.85,0.0,1474.25,264.97
ORD-103149,2024-10-18,2024-10-21,Standard Class,CUST-1409,Corporate,South,Brighton,Furniture,Bookcases,3,530.64,0.1,1432.73,154.52
ORD-102174,2024-10-18,2024-10-23,First Class,CUST-2498,Home Office,East,Ipswich,Technology,Accessories,3,493.09,0.3,1035.49,78.21
ORD-105809,2024-10-19,2024-10-20,Standard Class,CUST-2114,Consumer,East,Ipswich,Office Supplies,Labels,1,100.16,0.2,80.13,-1.16
ORD-100106,2024-10-19,2024-10-23,Standard Class,CUST-1260,Corporate,South,Reading,Office Supplies,Binders,3,39.52,0.0,118.56,36.44
ORD-101369,2024-10-19,2024-10-22,Second Class,CUST-2253,Consumer,North,Leeds,Furniture,Chairs,1,895.67,0.0,895.67,4.4
ORD-104254,2024-10-20,2024-10-25,Standard Class,CUST-1587,Corporate,South,Brighton,Technology,Machines,4,125.65,0.0,502.6,122.95
ORD-103673,2024-10-20,2024-10-25,Second Class,CUST-2337,Corporate,East,Peterborough,Office Supplies,Binders,1,93.91,0.1,84.52,21.83
ORD-101423,2024-10-20,2024-10-23,Standard Class,CUST-2463,Consumer,Central,Nottingham,Technology,Accessories,3,856.03,0.2,2054.47,178.83
ORD-105127,2024-10-20,2024-10-24,Standard Class,CUST-1030,Home Office,West,Bristol,Technology,Copiers,3,285.81,0.2,685.94,-107.14
ORD-103541,2024-10-20,2024-10-24,Second Class,CUST-2143,Corporate,North,Leeds,Technology,Phones,3,59.97,0.0,179.91,42.47
ORD-102914,2024-10-20,2024-10-27,Standard Class,CUST-1647,Consumer,Central,Leicester,Office Supplies,Binders,1,62.87,0.3,44.01,2.07
ORD-103108,2024-10-21,2024-10-27,Second Class,CUST-1219,Consumer,Central,Leicester,Furniture,Tables,3,546.88,0.3,1148.45,-23.36
ORD-100554,2024-10-21,2024-10-24,Standard Class,CUST-1108,Corporate,North,Newcastle,Furniture,Furnishings,1,69.07,0.15,58.71,-6.69
ORD-106380,2024-10-21,2024-10-28,Standard Class,CUST-2195,Consumer,North,Leeds,Furniture,Bookcases,2,735.98,0.0,1471.96,201.78
ORD-104152,2024-10-22,2024-10-24,Standard Class,CUST-1448,Corporate,Central,Nottingham,Furniture,Furnishings,3,67.82,0.1,183.11,-5.38
ORD-106269,2024-10-22,2024-10-26,Second Class,CUST-1894,Corporate,South,Reading,Office Supplies,Storage,6,40.79,0.5,122.37,-28.87
ORD-102472,2024-10-22,2024-10-24,Standard Class,CUST-1253,Corporate,East,Cambridge,Office Supplies,Paper,2,56.96,0.0,113.92,15.17
ORD-102184,2024-10-22,2024-10-25,Standard Class,CUST-1183,Consumer,North,Newcastle,Furniture,Chairs,1,812.04,0.0,812.04,3.05
ORD-102851,2024-10-22,2024-10-26,Standard Class,CUST-1211,Consumer,Central,Birmingham,Technology,Machines,1,1265.71,0.1,1139.14,-94.34
ORD-100613,2024-10-22,2024-10-26,Standard Class,CUST-2228,Consumer,East,Cambridge,Office Supplies,Art,3,13.98,0.1,37.75,6.01
ORD-104440,2024-10-23,2024-10-28,Standard Class,CUST-1549,Corporate,Central,Nottingham,Furniture,Furnishings,2,789.31,0.0,1578.62,94.55
ORD-106105,2024-10-23,2024-10-26,Second Class,CUST-1442,Corporate,East,Ipswich,Technology,Copiers,4,337.06,0.0,1348.24,-15.7
ORD-103975,2024-10-23,2024-10-27,First Class,CUST-1823,Consumer,East,Peterborough,Office Supplies,Storage,1,66.78,0.2,53.42,0.42
ORD-106035,2024-10-23,2024-10-25,Standard Class,CUST-1191,Consumer,West,Exeter,Furniture,Furnishings,2,397.31,0.0,794.62,-26.3
ORD-106268,2024-10-23,2024-10-25,First Class,CUST-1717,Corporate,West,Plymouth,Office Supplies,Binders,2,48.87,0.0,97.74,29.21
ORD-102555,2024-10-23,2024-10-28,First Class,CUST-1354,Corporate,West,Bristol,Technology,Machines,1,1126.49,0.1,1013.84,139.03
ORD-100444,2024-10-23,2024-10-27,Standard Class,CUST-1497,Home Office,South,Portsmouth,Furniture,Chairs,3,821.87,0.0,2465.61,425.85
ORD-100448,2024-10-23,2024-10-29,Second Class,CUST-2456,Consumer,South,Reading,Office Supplies,Art,5,113.07,0.0,565.35,176.63
ORD-102556,2024-10-23,2024-10-27,Standard Class,CUST-1698,Corporate,South,Reading,Office Supplies,Storage,5,68.2,0.1,306.9,37.04
ORD-101341,2024-10-24,2024-10-27,Standard Class,CUST-1393,Consumer,North,Leeds,Technology,Accessories,2,905.36,0.5,905.36,-254.1
ORD-100362,2024-10-24,2024-10-26,First Class,CUST-1446,Consumer,West,Bristol,Office Supplies,Binders,4,86.0,0.0,344.0,103.77
ORD-101484,2024-10-24,2024-10-28,Same Day,CUST-1873,Consumer,Central,Leicester,Technology,Accessories,4,1082.66,0.4,2598.38,-420.65
ORD-105455,2024-10-24,2024-10-28,Standard Class,CUST-1929,Corporate,North,Newcastle,Office Supplies,Binders,2,42.43,0.1,76.37,3.29
ORD-102011,2024-10-24,2024-10-27,Second Class,CUST-2427,Home Office,South,Reading,Office Supplies,Storage,4,106.38,0.1,382.97,35.93
ORD-102641,2024-10-25,2024-10-29,Standard Class,CUST-1158,Home Office,Central,Nottingham,Technology,Phones,3,1368.96,0.0,4106.88,-140.72
ORD-102097,2024-10-25,2024-10-28,Standard Class,CUST-1882,Corporate,East,Cambridge,Technology,Phones,2,1398.78,0.3,1958.29,-76.61
ORD-105758,2024-10-25,2024-10-29,Standard Class,CUST-1854,Consumer,East,Norwich,Furniture,Bookcases,1,208.76,0.1,187.88,-19.38
ORD-106174,2024-10-26,2024-10-29,Standard Class,CUST-2182,Consumer,West,Plymouth,Furniture,Tables,1,723.9,0.0,723.9,-34.85
ORD-105593,2024-10-26,2024-10-29,Standard Class,CUST-2217,Corporate,West,Exeter,Office Supplies,Labels,1,64.86,0.0,64.86,5.63
ORD-101581,2024-10-26,2024-10-28,First Class,CUST-2235,Corporate,North,Newcastle,Furniture,Tables,1,545.34,0.2,436.27,-34.18
ORD-106258,2024-10-26,2024-10-28,Standard Class,CUST-1736,Consumer,North,Sheffield,Office Supplies,Art,2,30.48,0.3,42.67,3.87
ORD-100261,2024-10-26,2024-10-30,Same Day,CUST-2245,Consumer,East,Cambridge,Office Supplies,Paper,2,67.27,0.1,121.09,21.92
ORD-104225,2024-10-26,2024-10-30,Standard Class,CUST-1817,Corporate,East,Norwich,Technology,Copiers,3,1232.33,0.1,3327.29,-441.42
ORD-101143,2024-10-27,2024-10-30,Standard Class,CUST-2295,Home Office,East,Cambridge,Office Supplies,Binders,1,74.78,0.0,74.78,11.69
ORD-100213,2024-10-27,2024-11-03,First Class,CUST-1158,Corporate,East,Peterborough,Office Supplies,Art,5,42.47,0.2,169.88,15.57
ORD-100841,2024-10-27,2024-10-31,Standard Class,CUST-1435,Consumer,South,Southampton,Furniture,Chairs,6,542.96,0.3,2280.43,-183.11
ORD-102872,2024-10-27,2024-10-31,Standard Class,CUST-2179,Home Office,East,Peterborough,Office Supplies,Binders,4,23.66,0.0,94.64,23.17
ORD-102621,2024-10-27,2024-10-31,Standard Class,CUST-1848,Consumer,West,Plymouth,Technology,Phones,3,749.51,0.2,1798.82,-305.86
ORD-102625,2024-10-28,2024-10-31,Standard Class,CUST-1092,Home Office,East,Cambridge,Office Supplies,Labels,2,72.44,0.1,130.39,-0.54
ORD-103730,2024-10-28,2024-11-02,Same Day,CUST-1096,Consumer,West,Exeter,Furniture,Bookcases,3,592.13,0.0,1776.39,314.74
ORD-103431,2024-10-28,2024-10-31,Standard Class,CUST-1757,Consumer,South,Brighton,Office Supplies,Storage,2,43.58,0.1,78.44,15.97
ORD-103893,2024-10-28,2024-11-01,Standard Class,CUST-2159,Corporate,North,Newcastle,Office Supplies,Binders,3,83.42,0.2,200.21,34.74
ORD-105633,2024-10-28,2024-11-01,First Class,CUST-1608,Corporate,East,Norwich,Furniture,Furnishings,2,646.5,0.15,1099.05,-42.46
ORD-100814,2024-10-28,2024-10-30,Standard Class,CUST-1068,Consumer,West,Plymouth,Technology,Accessories,2,471.44,0.15,801.45,94.41
ORD-103371,2024-10-28,2024-10-31,Second Class,CUST-2431,Corporate,North,Newcastle,Furniture,Bookcases,1,862.06,0.0,862.06,77.25
ORD-102920,2024-10-28,2024-10-29,Standard Class,CUST-1686,Consumer,South,Southampton,Technology,Copiers,2,619.84,0.15,1053.73,8.45
ORD-101677,2024-10-28,2024-11-01,Standard Class,CUST-2176,Corporate,North,Leeds,Technology,Accessories,2,1124.99,0.15,1912.48,376.41
ORD-100951,2024-10-28,2024-10-31,First Class,CUST-1384,Home Office,Central,Coventry,Technology,Copiers,1,226.33,0.0,226.33,-13.17
ORD-105945,2024-10-28,2024-10-31,Standard Class,CUST-1697,Corporate,Central,Coventry,Technology,Copiers,1,1375.37,0.5,687.68,-15.05
ORD-104791,2024-10-29,2024-11-02,Standard Class,CUST-2323,Home Office,West,Cardiff,Technology,Phones,6,544.4,0.3,2286.48,-9.52
ORD-104198,2024-10-29,2024-10-31,Second Class,CUST-1639,Consumer,Central,Coventry,Office Supplies,Paper,1,11.28,0.3,7.9,-0.05
ORD-104237,2024-10-29,2024-11-04,Standard Class,CUST-2433,Consumer,East,Peterborough,Office Supplies,Art,6,53.67,0.0,322.02,102.95
ORD-105083,2024-10-29,2024-11-01,Standard Class,CUST-2426,Consumer,South,Brighton,Technology,Phones,3,809.69,0.0,2429.07,177.52
ORD-101016,2024-10-29,2024-11-02,Standard Class,CUST-1604,Consumer,West,Cardiff,Office Supplies,Paper,3,29.58,0.0,88.74,13.57
ORD-100605,2024-10-29,2024-11-02,Second Class,CUST-1709,Consumer,Central,Birmingham,Office Supplies,Paper,3,90.7,0.1,244.89,66.07
ORD-101379,2024-10-29,2024-11-02,Standard Class,CUST-1435,Consumer,West,Exeter,Furniture,Tables,3,354.35,0.5,531.52,-117.11
ORD-100126,2024-10-29,2024-11-02,Second Class,CUST-2127,Consumer,North,Manchester,Technology,Copiers,4,1670.74,0.0,6682.96,399.15
ORD-103280,2024-10-30,2024-11-02,Second Class,CUST-1454,Corporate,South,Reading,Technology,Phones,3,728.79,0.2,1749.1,265.89
ORD-102310,2024-10-30,2024-11-04,First Class,CUST-1752,Home Office,Central,Nottingham,Office Supplies,Binders,2,67.16,0.3,94.02,13.26
ORD-105024,2024-10-30,2024-11-03,Second Class,CUST-2379,Home Office,East,Norwich,Office Supplies,Storage,2,34.29,0.15,58.29,0.09
ORD-101306,2024-10-30,2024-10-31,Standard Class,CUST-2380,Consumer,North,Sheffield,Technology,Machines,4,1307.11,0.0,5228.44,716.24
ORD-100926,2024-10-30,2024-11-01,Second Class,CUST-1396,Consumer,North,Manchester,Technology,Copiers,3,589.65,0.0,1768.95,-104.44
ORD-105445,2024-10-30,2024-11-02,Second Class,CUST-2112,Home Office,North,Newcastle,Office Supplies,Storage,1,114.46,0.0,114.46,33.92
ORD-101193,2024-10-30,2024-11-04,Standard Class,CUST-1008,Home Office,West,Bristol,Technology,Phones,3,1280.45,0.4,2304.81,-126.15
ORD-101488,2024-10-31,2024-11-05,Standard Class,CUST-1106,Consumer,Central,Coventry,Furniture,Tables,2,104.8,0.15,178.16,-2.68
ORD-106358,2024-10-31,2024-11-01,First Class,CUST-2285,Consumer,East,Peterborough,Furniture,Chairs,2,639.36,0.5,639.36,-104.12
ORD-100100,2024-10-31,2024-11-02,Standard Class,CUST-1110,Corporate,Central,Birmingham,Technology,Machines,5,1706.55,0.15,7252.84,894.78
ORD-105967,2024-10-31,2024-11-04,Standard Class,CUST-1951,Consumer,West,Plymouth,Furniture,Bookcases,1,297.95,0.1,268.15,-18.83
ORD-104803,2024-10-31,2024-11-01,Standard Class,CUST-1811,Consumer,East,Norwich,Technology,Accessories,1,1792.41,0.1,1613.17,-65.63
ORD-101308,2024-10-31,2024-11-03,Standard Class,CUST-1560,Consumer,Central,Leicester,Furniture,Bookcases,2,799.38,0.5,799.38,-207.56
ORD-104964,2024-10-31,2024-11-03,Standard Class,CUST-1575,Home Office,South,Portsmouth,Technology,Machines,6,1190.63,0.2,5715.02,-496.06
ORD-102736,2024-11-01,2024-11-05,First Class,CUST-1035,Consumer,Central,Coventry,Technology,Machines,3,1427.61,0.0,4282.83,-197.03
ORD-105352,2024-11-01,2024-11-03,First Class,CUST-1621,Consumer,North,Newcastle,Office Supplies,Storage,1,87.27,0.0,87.27,5.48
ORD-105085,2024-11-01,2024-11-05,Standard Class,CUST-1118,Home Office,South,Reading,Office Supplies,Binders,6,102.22,0.0,613.32,160.46
ORD-103308,2024-11-01,2024-11-05,Standard Class,CUST-1621,Home Office,East,Cambridge,Technology,Phones,3,1196.33,0.0,3588.99,-197.27
ORD-105890,2024-11-01,2024-11-05,Standard Class,CUST-1859,Home Office,South,Portsmouth,Office Supplies,Paper,2,42.45,0.0,84.9,4.49
ORD-101748,2024-11-01,2024-11-06,Second Class,CUST-1492,Corporate,North,Manchester,Furniture,Chairs,1,553.17,0.4,331.9,-49.63
ORD-101342,2024-11-01,2024-11-07,Second Class,CUST-2451,Home Office,East,Ipswich,Furniture,Bookcases,3,423.99,0.1,1144.77,-109.58
ORD-104542,2024-11-01,2024-11-05,Standard Class,CUST-1457,Consumer,Central,Birmingham,Technology,Accessories,4,1009.95,0.2,3231.84,326.4
ORD-106250,2024-11-01,2024-11-07,Standard Class,CUST-2192,Consumer,Central,Birmingham,Office Supplies,Paper,1,11.53,0.5,5.76,0.04
ORD-101665,2024-11-01,2024-11-06,Same Day,CUST-1784,Consumer,Central,Nottingham,Technology,Accessories,4,105.04,0.1,378.14,-33.09
ORD-100092,2024-11-01,2024-11-05,Standard Class,CUST-2453,Consumer,East,Ipswich,Furniture,Chairs,4,372.34,0.2,1191.49,-133.36
ORD-102812,2024-11-01,2024-11-07,Standard Class,CUST-1469,Consumer,South,Reading,Office Supplies,Binders,5,24.63,0.15,104.68,26.11
ORD-101431,2024-11-01,2024-11-05,Standard Class,CUST-2492,Home Office,West,Exeter,Technology,Phones,3,279.1,0.0,837.3,64.31
ORD-101919,2024-11-01,2024-11-04,First Class,CUST-1861,Corporate,South,Portsmouth,Technology,Machines,1,1243.38,0.0,1243.38,363.33
ORD-100782,2024-11-01,2024-11-03,First Class,CUST-1754,Consumer,West,Exeter,Technology,Copiers,5,1458.08,0.15,6196.84,-424.56
ORD-104047,2024-11-01,2024-11-04,Standard Class,CUST-2408,Consumer,East,Norwich,Office Supplies,Storage,1,92.57,0.0,92.57,27.73
ORD-102270,2024-11-01,2024-11-05,Standard Class,CUST-1531,Home Office,East,Norwich,Technology,Copiers,1,1108.05,0.2,886.44,-67.96
ORD-106294,2024-11-01,2024-11-04,Standard Class,CUST-2127,Consumer,North,Newcastle,Furniture,Chairs,5,330.16,0.2,1320.64,-61.34
ORD-104082,2024-11-01,2024-11-03,First Class,CUST-1115,Consumer,North,Leeds,Technology,Accessories,4,1066.33,0.0,4265.32,969.83
ORD-104957,2024-11-02,2024-11-06,First Class,CUST-2202,Home Office,South,Southampton,Technology,Copiers,4,1319.87,0.3,3695.64,-724.03
ORD-102712,2024-11-02,2024-11-04,Standard Class,CUST-2344,Home Office,West,Cardiff,Office Supplies,Paper,2,72.05,0.0,144.1,47.29
ORD-102334,2024-11-02,2024-11-04,Standard Class,CUST-2060,Consumer,North,Manchester,Office Supplies,Paper,2,59.47,0.0,118.94,7.52
ORD-102040,2024-11-02,2024-11-05,Standard Class,CUST-1852,Corporate,East,Ipswich,Office Supplies,Binders,1,9.31,0.1,8.38,1.97
ORD-106062,2024-11-02,2024-11-06,Standard Class,CUST-2306,Consumer,East,Ipswich,Technology,Machines,2,1245.7,0.0,2491.4,539.84
ORD-100460,2024-11-02,2024-11-07,Second Class,CUST-2395,Home Office,East,Cambridge,Office Supplies,Paper,1,71.54,0.0,71.54,24.31
ORD-102732,2024-11-02,2024-11-05,Standard Class,CUST-1227,Home Office,East,Peterborough,Office Supplies,Labels,3,37.84,0.15,96.49,22.56
ORD-101210,2024-11-02,2024-11-06,Standard Class,CUST-2161,Consumer,West,Bristol,Office Supplies,Storage,4,90.39,0.0,361.56,55.1
ORD-104702,2024-11-02,2024-11-09,Second Class,CUST-2007,Corporate,South,Southampton,Technology,Phones,1,626.17,0.1,563.55,8.79
ORD-102982,2024-11-02,2024-11-04,Second Class,CUST-1825,Consumer,South,Reading,Technology,Machines,2,1615.96,0.0,3231.92,292.72
ORD-105598,2024-11-02,2024-11-04,Standard Class,CUST-2482,Consumer,West,Cardiff,Office Supplies,Paper,5,44.56,0.1,200.52,53.86
ORD-101973,2024-11-02,2024-11-08,Standard Class,CUST-1114,Consumer,North,Newcastle,Technology,Phones,2,1373.94,0.2,2198.3,-400.29
ORD-102719,2024-11-02,2024-11-05,Standard Class,CUST-1640,Consumer,East,Ipswich,Technology,Machines,2,1786.51,0.0,3573.02,576.44
ORD-104591,2024-11-02,2024-11-06,Standard Class,CUST-2190,Consumer,West,Bristol,Technology,Accessories,1,1298.08,0.1,1168.27,209.13
ORD-102891,2024-11-02,2024-11-04,First Class,CUST-2257,Consumer,West,Plymouth,Furniture,Tables,2,749.72,0.0,1499.44,9.13
ORD-106462,2024-11-02,2024-11-03,Standard Class,CUST-1162,Home Office,Central,Birmingham,Furniture,Bookcases,1,432.79,0.5,216.4,-75.28
ORD-100801,2024-11-02,2024-11-08,Standard Class,CUST-2278,Home Office,South,Reading,Office Supplies,Binders,3,65.26,0.1,176.2,10.05
ORD-102274,2024-11-02,2024-11-05,Standard Class,CUST-1449,Consumer,South,Brighton,Office Supplies,Storage,2,102.9,0.2,164.64,5.0
ORD-103520,2024-11-02,2024-11-03,First Class,CUST-1416,Consumer,North,Newcastle,Office Supplies,Art,2,65.04,0.0,130.08,32.18
ORD-105988,2024-11-02,2024-11-06,First Class,CUST-1673,Corporate,North,Newcastle,Office Supplies,Paper,4,79.67,0.0,318.68,66.76
ORD-100770,2024-11-02,2024-11-08,Standard Class,CUST-1669,Corporate,South,Portsmouth,Technology,Accessories,2,57.55,0.0,115.1,23.21
ORD-103611,2024-11-02,2024-11-05,First Class,CUST-1771,Home Office,North,Manchester,Office Supplies,Art,4,98.7,0.0,394.8,77.99
ORD-103625,2024-11-02,2024-11-06,Standard Class,CUST-2499,Corporate,East,Ipswich,Technology,Machines,2,335.0,0.0,670.0,73.04
ORD-101840,2024-11-03,2024-11-09,First Class,CUST-1047,Corporate,South,Reading,Office Supplies,Binders,5,96.08,0.1,432.36,102.23
ORD-100333,2024-11-03,2024-11-05,Standard Class,CUST-2210,Corporate,South,Reading,Office Supplies,Storage,1,23.13,0.3,16.19,0.61
ORD-101168,2024-11-03,2024-11-08,Standard Class,CUST-1263,Corporate,East,Ipswich,Office Supplies,Art,3,66.13,0.0,198.39,54.13
ORD-101866,2024-11-03,2024-11-07,Standard Class,CUST-1891,Corporate,Central,Coventry,Furniture,Furnishings,3,886.66,0.3,1861.99,-175.19
ORD-103382,2024-11-03,2024-11-07,Standard Class,CUST-1981,Consumer,Central,Leicester,Office Supplies,Art,1,118.45,0.0,118.45,31.03
ORD-103705,2024-11-03,2024-11-06,Second Class,CUST-2072,Home Office,Central,Leicester,Office Supplies,Binders,3,104.34,0.15,266.07,4.42
ORD-102459,2024-11-03,2024-11-06,Standard Class,CUST-1532,Consumer,East,Ipswich,Office Supplies,Binders,4,18.75,0.2,60.0,1.0
ORD-104022,2024-11-03,2024-11-06,Standard Class,CUST-1757,Consumer,West,Exeter,Technology,Machines,2,689.5,0.1,1241.1,-8.04
ORD-106067,2024-11-03,2024-11-08,Standard Class,CUST-1654,Home Office,West,Plymouth,Furniture,Chairs,3,726.11,0.15,1851.58,-142.92
ORD-102448,2024-11-03,2024-11-05,Standard Class,CUST-2311,Corporate,East,Ipswich,Office Supplies,Labels,2,111.54,0.0,223.08,28.05
ORD-104678,2024-11-03,2024-11-04,Second Class,CUST-1214,Corporate,North,Sheffield,Technology,Copiers,2,383.02,0.0,766.04,69.89
ORD-103781,2024-11-03,2024-11-05,Standard Class,CUST-2219,Home Office,East,Cambridge,Furniture,Tables,4,365.46,0.1,1315.66,-22.67
ORD-105912,2024-11-03,2024-11-10,Standard Class,CUST-2140,Consumer,Central,Nottingham,Furniture,Tables,3,638.91,0.0,1916.73,213.66
ORD-104196,2024-11-03,2024-11-10,Standard Class,CUST-1606,Home Office,East,Peterborough,Technology,Phones,1,711.39,0.1,640.25,-29.27
ORD-106121,2024-11-03,2024-11-06,Standard Class,CUST-1191,Consumer,North,Sheffield,Technology,Phones,2,1402.78,0.0,2805.56,648.5
ORD-102721,2024-11-03,2024-11-05,Standard Class,CUST-1617,Consumer,North,Leeds,Technology,Machines,4,500.57,0.0,2002.28,507.94
ORD-102560,2024-11-03,2024-11-07,Same Day,CUST-1573,Corporate,West,Bristol,Office Supplies,Binders,2,93.71,0.2,149.94,14.98
ORD-103278,2024-11-03,2024-11-06,Second Class,CUST-1712,Home Office,West,Cardiff,Technology,Copiers,1,706.75,0.0,706.75,-32.49
ORD-106236,2024-11-03,2024-11-07,Second Class,CUST-1172,Consumer,West,Plymouth,Technology,Phones,5,887.39,0.5,2218.47,-56.14
ORD-105846,2024-11-03,2024-11-08,Standard Class,CUST-2028,Corporate,West,Plymouth,Furniture,Bookcases,4,177.26,0.15,602.68,-7.69
ORD-106195,2024-11-03,2024-11-09,Standard Class,CUST-1494,Consumer,West,Bristol,Technology,Copiers,3,674.75,0.0,2024.25,508.88
ORD-105817,2024-11-03,2024-11-08,Second Class,CUST-1107,Home Office,Central,Leicester,Office Supplies,Storage,3,71.36,0.1,192.67,12.82
ORD-101664,2024-11-03,2024-11-07,Standard Class,CUST-1139,Corporate,West,Plymouth,Office Supplies,Labels,1,109.75,0.0,109.75,17.56
ORD-101728,2024-11-03,2024-11-06,First Class,CUST-1764,Consumer,Central,Birmingham,Office Supplies,Labels,1,32.6,0.1,29.34,8.48
ORD-105414,2024-11-04,2024-11-09,Second Class,CUST-1254,Home Office,South,Reading,Furniture,Chairs,1,632.43,0.5,316.21,-53.36
ORD-105091,2024-11-04,2024-11-06,Standard Class,CUST-2078,Consumer,Central,Coventry,Furniture,Furnishings,2,289.27,0.1,520.69,-6.23
ORD-102484,2024-11-04,2024-11-08,First Class,CUST-1324,Corporate,East,Ipswich,Technology,Accessories,4,932.21,0.15,3169.51,-77.76
ORD-101028,2024-11-04,2024-11-09,Standard Class,CUST-2040,Consumer,North,Leeds,Office Supplies,Binders,3,112.74,0.1,304.4,-2.13
ORD-102095,2024-11-04,2024-11-11,Standard Class,CUST-1455,Corporate,North,Newcastle,Technology,Phones,1,73.16,0.5,36.58,-2.73
ORD-102277,2024-11-04,2024-11-08,Same Day,CUST-1319,Corporate,North,Sheffield,Office Supplies,Art,1,108.61,0.3,76.03,10.49
ORD-103528,2024-11-04,2024-11-07,First Class,CUST-1685,Corporate,East,Norwich,Office Supplies,Labels,2,73.1,0.1,131.58,30.95
ORD-103967,2024-11-04,2024-11-06,Standard Class,CUST-1160,Corporate,West,Cardiff,Office Supplies,Storage,1,61.53,0.1,55.38,1.16
ORD-103808,2024-11-04,2024-11-10,Standard Class,CUST-1479,Corporate,East,Peterborough,Technology,Accessories,1,1531.75,0.3,1072.22,-247.46
ORD-103791,2024-11-04,2024-11-08,Second Class,CUST-1948,Consumer,West,Plymouth,Furniture,Chairs,3,483.39,0.0,1450.17,19.44
ORD-100641,2024-11-04,2024-11-09,Standard Class,CUST-1484,Corporate,East,Cambridge,Furniture,Tables,2,339.68,0.15,577.46,-52.14
ORD-103639,2024-11-04,2024-11-09,Standard Class,CUST-2487,Consumer,North,Sheffield,Office Supplies,Storage,3,117.43,0.4,211.37,3.5
ORD-105876,2024-11-04,2024-11-11,Standard Class,CUST-1015,Consumer,Central,Leicester,Furniture,Bookcases,3,609.79,0.0,1829.37,-5.93
ORD-101544,2024-11-04,2024-11-06,Second Class,CUST-2279,Home Office,East,Ipswich,Office Supplies,Art,2,14.99,0.15,25.48,1.75
ORD-101933,2024-11-04,2024-11-06,Standard Class,CUST-1620,Home Office,East,Ipswich,Furniture,Bookcases,5,212.17,0.3,742.59,-161.19
ORD-103333,2024-11-04,2024-11-07,Standard Class,CUST-2003,Home Office,East,Peterborough,Technology,Phones,2,1709.6,0.0,3419.2,117.95
ORD-103324,2024-11-04,2024-11-08,Standard Class,CUST-1835,Home Office,North,Leeds,Technology,Copiers,2,857.52,0.2,1372.03,-38.4
ORD-101074,2024-11-04,2024-11-11,Standard Class,CUST-2467,Consumer,South,Reading,Furniture,Tables,1,453.74,0.0,453.74,-8.4
ORD-102907,2024-11-04,2024-11-09,Standard Class,CUST-2315,Corporate,North,Newcastle,Office Supplies,Art,1,30.87,0.4,18.52,-2.21
ORD-100722,2024-11-04,2024-11-10,Second Class,CUST-2197,Corporate,West,Bristol,Technology,Phones,4,742.29,0.0,2969.16,311.2
ORD-101753,2024-11-04,2024-11-11,First Class,CUST-1379,Home Office,East,Ipswich,Office Supplies,Binders,3,74.35,0.1,200.75,58.02
ORD-104545,2024-11-04,2024-11-05,Standard Class,CUST-2357,Home Office,West,Plymouth,Office Supplies,Storage,2,98.33,0.2,157.33,20.09
ORD-105588,2024-11-04,2024-11-06,First Class,CUST-1198,Home Office,Central,Leicester,Technology,Accessories,4,628.0,0.5,1256.0,-361.93
ORD-103237,2024-11-04,2024-11-09,First Class,CUST-1278,Corporate,East,Ipswich,Office Supplies,Labels,1,75.44,0.0,75.44,21.71
ORD-101863,2024-11-04,2024-11-05,Standard Class,CUST-2137,Corporate,South,Reading,Furniture,Furnishings,1,780.75,0.0,780.75,140.01
ORD-100043,2024-11-05,2024-11-09,Standard Class,CUST-2331,Consumer,West,Plymouth,Technology,Copiers,2,721.23,0.1,1298.21,261.8
ORD-102831,2024-11-05,2024-11-07,Standard Class,CUST-1058,Corporate,East,Norwich,Furniture,Furnishings,2,315.51,0.1,567.92,35.06
ORD-105978,2024-11-05,2024-11-09,Standard Class,CUST-1677,Consumer,West,Exeter,Technology,Phones,4,91.75,0.0,367.0,20.98
ORD-104839,2024-11-05,2024-11-11,Standard Class,CUST-1356,Consumer,South,Reading,Office Supplies,Binders,3,73.39,0.0,220.17,18.41
ORD-105124,2024-11-05,2024-11-10,Standard Class,CUST-2102,Consumer,East,Norwich,Furniture,Tables,4,524.48,0.0,2097.92,-58.66
ORD-105888,2024-11-05,2024-11-09,Standard Class,CUST-1213,Consumer,West,Exeter,Office Supplies,Storage,4,53.98,0.4,129.55,12.05
ORD-101511,2024-11-05,2024-11-10,Second Class,CUST-2220,Consumer,West,Bristol,Office Supplies,Storage,3,119.77,0.0,359.31,38.59
ORD-103601,2024-11-05,2024-11-08,Standard Class,CUST-2218,Consumer,West,Bristol,Technology,Machines,3,343.09,0.2,823.42,-51.73
ORD-106083,2024-11-05,2024-11-08,Standard Class,CUST-2214,Consumer,West,Bristol,Technology,Machines,3,386.28,0.0,1158.84,326.18
ORD-104340,2024-11-05,2024-11-11,First Class,CUST-1316,Home Office,East,Ipswich,Technology,Phones,2,329.34,0.0,658.68,-25.86
ORD-104416,2024-11-05,2024-11-08,First Class,CUST-2382,Consumer,West,Bristol,Furniture,Chairs,6,333.52,0.5,1000.56,-177.07
ORD-101687,2024-11-05,2024-11-08,Standard Class,CUST-2088,Home Office,East,Ipswich,Furniture,Chairs,1,516.77,0.3,361.74,-18.18
ORD-101492,2024-11-05,2024-11-07,Standard Class,CUST-1961,Consumer,North,Leeds,Office Supplies,Binders,2,60.88,0.0,121.76,32.87
ORD-102896,2024-11-05,2024-11-09,First Class,CUST-1433,Consumer,South,Southampton,Office Supplies,Art,2,49.75,0.2,79.6,-1.1
ORD-104593,2024-11-05,2024-11-07,Standard Class,CUST-1417,Consumer,Central,Birmingham,Furniture,Chairs,1,573.96,0.1,516.56,-7.36
ORD-105298,2024-11-05,2024-11-11,First Class,CUST-1824,Consumer,North,Manchester,Technology,Phones,2,1332.08,0.0,2664.16,691.81
ORD-105290,2024-11-05,2024-11-08,First Class,CUST-2337,Corporate,North,Newcastle,Technology,Copiers,2,1349.29,0.15,2293.79,45.05
ORD-103258,2024-11-06,2024-11-10,First Class,CUST-1039,Consumer,North,Leeds,Office Supplies,Art,1,25.27,0.0,25.27,8.28
ORD-105437,2024-11-06,2024-11-11,Second Class,CUST-1817,Consumer,North,Leeds,Furniture,Bookcases,4,716.18,0.2,2291.78,-354.68
ORD-100301,2024-11-06,2024-11-10,Standard Class,CUST-1236,Consumer,West,Cardiff,Furniture,Tables,4,95.21,0.1,342.76,-24.44
ORD-105719,2024-11-06,2024-11-09,Second Class,CUST-1683,Corporate,South,Brighton,Office Supplies,Art,5,50.83,0.0,254.15,83.3
ORD-102829,2024-11-06,2024-11-08,Standard Class,CUST-1852,Home Office,East,Cambridge,Technology,Copiers,2,778.09,0.3,1089.33,108.25
ORD-103270,2024-11-06,2024-11-10,Standard Class,CUST-1995,Corporate,East,Cambridge,Office Supplies,Labels,3,109.97,0.0,329.91,97.77
ORD-103680,2024-11-06,2024-11-09,Standard Class,CUST-1796,Consumer,South,Southampton,Furniture,Tables,1,764.71,0.2,611.77,-91.24
ORD-100701,2024-11-06,2024-11-12,Second Class,CUST-2426,Consumer,East,Ipswich,Furniture,Chairs,3,562.86,0.0,1688.58,181.18
ORD-101857,2024-11-06,2024-11-12,Standard Class,CUST-2112,Consumer,Central,Coventry,Technology,Copiers,2,1108.24,0.0,2216.48,359.62
ORD-104068,2024-11-06,2024-11-10,Standard Class,CUST-1733,Corporate,South,Brighton,Office Supplies,Paper,2,100.25,0.3,140.35,-12.55
ORD-103921,2024-11-06,2024-11-09,Standard Class,CUST-1212,Corporate,North,Newcastle,Technology,Copiers,4,342.82,0.5,685.64,-36.05
ORD-100619,2024-11-06,2024-11-09,First Class,CUST-1755,Home Office,North,Leeds,Office Supplies,Storage,4,119.97,0.0,479.88,133.88
ORD-105447,2024-11-06,2024-11-09,Second Class,CUST-1234,Home Office,North,Manchester,Furniture,Bookcases,2,380.17,0.3,532.24,-12.85
ORD-105604,2024-11-06,2024-11-08,Standard Class,CUST-1560,Home Office,East,Ipswich,Office Supplies,Paper,1,46.45,0.0,46.45,12.62
ORD-101531,2024-11-06,2024-11-10,First Class,CUST-2312,Consumer,South,Southampton,Office Supplies,Art,3,108.14,0.15,275.76,69.3
ORD-101033,2024-11-06,2024-11-09,Second Class,CUST-1995,Home Office,North,Manchester,Office Supplies,Binders,3,66.3,0.4,119.34,10.69
ORD-102104,2024-11-06,2024-11-11,Second Class,CUST-2212,Consumer,East,Norwich,Furniture,Tables,1,256.5,0.0,256.5,22.13
ORD-103558,2024-11-06,2024-11-07,First Class,CUST-1946,Consumer,South,Brighton,Furniture,Furnishings,4,770.04,0.5,1540.08,-215.04
ORD-105176,2024-11-06,2024-11-09,First Class,CUST-2280,Consumer,South,Reading,Office Supplies,Labels,1,24.62,0.4,14.77,-1.56
ORD-100365,2024-11-06,2024-11-08,Standard Class,CUST-1305,Home Office,South,Brighton,Furniture,Tables,2,405.0,0.2,648.0,23.24
ORD-101542,2024-11-06,2024-11-10,Standard Class,CUST-1362,Corporate,North,Manchester,Furniture,Tables,3,504.97,0.5,757.46,-134.85
ORD-105363,2024-11-06,2024-11-10,Standard Class,CUST-2051,Home Office,West,Bristol,Technology,Accessories,6,1273.94,0.15,6497.09,-1174.4
ORD-105825,2024-11-07,2024-11-10,Standard Class,CUST-1778,Home Office,West,Cardiff,Office Supplies,Binders,2,38.32,0.0,76.64,9.93
ORD-106476,2024-11-07,2024-11-08,Second Class,CUST-1474,Consumer,North,Newcastle,Office Supplies,Labels,4,53.37,0.3,149.44,-3.5
ORD-103857,2024-11-07,2024-11-10,First Class,CUST-2282,Consumer,East,Norwich,Technology,Machines,3,757.43,0.15,1931.45,378.6
ORD-103164,2024-11-07,2024-11-09,Standard Class,CUST-1206,Consumer,North,Leeds,Furniture,Tables,1,783.31,0.15,665.81,52.79
ORD-102692,2024-11-07,2024-11-13,Standard Class,CUST-1106,Corporate,Central,Nottingham,Technology,Accessories,3,1633.5,0.0,4900.5,1153.99
ORD-106483,2024-11-07,2024-11-14,Standard Class,CUST-1007,Corporate,South,Brighton,Furniture,Tables,3,393.96,0.0,1181.88,-55.99
ORD-100797,2024-11-07,2024-11-09,First Class,CUST-1395,Corporate,North,Manchester,Office Supplies,Binders,1,114.66,0.4,68.8,-11.96
ORD-100594,2024-11-07,2024-11-11,First Class,CUST-2161,Home Office,North,Sheffield,Office Supplies,Storage,5,15.23,0.0,76.15,16.53
ORD-104244,2024-11-07,2024-11-11,Standard Class,CUST-1018,Consumer,North,Sheffield,Office Supplies,Paper,1,43.44,0.2,34.75,-0.16
ORD-102077,2024-11-07,2024-11-11,Standard Class,CUST-1413,Consumer,North,Sheffield,Office Supplies,Binders,1,119.26,0.0,119.26,33.92
ORD-100822,2024-11-07,2024-11-14,First Class,CUST-1866,Consumer,Central,Nottingham,Office Supplies,Binders,1,82.31,0.1,74.08,2.84
ORD-105684,2024-11-07,2024-11-10,First Class,CUST-1376,Home Office,North,Leeds,Technology,Accessories,4,1329.77,0.4,3191.45,128.36
ORD-102441,2024-11-07,2024-11-12,Standard Class,CUST-1653,Corporate,West,Exeter,Furniture,Bookcases,6,284.25,0.0,1705.5,159.45
ORD-104415,2024-11-07,2024-11-12,First Class,CUST-2151,Consumer,Central,Birmingham,Furniture,Tables,2,199.63,0.15,339.37,-21.99
ORD-100103,2024-11-07,2024-11-11,Standard Class,CUST-1403,Consumer,North,Newcastle,Furniture,Tables,2,789.35,0.2,1262.96,1.04
ORD-104174,2024-11-07,2024-11-08,Standard Class,CUST-1894,Home Office,East,Norwich,Office Supplies,Binders,2,81.77,0.0,163.54,35.69
ORD-104795,2024-11-07,2024-11-12,Second Class,CUST-2297,Consumer,South,Portsmouth,Technology,Accessories,1,755.72,0.0,755.72,-71.62
ORD-106432,2024-11-07,2024-11-13,Standard Class,CUST-1501,Corporate,North,Newcastle,Office Supplies,Binders,1,119.53,0.0,119.53,19.32
ORD-101458,2024-11-08,2024-11-14,Second Class,CUST-2425,Corporate,Central,Nottingham,Office Supplies,Art,6,16.44,0.1,88.78,17.54
ORD-106368,2024-11-08,2024-11-09,Standard Class,CUST-1089,Consumer,West,Exeter,Technology,Copiers,4,286.61,0.0,1146.44,107.97
ORD-106369,2024-11-08,2024-11-12,First Class,CUST-1667,Consumer,West,Bristol,Furniture,Chairs,2,331.06,0.1,595.91,34.66
ORD-100827,2024-11-08,2024-11-11,Standard Class,CUST-1248,Consumer,East,Cambridge,Furniture,Chairs,6,389.65,0.0,2337.9,54.42
ORD-105737,2024-11-08,2024-11-11,First Class,CUST-2308,Consumer,South,Southampton,Technology,Accessories,2,956.01,0.0,1912.02,255.77
ORD-104698,2024-11-08,2024-11-11,Standard Class,CUST-2262,Home Office,Central,Coventry,Technology,Machines,1,1371.97,0.0,1371.97,318.78
ORD-106117,2024-11-08,2024-11-12,Standard Class,CUST-1869,Corporate,North,Leeds,Technology,Machines,4,64.32,0.0,257.28,-8.16
ORD-103488,2024-11-08,2024-11-13,Second Class,CUST-2152,Home Office,East,Peterborough,Office Supplies,Storage,3,112.37,0.1,303.4,87.65
ORD-103144,2024-11-08,2024-11-15,Second Class,CUST-2176,Consumer,East,Ipswich,Office Supplies,Labels,1,58.65,0.0,58.65,3.45
ORD-100684,2024-11-08,2024-11-09,Same Day,CUST-1631,Consumer,North,Newcastle,Furniture,Furnishings,2,587.15,0.0,1174.3,28.66
ORD-104869,2024-11-08,2024-11-13,Standard Class,CUST-1692,Corporate,South,Reading,Furniture,Furnishings,3,843.22,0.15,2150.21,-119.57
ORD-104836,2024-11-08,2024-11-10,Standard Class,CUST-2261,Consumer,North,Newcastle,Technology,Copiers,2,531.67,0.3,744.34,52.44
ORD-104882,2024-11-08,2024-11-09,Same Day,CUST-1317,Consumer,North,Newcastle,Furniture,Furnishings,1,405.4,0.5,202.7,-48.6
ORD-103058,2024-11-08,2024-11-11,Standard Class,CUST-1987,Home Office,Central,Nottingham,Furniture,Bookcases,2,786.37,0.1,1415.47,-75.47
ORD-106448,2024-11-09,2024-11-14,Second Class,CUST-1180,Consumer,East,Peterborough,Furniture,Tables,1,559.25,0.15,475.36,-33.19
ORD-106393,2024-11-09,2024-11-12,Standard Class,CUST-2038,Consumer,North,Leeds,Office Supplies,Paper,4,85.46,0.1,307.66,76.58
ORD-100441,2024-11-09,2024-11-14,First Class,CUST-1627,Corporate,West,Plymouth,Technology,Accessories,1,1161.79,0.0,1161.79,329.01
ORD-105791,2024-11-09,2024-11-12,First Class,CUST-2475,Consumer,South,Portsmouth,Office Supplies,Art,1,91.24,0.1,82.12,19.3
ORD-102070,2024-11-09,2024-11-10,First Class,CUST-2426,Corporate,South,Portsmouth,Furniture,Chairs,5,504.38,0.1,2269.71,194.55
ORD-103565,2024-11-09,2024-11-12,Standard Class,CUST-2054,Consumer,Central,Nottingham,Office Supplies,Storage,1,59.11,0.1,53.2,13.92
ORD-103901,2024-11-09,2024-11-12,Same Day,CUST-1557,Consumer,North,Leeds,Office Supplies,Binders,2,91.68,0.0,183.36,38.48
ORD-105689,2024-11-09,2024-11-13,Standard Class,CUST-2474,Corporate,East,Ipswich,Office Supplies,Art,2,84.34,0.1,151.81,24.19
ORD-103668,2024-11-09,2024-11-13,Standard Class,CUST-1249,Home Office,South,Southampton,Furniture,Tables,1,557.38,0.0,557.38,-7.54
ORD-105518,2024-11-09,2024-11-13,Standard Class,CUST-2394,Consumer,West,Plymouth,Technology,Copiers,1,568.97,0.0,568.97,-54.06
ORD-105315,2024-11-09,2024-11-12,Second Class,CUST-2083,Corporate,West,Cardiff,Furniture,Furnishings,1,108.32,0.2,86.66,-13.38
ORD-103861,2024-11-09,2024-11-14,Standard Class,CUST-1735,Corporate,South,Southampton,Technology,Phones,1,749.52,0.1,674.57,71.77
ORD-106046,2024-11-10,2024-11-15,Second Class,CUST-2474,Consumer,South,Reading,Office Supplies,Art,3,95.51,0.0,286.53,25.34
ORD-103042,2024-11-10,2024-11-11,First Class,CUST-1214,Corporate,South,Brighton,Technology,Accessories,1,152.48,0.15,129.61,-3.96
ORD-105603,2024-11-10,2024-11-14,Standard Class,CUST-1215,Consumer,West,Plymouth,Technology,Copiers,1,1546.91,0.15,1314.87,-209.04
ORD-106336,2024-11-10,2024-11-12,First Class,CUST-1351,Corporate,North,Manchester,Office Supplies,Paper,3,74.59,0.15,190.2,24.39
ORD-105707,2024-11-10,2024-11-13,Standard Class,CUST-1575,Corporate,West,Cardiff,Furniture,Tables,1,861.29,0.2,689.03,-6.9
ORD-101178,2024-11-10,2024-11-14,Standard Class,CUST-1614,Corporate,North,Sheffield,Furniture,Furnishings,1,625.75,0.1,563.18,4.22
ORD-103430,2024-11-10,2024-11-14,Standard Class,CUST-1035,Consumer,East,Peterborough,Office Supplies,Binders,4,104.42,0.0,417.68,82.8
ORD-103885,2024-11-10,2024-11-15,Standard Class,CUST-1300,Consumer,West,Plymouth,Office Supplies,Binders,3,48.71,0.0,146.13,8.28
ORD-106198,2024-11-10,2024-11-13,First Class,CUST-1631,Corporate,East,Peterborough,Office Supplies,Paper,5,43.91,0.0,219.55,49.32
ORD-102735,2024-11-10,2024-11-11,Standard Class,CUST-1913,Corporate,South,Southampton,Furniture,Chairs,5,245.9,0.0,1229.5,109.45
ORD-102971,2024-11-10,2024-11-13,Standard Class,CUST-1100,Corporate,East,Peterborough,Technology,Machines,2,1029.85,0.0,2059.7,571.77
ORD-104015,2024-11-10,2024-11-12,Standard Class,CUST-2133,Consumer,South,Brighton,Office Supplies,Binders,3,110.78,0.1,299.11,6.51
ORD-103503,2024-11-10,2024-11-13,Standard Class,CUST-1975,Home Office,North,Newcastle,Furniture,Furnishings,4,722.55,0.1,2601.18,-45.8
ORD-102963,2024-11-10,2024-11-14,Second Class,CUST-1459,Consumer,South,Southampton,Furniture,Chairs,3,712.69,0.4,1282.84,-111.13
ORD-105444,2024-11-10,2024-11-13,First Class,CUST-1559,Consumer,West,Cardiff,Office Supplies,Storage,4,26.7,0.1,96.12,11.5
ORD-105072,2024-11-10,2024-11-14,Second Class,CUST-1413,Consumer,Central,Birmingham,Furniture,Bookcases,4,255.99,0.2,819.17,-63.84
ORD-102325,2024-11-10,2024-11-12,Standard Class,CUST-2310,Consumer,East,Peterborough,Technology,Copiers,2,1404.3,0.0,2808.6,-142.34
ORD-104212,2024-11-10,2024-11-12,First Class,CUST-1735,Consumer,South,Reading,Technology,Accessories,4,558.24,0.1,2009.66,446.78
ORD-105488,2024-11-10,2024-11-15,Standard Class,CUST-2186,Consumer,South,Southampton,Technology,Phones,5,1631.9,0.3,5711.65,496.64
ORD-103096,2024-11-10,2024-11-17,Standard Class,CUST-1823,Corporate,North,Leeds,Office Supplies,Paper,1,93.89,0.0,93.89,13.29
ORD-104111,2024-11-10,2024-11-14,Standard Class,CUST-1902,Consumer,North,Manchester,Office Supplies,Paper,2,112.69,0.15,191.57,10.06
ORD-101462,2024-11-10,2024-11-13,Second Class,CUST-1275,Corporate,Central,Nottingham,Furniture,Bookcases,4,711.75,0.15,2419.95,207.92
ORD-103696,2024-11-10,2024-11-17,First Class,CUST-1160,Home Office,East,Norwich,Office Supplies,Paper,5,27.85,0.1,125.33,2.42
ORD-101496,2024-11-11,2024-11-18,Standard Class,CUST-1995,Consumer,South,Portsmouth,Furniture,Tables,2,409.89,0.0,819.78,13.0
ORD-101121,2024-11-11,2024-11-15,First Class,CUST-1358,Consumer,South,Brighton,Technology,Copiers,1,735.27,0.3,514.69,-41.87
ORD-102778,2024-11-11,2024-11-18,Standard Class,CUST-1105,Consumer,South,Southampton,Technology,Accessories,1,1407.28,0.15,1196.19,-119.93
ORD-101655,2024-11-11,2024-11-15,Standard Class,CUST-2183,Corporate,West,Plymouth,Furniture,Tables,3,847.63,0.0,2542.89,22.58
ORD-104827,2024-11-11,2024-11-15,Standard Class,CUST-2476,Corporate,East,Peterborough,Office Supplies,Art,1,86.78,0.3,60.75,6.26
ORD-105348,2024-11-11,2024-11-15,First Class,CUST-2474,Corporate,West,Bristol,Technology,Copiers,1,457.1,0.1,411.39,-12.45
ORD-104711,2024-11-11,2024-11-14,Standard Class,CUST-1587,Consumer,South,Southampton,Technology,Accessories,1,1115.06,0.1,1003.55,-91.84
ORD-101990,2024-11-11,2024-11-18,Same Day,CUST-1182,Consumer,West,Exeter,Office Supplies,Labels,2,35.28,0.0,70.56,18.23
ORD-101469,2024-11-11,2024-11-16,First Class,CUST-1901,Consumer,East,Ipswich,Technology,Phones,2,1283.43,0.0,2566.86,524.64
ORD-102548,2024-11-11,2024-11-14,Standard Class,CUST-1051,Consumer,Central,Coventry,Office Supplies,Binders,3,90.49,0.4,162.88,-11.49
ORD-101399,2024-11-11,2024-11-14,First Class,CUST-1669,Consumer,East,Ipswich,Technology,Accessories,2,1005.37,0.0,2010.74,437.81
ORD-103966,2024-11-11,2024-11-15,First Class,CUST-1371,Home Office,West,Plymouth,Technology,Copiers,1,953.85,0.0,953.85,163.09
ORD-103115,2024-11-11,2024-11-12,First Class,CUST-1060,Corporate,Central,Leicester,Office Supplies,Paper,5,63.84,0.0,319.2,104.13
ORD-104029,2024-11-11,2024-11-14,Standard Class,CUST-1376,Consumer,East,Norwich,Office Supplies,Art,2,12.09,0.0,24.18,3.06
ORD-102242,2024-11-11,2024-11-14,Second Class,CUST-1167,Consumer,South,Reading,Furniture,Tables,2,731.03,0.2,1169.65,8.7
ORD-101600,2024-11-11,2024-11-14,Second Class,CUST-1851,Consumer,West,Bristol,Office Supplies,Storage,1,33.91,0.0,33.91,7.35
ORD-104950,2024-11-11,2024-11-12,Same Day,CUST-1833,Consumer,West,Exeter,Office Supplies,Art,5,11.96,0.0,59.8,14.58
ORD-103617,2024-11-11,2024-11-16,Standard Class,CUST-1731,Home Office,South,Southampton,Office Supplies,Storage,1,10.62,0.0,10.62,1.63
ORD-103201,2024-11-11,2024-11-15,Standard Class,CUST-1330,Consumer,Central,Birmingham,Office Supplies,Labels,1,112.22,0.1,101.0,28.93
ORD-103913,2024-11-12,2024-11-13,Standard Class,CUST-1099,Consumer,South,Southampton,Technology,Phones,3,721.24,0.1,1947.35,-150.27
ORD-105784,2024-11-12,2024-11-16,Standard Class,CUST-2017,Corporate,South,Brighton,Technology,Accessories,6,1333.86,0.0,8003.16,-43.01
ORD-101872,2024-11-12,2024-11-15,Standard Class,CUST-1548,Consumer,North,Manchester,Furniture,Chairs,1,845.56,0.0,845.56,151.72
ORD-100775,2024-11-12,2024-11-15,First Class,CUST-1530,Corporate,East,Ipswich,Technology,Machines,2,716.85,0.0,1433.7,209.92
ORD-105738,2024-11-12,2024-11-15,Standard Class,CUST-1439,Consumer,South,Portsmouth,Office Supplies,Art,1,39.31,0.1,35.38,2.71
ORD-103160,2024-11-12,2024-11-13,Standard Class,CUST-1297,Corporate,Central,Nottingham,Technology,Accessories,1,311.34,0.1,280.21,-34.37
ORD-103521,2024-11-12,2024-11-14,Standard Class,CUST-1775,Consumer,North,Sheffield,Office Supplies,Storage,5,77.78,0.3,272.23,39.03
ORD-101424,2024-11-12,2024-11-16,Standard Class,CUST-1760,Consumer,East,Peterborough,Technology,Phones,3,1171.6,0.4,2108.88,-632.33
ORD-104467,2024-11-12,2024-11-15,Second Class,CUST-1868,Corporate,Central,Leicester,Office Supplies,Paper,1,105.96,0.5,52.98,-8.25
ORD-105807,2024-11-12,2024-11-18,Standard Class,CUST-1338,Consumer,North,Leeds,Technology,Machines,1,193.88,0.0,193.88,21.23
ORD-102470,2024-11-12,2024-11-15,First Class,CUST-1056,Consumer,Central,Nottingham,Office Supplies,Paper,2,14.69,0.1,26.44,2.32
ORD-102973,2024-11-12,2024-11-17,Standard Class,CUST-1618,Consumer,West,Plymouth,Technology,Machines,4,729.43,0.1,2625.95,12.57
ORD-101247,2024-11-12,2024-11-14,First Class,CUST-1809,Home Office,South,Portsmouth,Furniture,Furnishings,1,282.52,0.0,282.52,36.46
ORD-100555,2024-11-12,2024-11-17,Standard Class,CUST-2311,Consumer,East,Cambridge,Office Supplies,Binders,3,109.66,0.1,296.08,43.86
ORD-104828,2024-11-12,2024-11-18,Standard Class,CUST-1175,Consumer,West,Plymouth,Office Supplies,Binders,2,42.42,0.4,50.9,2.65
ORD-103980,2024-11-12,2024-11-18,Standard Class,CUST-1454,Corporate,North,Leeds,Technology,Machines,2,677.84,0.15,1152.33,-37.13
ORD-106332,2024-11-12,2024-11-17,Standard Class,CUST-1711,Consumer,West,Plymouth,Furniture,Bookcases,2,264.33,0.2,422.93,-2.73
ORD-103466,2024-11-12,2024-11-17,Standard Class,CUST-1446,Consumer,East,Cambridge,Office Supplies,Paper,3,10.44,0.2,25.06,-0.45
ORD-104769,2024-11-12,2024-11-15,Standard Class,CUST-1869,Consumer,South,Reading,Office Supplies,Binders,3,22.01,0.0,66.03,4.66
ORD-104962,2024-11-12,2024-11-18,Standard Class,CUST-1903,Home Office,East,Norwich,Furniture,Chairs,4,486.05,0.15,1652.57,-84.59
ORD-101918,2024-11-12,2024-11-16,Same Day,CUST-2184,Corporate,East,Norwich,Office Supplies,Labels,2,38.56,0.0,77.12,7.92
ORD-100881,2024-11-12,2024-11-16,First Class,CUST-1640,Corporate,East,Cambridge,Furniture,Bookcases,4,488.42,0.15,1660.63,73.37
ORD-103550,2024-11-12,2024-11-15,First Class,CUST-1853,Consumer,East,Peterborough,Office Supplies,Storage,1,89.55,0.0,89.55,8.4
ORD-101793,2024-11-12,2024-11-17,Second Class,CUST-1996,Corporate,East,Cambridge,Technology,Machines,1,1437.36,0.1,1293.62,70.56
ORD-106229,2024-11-12,2024-11-17,First Class,CUST-1842,Corporate,North,Manchester,Technology,Copiers,2,195.56,0.0,391.12,56.52
ORD-104745,2024-11-13,2024-11-17,Standard Class,CUST-1582,Corporate,Central,Nottingham,Office Supplies,Labels,4,104.85,0.0,419.4,119.92
ORD-105805,2024-11-13,2024-11-17,Standard Class,CUST-1200,Home Office,North,Sheffield,Office Supplies,Binders,4,74.96,0.0,299.84,62.36
ORD-103021,2024-11-13,2024-11-15,Standard Class,CUST-1637,Consumer,Central,Coventry,Furniture,Chairs,1,310.29,0.0,310.29,16.35
ORD-102912,2024-11-13,2024-11-16,First Class,CUST-1187,Home Office,East,Cambridge,Office Supplies,Art,1,62.43,0.0,62.43,12.76
ORD-103560,2024-11-13,2024-11-16,Second Class,CUST-1613,Corporate,Central,Birmingham,Office Supplies,Labels,1,45.74,0.0,45.74,14.98
ORD-102897,2024-11-13,2024-11-14,First Class,CUST-2495,Consumer,South,Brighton,Furniture,Furnishings,1,577.08,0.0,577.08,-19.45
ORD-106450,2024-11-13,2024-11-17,Standard Class,CUST-2159,Consumer,West,Exeter,Office Supplies,Art,4,43.19,0.3,120.93,-5.72
ORD-104487,2024-11-13,2024-11-15,Standard Class,CUST-1823,Consumer,Central,Birmingham,Furniture,Bookcases,2,715.33,0.15,1216.06,65.8
ORD-101467,2024-11-13,2024-11-16,Standard Class,CUST-2273,Consumer,East,Ipswich,Office Supplies,Binders,4,94.27,0.1,339.37,22.04
ORD-101941,2024-11-13,2024-11-14,Standard Class,CUST-1038,Consumer,North,Leeds,Furniture,Bookcases,3,509.96,0.1,1376.89,-1.99
ORD-105597,2024-11-13,2024-11-17,Standard Class,CUST-2384,Home Office,Central,Leicester,Office Supplies,Paper,4,17.23,0.0,68.92,12.06
ORD-105453,2024-11-13,2024-11-16,Second Class,CUST-1315,Corporate,West,Cardiff,Office Supplies,Paper,3,65.03,0.1,175.58,21.48
ORD-101963,2024-11-13,2024-11-14,Second Class,CUST-1501,Corporate,North,Leeds,Furniture,Bookcases,5,815.83,0.1,3671.24,391.71
ORD-103810,2024-11-13,2024-11-14,Standard Class,CUST-1539,Home Office,Central,Leicester,Office Supplies,Labels,1,46.85,0.15,39.82,6.16
ORD-102534,2024-11-13,2024-11-15,First Class,CUST-1770,Consumer,South,Southampton,Office Supplies,Labels,6,94.34,0.15,481.13,37.32
ORD-105300,2024-11-13,2024-11-15,Standard Class,CUST-2182,Home Office,Central,Birmingham,Furniture,Bookcases,3,177.46,0.1,479.14,32.85
ORD-100627,2024-11-14,2024-11-17,Standard Class,CUST-1577,Home Office,South,Reading,Office Supplies,Art,2,49.42,0.4,59.3,-8.54
ORD-104666,2024-11-14,2024-11-17,Standard Class,CUST-1121,Consumer,North,Manchester,Office Supplies,Labels,4,78.36,0.3,219.41,-28.11
ORD-106387,2024-11-14,2024-11-17,Second Class,CUST-1542,Corporate,East,Ipswich,Technology,Phones,2,1709.75,0.1,3077.55,324.12
ORD-102716,2024-11-14,2024-11-19,Second Class,CUST-1165,Consumer,Central,Leicester,Technology,Accessories,2,1731.03,0.0,3462.06,1025.24
ORD-101911,2024-11-14,2024-11-18,Standard Class,CUST-1216,Consumer,North,Manchester,Furniture,Bookcases,2,882.42,0.1,1588.36,171.99
ORD-102286,2024-11-14,2024-11-20,Standard Class,CUST-1922,Corporate,East,Ipswich,Furniture,Bookcases,1,226.32,0.1,203.69,-8.97
ORD-104524,2024-11-14,2024-11-16,Standard Class,CUST-2410,Consumer,West,Bristol,Office Supplies,Storage,1,62.4,0.3,43.68,-0.33
ORD-105608,2024-11-14,2024-11-20,Second Class,CUST-2081,Consumer,South,Brighton,Technology,Phones,1,361.04,0.0,361.04,33.11
ORD-103733,2024-11-14,2024-11-18,Standard Class,CUST-1364,Consumer,West,Plymouth,Technology,Phones,3,522.78,0.3,1097.84,-41.66
ORD-100700,2024-11-14,2024-11-16,Standard Class,CUST-1504,Consumer,Central,Birmingham,Office Supplies,Labels,3,102.7,0.1,277.29,41.49
ORD-104308,2024-11-14,2024-11-21,Standard Class,CUST-2486,Consumer,North,Newcastle,Office Supplies,Paper,2,102.74,0.3,143.84,-10.75
ORD-102216,2024-11-14,2024-11-19,Standard Class,CUST-1255,Home Office,East,Ipswich,Office Supplies,Labels,2,78.72,0.1,141.7,25.97
ORD-103928,2024-11-14,2024-11-18,Standard Class,CUST-1208,Consumer,East,Peterborough,Office Supplies,Paper,3,78.07,0.2,187.37,16.11
ORD-103435,2024-11-14,2024-11-21,First Class,CUST-1121,Consumer,East,Cambridge,Technology,Machines,2,239.09,0.1,430.36,68.26
ORD-104297,2024-11-14,2024-11-16,Standard Class,CUST-2168,Consumer,South,Brighton,Office Supplies,Storage,2,107.47,0.5,107.47,-7.37
ORD-102157,2024-11-14,2024-11-18,Second Class,CUST-2409,Consumer,West,Bristol,Technology,Phones,1,123.62,0.15,105.08,7.31
ORD-100150,2024-11-14,2024-11-16,First Class,CUST-1480,Consumer,West,Cardiff,Technology,Accessories,2,687.9,0.0,1375.8,267.18
ORD-102298,2024-11-15,2024-11-18,Second Class,CUST-1931,Home Office,West,Cardiff,Furniture,Chairs,2,537.25,0.0,1074.5,-2.01
ORD-100692,2024-11-15,2024-11-20,Standard Class,CUST-2457,Consumer,Central,Nottingham,Office Supplies,Art,2,11.79,0.4,14.15,-1.14
ORD-105030,2024-11-15,2024-11-19,Second Class,CUST-1012,Corporate,West,Plymouth,Office Supplies,Paper,2,3.44,0.2,5.5,1.11
ORD-105377,2024-11-15,2024-11-19,Second Class,CUST-1642,Consumer,North,Sheffield,Office Supplies,Art,6,7.38,0.3,31.0,-2.46
ORD-103574,2024-11-15,2024-11-20,Standard Class,CUST-1893,Corporate,North,Newcastle,Office Supplies,Labels,6,115.48,0.15,588.95,103.1
ORD-104463,2024-11-15,2024-11-19,Second Class,CUST-1859,Consumer,South,Brighton,Office Supplies,Paper,2,73.49,0.2,117.58,10.97
ORD-102463,2024-11-15,2024-11-18,Standard Class,CUST-1036,Corporate,North,Newcastle,Furniture,Bookcases,1,721.41,0.15,613.2,37.58
ORD-102799,2024-11-15,2024-11-17,Standard Class,CUST-1207,Home Office,Central,Nottingham,Furniture,Bookcases,2,845.87,0.3,1184.22,-175.39
ORD-105460,2024-11-15,2024-11-19,Second Class,CUST-1203,Corporate,Central,Nottingham,Office Supplies,Labels,4,113.52,0.0,454.08,112.74
ORD-101855,2024-11-15,2024-11-19,First Class,CUST-2345,Consumer,South,Brighton,Technology,Phones,1,543.82,0.0,543.82,115.59
ORD-105108,2024-11-15,2024-11-20,Standard Class,CUST-1511,Consumer,North,Sheffield,Technology,Copiers,4,1770.37,0.2,5665.18,396.86
ORD-103532,2024-11-15,2024-11-17,Standard Class,CUST-1932,Corporate,East,Cambridge,Office Supplies,Binders,1,94.58,0.0,94.58,23.46
ORD-104488,2024-11-15,2024-11-19,Standard Class,CUST-1152,Home Office,North,Leeds,Technology,Machines,2,1706.28,0.0,3412.56,-12.91
ORD-100903,2024-11-15,2024-11-18,Standard Class,CUST-1411,Consumer,West,Plymouth,Office Supplies,Binders,1,11.35,0.2,9.08,0.69
ORD-103196,2024-11-15,2024-11-18,Standard Class,CUST-1321,Home Office,South,Portsmouth,Technology,Phones,4,1406.95,0.4,3376.68,-1061.13
ORD-101627,2024-11-15,2024-11-16,Standard Class,CUST-2004,Corporate,North,Leeds,Technology,Copiers,3,1174.1,0.1,3170.07,153.88
ORD-104528,2024-11-15,2024-11-21,Standard Class,CUST-2160,Consumer,East,Peterborough,Office Supplies,Storage,2,23.62,0.3,33.07,1.62
ORD-101606,2024-11-15,2024-11-17,Standard Class,CUST-2382,Consumer,North,Newcastle,Office Supplies,Labels,5,39.48,0.0,197.4,38.46
ORD-104312,2024-11-15,2024-11-21,First Class,CUST-1678,Home Office,Central,Coventry,Furniture,Furnishings,2,806.02,0.4,967.22,-156.94
ORD-101984,2024-11-15,2024-11-17,Standard Class,CUST-2492,Corporate,North,Manchester,Technology,Copiers,1,1738.3,0.1,1564.47,124.14
ORD-102917,2024-11-15,2024-11-20,Standard Class,CUST-2317,Corporate,East,Cambridge,Technology,Accessories,1,166.75,0.2,133.4,4.25
ORD-102123,2024-11-15,2024-11-18,First Class,CUST-1682,Consumer,North,Manchester,Furniture,Bookcases,3,488.0,0.0,1464.0,237.31
ORD-105071,2024-11-15,2024-11-20,Standard Class,CUST-1125,Consumer,Central,Nottingham,Technology,Accessories,1,1629.28,0.0,1629.28,325.83
ORD-100829,2024-11-16,2024-11-19,Standard Class,CUST-2000,Corporate,West,Bristol,Furniture,Bookcases,3,536.69,0.4,966.04,-147.33
ORD-103155,2024-11-16,2024-11-19,Standard Class,CUST-2223,Consumer,North,Sheffield,Furniture,Tables,1,895.99,0.5,448.0,-137.53
ORD-100520,2024-11-16,2024-11-20,Standard Class,CUST-2318,Corporate,South,Brighton,Furniture,Tables,4,319.87,0.15,1087.56,-148.23
ORD-101441,2024-11-16,2024-11-22,Standard Class,CUST-1408,Consumer,West,Cardiff,Office Supplies,Paper,1,19.02,0.2,15.22,-0.33
ORD-101384,2024-11-16,2024-11-21,Standard Class,CUST-2039,Home Office,Central,Coventry,Office Supplies,Paper,1,74.38,0.15,63.22,14.13
ORD-100174,2024-11-16,2024-11-17,Standard Class,CUST-2468,Corporate,East,Peterborough,Technology,Phones,4,1088.19,0.0,4352.76,-271.86
ORD-102490,2024-11-16,2024-11-19,Standard Class,CUST-1294,Consumer,East,Cambridge,Technology,Copiers,3,333.56,0.0,1000.68,70.71
ORD-101073,2024-11-16,2024-11-19,Standard Class,CUST-1236,Consumer,North,Sheffield,Technology,Accessories,2,476.3,0.0,952.6,90.82
ORD-102492,2024-11-16,2024-11-18,Same Day,CUST-2379,Consumer,West,Plymouth,Furniture,Chairs,2,243.23,0.1,437.81,17.28
ORD-103264,2024-11-16,2024-11-18,Second Class,CUST-1612,Home Office,West,Exeter,Furniture,Chairs,1,80.76,0.0,80.76,1.94
ORD-104541,2024-11-16,2024-11-21,First Class,CUST-2011,Home Office,East,Cambridge,Office Supplies,Storage,2,29.68,0.0,59.36,15.46
ORD-100117,2024-11-16,2024-11-20,First Class,CUST-1493,Consumer,Central,Birmingham,Office Supplies,Storage,2,14.87,0.1,26.77,1.79
ORD-105293,2024-11-16,2024-11-20,Standard Class,CUST-1112,Home Office,West,Bristol,Furniture,Tables,4,851.63,0.0,3406.52,16.32
ORD-101286,2024-11-16,2024-11-18,Second Class,CUST-2086,Home Office,Central,Coventry,Furniture,Chairs,4,100.45,0.1,361.62,18.33
ORD-101134,2024-11-16,2024-11-23,Second Class,CUST-2271,Consumer,North,Sheffield,Technology,Phones,4,1407.53,0.15,4785.6,74.59
ORD-103766,2024-11-16,2024-11-18,Standard Class,CUST-1823,Consumer,North,Manchester,Office Supplies,Paper,4,15.67,0.15,53.28,8.54
ORD-106353,2024-11-16,2024-11-19,Standard Class,CUST-1200,Consumer,East,Norwich,Technology,Copiers,1,927.2,0.0,927.2,20.96
ORD-105162,2024-11-16,2024-11-20,First Class,CUST-2296,Consumer,North,Newcastle,Technology,Phones,3,848.73,0.1,2291.57,33.39
ORD-106279,2024-11-16,2024-11-19,Second Class,CUST-1932,Corporate,South,Portsmouth,Furniture,Chairs,5,755.09,0.1,3397.9,-242.96
ORD-104811,2024-11-16,2024-11-23,First Class,CUST-2320,Corporate,South,Southampton,Office Supplies,Storage,3,57.86,0.4,104.15,3.54
ORD-104888,2024-11-17,2024-11-21,Standard Class,CUST-1211,Home Office,East,Norwich,Office Supplies,Storage,3,111.69,0.2,268.06,6.63
ORD-105709,2024-11-17,2024-11-22,Standard Class,CUST-1120,Consumer,North,Manchester,Office Supplies,Labels,1,11.02,0.15,9.37,1.01
ORD-106323,2024-11-17,2024-11-21,Standard Class,CUST-1499,Consumer,Central,Leicester,Office Supplies,Paper,4,55.5,0.1,199.8,21.43
ORD-104370,2024-11-17,2024-11-21,Standard Class,CUST-1913,Consumer,North,Newcastle,Office Supplies,Storage,1,49.87,0.3,34.91,0.37
ORD-102442,2024-11-17,2024-11-21,Same Day,CUST-1762,Consumer,North,Manchester,Technology,Accessories,2,107.42,0.5,107.42,-8.82
ORD-101754,2024-11-17,2024-11-21,Second Class,CUST-2271,Corporate,North,Sheffield,Furniture,Tables,3,536.3,0.0,1608.9,241.75
ORD-102688,2024-11-17,2024-11-20,First Class,CUST-2411,Consumer,North,Sheffield,Technology,Machines,4,368.32,0.0,1473.28,226.39
ORD-102773,2024-11-17,2024-11-20,Second Class,CUST-1186,Consumer,North,Sheffield,Office Supplies,Binders,2,119.83,0.0,239.66,80.81
ORD-100388,2024-11-17,2024-11-20,Standard Class,CUST-2094,Home Office,South,Reading,Office Supplies,Labels,1,98.44,0.1,88.6,9.58
ORD-104941,2024-11-17,2024-11-22,First Class,CUST-1727,Consumer,East,Ipswich,Furniture,Tables,2,505.53,0.2,808.85,-109.17
ORD-102457,2024-11-17,2024-11-20,Standard Class,CUST-1917,Consumer,South,Portsmouth,Office Supplies,Art,1,106.44,0.0,106.44,31.82
ORD-104739,2024-11-17,2024-11-19,Second Class,CUST-2133,Consumer,Central,Birmingham,Technology,Accessories,1,1209.71,0.0,1209.71,-75.14
ORD-106155,2024-11-17,2024-11-19,Standard Class,CUST-2308,Corporate,North,Newcastle,Office Supplies,Labels,4,59.39,0.0,237.56,42.58
ORD-101414,2024-11-17,2024-11-21,Second Class,CUST-2071,Consumer,South,Reading,Technology,Copiers,2,285.98,0.0,571.96,-5.86
ORD-100079,2024-11-18,2024-11-23,Second Class,CUST-2194,Corporate,North,Newcastle,Office Supplies,Paper,2,68.6,0.1,123.48,31.55
ORD-106161,2024-11-18,2024-11-22,First Class,CUST-2378,Corporate,South,Reading,Technology,Machines,3,578.32,0.0,1734.96,192.78
ORD-100344,2024-11-18,2024-11-22,Standard Class,CUST-1749,Consumer,East,Cambridge,Office Supplies,Art,1,94.54,0.5,47.27,-8.4
ORD-101759,2024-11-18,2024-11-19,Standard Class,CUST-2127,Consumer,West,Bristol,Office Supplies,Labels,2,35.68,0.15,60.66,11.74
ORD-103192,2024-11-18,2024-11-20,Second Class,CUST-1355,Consumer,Central,Nottingham,Technology,Accessories,2,1501.52,0.1,2702.74,274.22
ORD-100848,2024-11-18,2024-11-22,Standard Class,CUST-1226,Consumer,East,Cambridge,Office Supplies,Paper,2,15.49,0.4,18.59,0.96
ORD-100585,2024-11-18,2024-11-23,Standard Class,CUST-1386,Consumer,South,Reading,Technology,Phones,2,1019.62,0.2,1631.39,-127.35
ORD-101705,2024-11-18,2024-11-23,Standard Class,CUST-2186,Consumer,Central,Nottingham,Office Supplies,Art,3,60.58,0.0,181.74,40.82
ORD-104006,2024-11-18,2024-11-20,First Class,CUST-1186,Home Office,East,Cambridge,Technology,Accessories,3,975.1,0.5,1462.65,-246.06
ORD-100913,2024-11-18,2024-11-20,Second Class,CUST-1174,Consumer,Central,Birmingham,Office Supplies,Labels,2,112.5,0.3,157.5,-4.76
ORD-103243,2024-11-18,2024-11-22,First Class,CUST-2059,Consumer,East,Cambridge,Office Supplies,Art,3,12.87,0.0,38.61,3.09
ORD-101502,2024-11-18,2024-11-23,Standard Class,CUST-2242,Consumer,West,Cardiff,Technology,Phones,4,1321.52,0.15,4493.17,-243.21
ORD-102877,2024-11-18,2024-11-23,Second Class,CUST-1580,Corporate,Central,Birmingham,Office Supplies,Labels,1,9.24,0.3,6.47,0.2
ORD-103850,2024-11-18,2024-11-24,Standard Class,CUST-2017,Home Office,East,Cambridge,Technology,Copiers,1,889.34,0.0,889.34,20.43
ORD-105883,2024-11-19,2024-11-24,Standard Class,CUST-1232,Home Office,North,Newcastle,Office Supplies,Binders,1,101.87,0.0,101.87,19.07
ORD-100175,2024-11-19,2024-11-21,Standard Class,CUST-1532,Home Office,Central,Nottingham,Office Supplies,Art,1,42.88,0.0,42.88,4.34
ORD-102669,2024-11-19,2024-11-21,Standard Class,CUST-1375,Corporate,East,Norwich,Furniture,Furnishings,1,630.89,0.15,536.26,-0.99
ORD-105582,2024-11-19,2024-11-26,Standard Class,CUST-2095,Corporate,Central,Birmingham,Office Supplies,Storage,3,82.66,0.0,247.98,46.7
ORD-102427,2024-11-19,2024-11-22,Standard Class,CUST-1830,Corporate,North,Manchester,Office Supplies,Labels,2,40.16,0.1,72.29,12.51
ORD-105094,2024-11-19,2024-11-23,Standard Class,CUST-2167,Consumer,East,Ipswich,Furniture,Chairs,3,802.51,0.0,2407.53,158.37
ORD-101690,2024-11-19,2024-11-22,Standard Class,CUST-1916,Consumer,West,Bristol,Furniture,Bookcases,1,75.65,0.15,64.3,-0.31
ORD-106018,2024-11-19,2024-11-24,Second Class,CUST-2239,Corporate,North,Leeds,Office Supplies,Labels,2,18.8,0.1,33.84,1.29
ORD-104171,2024-11-19,2024-11-22,Standard Class,CUST-1086,Home Office,East,Peterborough,Office Supplies,Storage,1,49.29,0.0,49.29,14.8
ORD-101803,2024-11-19,2024-11-22,Same Day,CUST-2305,Consumer,West,Cardiff,Technology,Phones,3,1631.37,0.0,4894.11,456.59
ORD-105087,2024-11-19,2024-11-24,Standard Class,CUST-1650,Consumer,South,Portsmouth,Furniture,Chairs,1,98.1,0.15,83.38,1.83
ORD-100749,2024-11-19,2024-11-21,Standard Class,CUST-1279,Consumer,West,Plymouth,Office Supplies,Labels,5,5.17,0.1,23.27,-0.08
ORD-105646,2024-11-19,2024-11-24,Standard Class,CUST-1990,Corporate,North,Manchester,Technology,Machines,5,287.75,0.0,1438.75,31.22
ORD-102703,2024-11-20,2024-11-25,Standard Class,CUST-1121,Consumer,Central,Coventry,Office Supplies,Binders,1,109.5,0.15,93.08,15.17
ORD-100993,2024-11-20,2024-11-21,Standard Class,CUST-2141,Corporate,North,Manchester,Technology,Machines,3,949.95,0.5,1424.92,-477.37
ORD-104773,2024-11-20,2024-11-24,Standard Class,CUST-2028,Corporate,East,Peterborough,Technology,Accessories,4,813.56,0.1,2928.82,-387.13
ORD-103053,2024-11-20,2024-11-24,Second Class,CUST-1083,Consumer,West,Cardiff,Office Supplies,Storage,1,49.47,0.0,49.47,12.31
ORD-105950,2024-11-20,2024-11-24,First Class,CUST-1714,Corporate,North,Newcastle,Office Supplies,Labels,2,10.35,0.15,17.59,0.41
ORD-102158,2024-11-20,2024-11-22,Standard Class,CUST-1051,Corporate,Central,Leicester,Furniture,Bookcases,1,208.26,0.0,208.26,1.25
ORD-105155,2024-11-20,2024-11-27,First Class,CUST-1518,Corporate,Central,Coventry,Office Supplies,Binders,1,76.03,0.1,68.43,19.53
ORD-100983,2024-11-20,2024-11-23,First Class,CUST-1924,Corporate,South,Portsmouth,Technology,Machines,1,1095.84,0.15,931.46,67.07
ORD-102821,2024-11-20,2024-11-22,Standard Class,CUST-1771,Consumer,East,Cambridge,Office Supplies,Storage,5,6.48,0.1,29.16,8.28
ORD-100187,2024-11-20,2024-11-25,Same Day,CUST-2178,Consumer,East,Cambridge,Office Supplies,Art,1,117.36,0.1,105.62,3.25
ORD-103089,2024-11-20,2024-11-23,First Class,CUST-1026,Consumer,South,Southampton,Furniture,Furnishings,1,642.01,0.2,513.61,-20.23
ORD-104965,2024-11-20,2024-11-24,Same Day,CUST-2456,Consumer,Central,Nottingham,Office Supplies,Art,1,64.27,0.0,64.27,6.7
ORD-100915,2024-11-20,2024-11-27,Standard Class,CUST-2299,Consumer,North,Newcastle,Technology,Accessories,1,706.8,0.0,706.8,15.62
ORD-101605,2024-11-20,2024-11-25,Second Class,CUST-1964,Consumer,Central,Leicester,Technology,Accessories,6,1137.42,0.3,4777.16,-708.73
ORD-105942,2024-11-20,2024-11-25,Standard Class,CUST-1428,Corporate,Central,Nottingham,Office Supplies,Paper,2,113.5,0.0,227.0,53.66
ORD-105145,2024-11-20,2024-11-24,Second Class,CUST-1965,Corporate,South,Reading,Technology,Phones,4,1533.34,0.15,5213.36,572.27
ORD-102558,2024-11-20,2024-11-24,First Class,CUST-1033,Corporate,East,Ipswich,Technology,Copiers,2,926.19,0.2,1481.9,-206.03
ORD-105318,2024-11-20,2024-11-23,Standard Class,CUST-1638,Consumer,North,Manchester,Office Supplies,Binders,3,35.07,0.1,94.69,24.61
ORD-101526,2024-11-21,2024-11-25,Standard Class,CUST-1166,Corporate,East,Cambridge,Office Supplies,Labels,1,114.57,0.3,80.2,-4.16
ORD-102796,2024-11-21,2024-11-25,Same Day,CUST-1988,Consumer,Central,Leicester,Technology,Copiers,1,840.62,0.0,840.62,161.55
ORD-103700,2024-11-21,2024-11-25,Standard Class,CUST-1081,Consumer,South,Southampton,Office Supplies,Art,4,70.5,0.0,282.0,50.68
ORD-103833,2024-11-21,2024-11-23,Standard Class,CUST-1662,Consumer,Central,Birmingham,Furniture,Bookcases,1,490.4,0.2,392.32,20.92
ORD-106004,2024-11-21,2024-11-25,First Class,CUST-2093,Home Office,Central,Nottingham,Furniture,Furnishings,4,502.59,0.0,2010.36,263.55
ORD-105586,2024-11-21,2024-11-24,Second Class,CUST-1663,Home Office,South,Portsmouth,Furniture,Bookcases,4,782.8,0.1,2818.08,-0.44
ORD-105327,2024-11-21,2024-11-28,Standard Class,CUST-2237,Corporate,North,Leeds,Technology,Accessories,5,38.37,0.3,134.29,-21.67
ORD-101386,2024-11-21,2024-11-25,Standard Class,CUST-2188,Home Office,East,Norwich,Office Supplies,Paper,3,70.69,0.0,212.07,27.28
ORD-106378,2024-11-22,2024-11-26,First Class,CUST-2133,Corporate,South,Southampton,Technology,Accessories,4,1065.31,0.0,4261.24,524.88
ORD-104873,2024-11-22,2024-11-28,First Class,CUST-2214,Consumer,South,Brighton,Office Supplies,Storage,6,79.09,0.15,403.36,65.37
ORD-101272,2024-11-22,2024-11-26,Same Day,CUST-1243,Consumer,North,Manchester,Furniture,Furnishings,1,858.81,0.1,772.93,56.44
ORD-100760,2024-11-22,2024-11-26,Standard Class,CUST-2443,Consumer,Central,Birmingham,Office Supplies,Art,3,112.73,0.1,304.37,67.12
ORD-102970,2024-11-22,2024-11-27,Standard Class,CUST-1482,Consumer,South,Brighton,Technology,Copiers,1,1717.12,0.1,1545.41,-95.69
ORD-102146,2024-11-22,2024-11-26,Second Class,CUST-1344,Consumer,West,Cardiff,Technology,Copiers,3,518.73,0.15,1322.76,-49.76
ORD-104778,2024-11-22,2024-11-28,Standard Class,CUST-1491,Consumer,East,Cambridge,Furniture,Chairs,2,499.78,0.1,899.6,-55.07
ORD-104178,2024-11-22,2024-11-27,Standard Class,CUST-2002,Corporate,South,Portsmouth,Furniture,Chairs,2,723.37,0.0,1446.74,254.17
ORD-102292,2024-11-22,2024-11-24,Second Class,CUST-2094,Corporate,North,Newcastle,Office Supplies,Binders,2,80.49,0.4,96.59,-1.29
ORD-103636,2024-11-22,2024-11-23,Standard Class,CUST-1322,Corporate,South,Portsmouth,Office Supplies,Binders,5,115.32,0.0,576.6,51.42
ORD-106414,2024-11-22,2024-11-25,Standard Class,CUST-1509,Home Office,North,Sheffield,Office Supplies,Paper,1,37.3,0.1,33.57,0.12
ORD-103555,2024-11-22,2024-11-27,First Class,CUST-1697,Consumer,South,Southampton,Furniture,Chairs,1,665.51,0.4,399.31,-80.95
ORD-105397,2024-11-22,2024-11-27,First Class,CUST-1577,Corporate,East,Peterborough,Office Supplies,Storage,1,22.61,0.1,20.35,1.25
ORD-101842,2024-11-22,2024-11-23,First Class,CUST-2381,Consumer,South,Brighton,Office Supplies,Paper,2,90.16,0.4,108.19,-10.61
ORD-105291,2024-11-22,2024-11-24,Standard Class,CUST-1595,Consumer,East,Norwich,Furniture,Bookcases,4,881.83,0.0,3527.32,328.22
ORD-101418,2024-11-22,2024-11-27,Standard Class,CUST-2089,Consumer,West,Cardiff,Office Supplies,Storage,3,114.45,0.0,343.35,26.2
ORD-100752,2024-11-22,2024-11-27,Standard Class,CUST-2420,Consumer,East,Norwich,Office Supplies,Storage,2,113.92,0.0,227.84,46.07
ORD-104314,2024-11-22,2024-11-26,First Class,CUST-1857,Consumer,West,Bristol,Technology,Phones,5,1245.52,0.0,6227.6,543.31
ORD-104649,2024-11-22,2024-11-28,Standard Class,CUST-2231,Consumer,South,Brighton,Office Supplies,Paper,1,117.73,0.0,117.73,22.89
ORD-105259,2024-11-22,2024-11-29,Second Class,CUST-1806,Home Office,East,Cambridge,Office Supplies,Art,2,109.77,0.4,131.72,-14.58
ORD-101142,2024-11-23,2024-11-24,Standard Class,CUST-1636,Consumer,East,Cambridge,Office Supplies,Binders,2,34.46,0.0,68.92,11.9
ORD-101123,2024-11-23,2024-11-26,First Class,CUST-1233,Consumer,North,Newcastle,Technology,Phones,2,406.4,0.3,568.96,66.76
ORD-104446,2024-11-23,2024-11-26,Standard Class,CUST-2311,Home Office,West,Cardiff,Office Supplies,Storage,4,6.75,0.0,27.0,7.47
ORD-104940,2024-11-23,2024-11-26,First Class,CUST-2381,Corporate,West,Bristol,Furniture,Furnishings,1,292.59,0.1,263.33,8.21
ORD-100283,2024-11-23,2024-11-24,Standard Class,CUST-1721,Home Office,South,Reading,Technology,Machines,2,1375.02,0.0,2750.04,261.0
ORD-103130,2024-11-23,2024-11-26,First Class,CUST-2003,Consumer,West,Cardiff,Furniture,Bookcases,1,406.89,0.0,406.89,40.33
ORD-101776,2024-11-23,2024-11-28,Second Class,CUST-2179,Consumer,South,Reading,Furniture,Bookcases,1,613.8,0.4,368.28,-24.7
ORD-105395,2024-11-23,2024-11-26,Standard Class,CUST-1469,Consumer,West,Cardiff,Furniture,Bookcases,5,210.05,0.2,840.2,42.25
ORD-100551,2024-11-23,2024-11-27,Second Class,CUST-1718,Corporate,North,Leeds,Technology,Copiers,2,1335.47,0.0,2670.94,550.33
ORD-104492,2024-11-23,2024-11-26,Standard Class,CUST-2388,Consumer,West,Plymouth,Office Supplies,Labels,1,115.92,0.4,69.55,-10.85
ORD-103910,2024-11-23,2024-11-27,Second Class,CUST-1340,Consumer,Central,Nottingham,Office Supplies,Labels,3,63.61,0.1,171.75,39.43
ORD-102240,2024-11-23,2024-11-25,Standard Class,CUST-1164,Consumer,South,Portsmouth,Technology,Machines,1,69.68,0.15,59.23,5.67
ORD-105350,2024-11-23,2024-11-26,Second Class,CUST-1152,Home Office,North,Manchester,Office Supplies,Binders,4,4.72,0.0,18.88,2.6
ORD-106014,2024-11-23,2024-11-24,Standard Class,CUST-2468,Corporate,Central,Coventry,Furniture,Chairs,1,586.21,0.2,468.97,-13.81
ORD-101158,2024-11-23,2024-11-28,Standard Class,CUST-2166,Consumer,West,Cardiff,Office Supplies,Labels,2,89.53,0.15,152.2,11.82
ORD-102309,2024-11-24,2024-11-26,First Class,CUST-2469,Corporate,East,Cambridge,Furniture,Chairs,3,448.8,0.3,942.48,-151.15
ORD-101280,2024-11-24,2024-11-27,Standard Class,CUST-1884,Consumer,North,Manchester,Office Supplies,Labels,4,38.34,0.15,130.36,18.72
ORD-104568,2024-11-24,2024-11-30,First Class,CUST-1165,Corporate,East,Ipswich,Office Supplies,Art,1,9.4,0.0,9.4,1.65
ORD-102559,2024-11-24,2024-11-28,Standard Class,CUST-1606,Consumer,East,Cambridge,Technology,Copiers,2,1558.62,0.0,3117.24,480.23
ORD-106473,2024-11-24,2024-11-27,Standard Class,CUST-1580,Consumer,South,Reading,Office Supplies,Art,1,9.16,0.1,8.24,2.36
ORD-102949,2024-11-24,2024-11-29,Same Day,CUST-2495,Consumer,South,Reading,Furniture,Tables,1,69.85,0.0,69.85,12.53
ORD-105174,2024-11-24,2024-11-27,First Class,CUST-1537,Corporate,East,Norwich,Office Supplies,Labels,1,16.14,0.1,14.53,0.52
ORD-103774,2024-11-24,2024-11-27,First Class,CUST-2387,Corporate,North,Sheffield,Furniture,Furnishings,1,524.4,0.1,471.96,10.06
ORD-104087,2024-11-24,2024-11-29,Standard Class,CUST-1237,Home Office,South,Southampton,Office Supplies,Paper,1,53.62,0.0,53.62,13.71
ORD-105481,2024-11-24,2024-11-28,Same Day,CUST-1809,Consumer,Central,Birmingham,Office Supplies,Art,1,7.68,0.0,7.68,2.19
ORD-103084,2024-11-24,2024-11-27,Second Class,CUST-1477,Home Office,West,Bristol,Office Supplies,Storage,4,72.36,0.0,289.44,100.55
ORD-105821,2024-11-24,2024-11-30,Second Class,CUST-2132,Corporate,East,Ipswich,Technology,Copiers,3,877.5,0.0,2632.5,17.24
ORD-102422,2024-11-24,2024-11-26,Standard Class,CUST-1130,Consumer,Central,Birmingham,Office Supplies,Paper,3,43.57,0.15,111.1,-4.22
ORD-101267,2024-11-24,2024-11-27,Standard Class,CUST-1446,Corporate,West,Plymouth,Furniture,Tables,1,528.71,0.4,317.23,-84.55
ORD-105813,2024-11-24,2024-11-26,Standard Class,CUST-1867,Home Office,East,Ipswich,Technology,Phones,3,1711.33,0.3,3593.79,193.24
ORD-100768,2024-11-24,2024-11-28,Second Class,CUST-1303,Consumer,East,Cambridge,Office Supplies,Labels,2,35.64,0.0,71.28,15.38
ORD-101320,2024-11-25,2024-12-01,Standard Class,CUST-1118,Corporate,West,Bristol,Office Supplies,Binders,1,116.35,0.0,116.35,9.07
ORD-106073,2024-11-25,2024-11-27,Same Day,CUST-2192,Consumer,Central,Birmingham,Office Supplies,Storage,2,34.02,0.4,40.82,-0.5
ORD-105701,2024-11-25,2024-11-28,First Class,CUST-1087,Consumer,East,Ipswich,Office Supplies,Binders,1,9.03,0.3,6.32,0.77
ORD-106403,2024-11-25,2024-11-28,Standard Class,CUST-2125,Consumer,North,Newcastle,Furniture,Tables,5,465.83,0.0,2329.15,364.1
ORD-105531,2024-11-25,2024-11-28,Standard Class,CUST-1111,Consumer,West,Plymouth,Office Supplies,Binders,3,68.91,0.1,186.06,18.78
ORD-105345,2024-11-25,2024-11-28,Second Class,CUST-2175,Consumer,Central,Coventry,Office Supplies,Binders,2,73.05,0.1,131.49,15.76
ORD-103977,2024-11-25,2024-11-28,First Class,CUST-1233,Corporate,East,Norwich,Technology,Phones,3,575.19,0.0,1725.57,274.99
ORD-100252,2024-11-25,2024-11-30,Standard Class,CUST-1639,Corporate,North,Leeds,Office Supplies,Binders,1,73.86,0.0,73.86,11.16
ORD-101701,2024-11-25,2024-11-28,First Class,CUST-2173,Consumer,North,Sheffield,Furniture,Bookcases,1,250.28,0.1,225.25,7.11
ORD-105726,2024-11-25,2024-12-02,Standard Class,CUST-1576,Consumer,North,Sheffield,Office Supplies,Labels,3,89.26,0.0,267.78,65.49
ORD-104311,2024-11-25,2024-11-28,Second Class,CUST-1945,Consumer,West,Cardiff,Furniture,Tables,3,829.9,0.1,2240.73,-191.62
ORD-105831,2024-11-26,2024-11-29,Standard Class,CUST-1900,Corporate,East,Norwich,Office Supplies,Art,4,117.03,0.0,468.12,123.0
ORD-102385,2024-11-26,2024-11-30,Standard Class,CUST-1277,Consumer,Central,Nottingham,Technology,Phones,2,1282.37,0.3,1795.32,31.53
ORD-103568,2024-11-26,2024-11-29,Standard Class,CUST-2053,Corporate,East,Cambridge,Office Supplies,Labels,5,37.5,0.0,187.5,58.47
ORD-103363,2024-11-26,2024-12-02,First Class,CUST-1439,Corporate,Central,Nottingham,Technology,Copiers,3,757.88,0.3,1591.55,86.08
ORD-102589,2024-11-26,2024-12-03,First Class,CUST-1283,Consumer,East,Cambridge,Furniture,Tables,2,292.06,0.4,350.47,-51.22
ORD-103827,2024-11-26,2024-12-01,Standard Class,CUST-1251,Consumer,South,Brighton,Technology,Copiers,1,1403.51,0.0,1403.51,106.27
ORD-105252,2024-11-26,2024-11-29,Standard Class,CUST-2181,Home Office,East,Norwich,Technology,Machines,1,1135.31,0.3,794.72,-111.73
ORD-104578,2024-11-26,2024-12-02,Standard Class,CUST-1676,Consumer,Central,Nottingham,Furniture,Tables,2,731.14,0.0,1462.28,153.84
ORD-104128,2024-11-26,2024-11-30,Second Class,CUST-1033,Consumer,East,Cambridge,Technology,Phones,1,913.88,0.0,913.88,115.33
ORD-101510,2024-11-26,2024-11-29,Second Class,CUST-1318,Home Office,West,Plymouth,Office Supplies,Art,4,35.95,0.0,143.8,34.02
ORD-104232,2024-11-26,2024-11-28,Same Day,CUST-1336,Consumer,North,Newcastle,Office Supplies,Art,2,74.81,0.3,104.73,14.95
ORD-104503,2024-11-26,2024-11-30,Standard Class,CUST-1599,Home Office,East,Peterborough,Technology,Accessories,1,589.35,0.0,589.35,9.63
ORD-103738,2024-11-26,2024-12-01,Second Class,CUST-1360,Consumer,East,Norwich,Technology,Machines,3,125.01,0.0,375.03,-24.3
ORD-100573,2024-11-26,2024-11-28,Standard Class,CUST-1679,Corporate,West,Bristol,Technology,Accessories,1,1187.22,0.0,1187.22,-26.33
ORD-105196,2024-11-26,2024-11-29,First Class,CUST-1836,Home Office,East,Peterborough,Office Supplies,Art,3,101.03,0.0,303.09,54.6
ORD-101639,2024-11-26,2024-11-28,Standard Class,CUST-2350,Corporate,North,Manchester,Furniture,Tables,3,878.46,0.0,2635.38,294.36
ORD-104500,2024-11-26,2024-11-30,Second Class,CUST-1253,Consumer,South,Portsmouth,Technology,Copiers,3,1628.66,0.0,4885.98,874.81
ORD-103199,2024-11-26,2024-12-02,Second Class,CUST-2424,Consumer,East,Norwich,Technology,Copiers,2,1455.69,0.2,2329.1,62.34
ORD-103245,2024-11-26,2024-11-29,Second Class,CUST-1170,Consumer,North,Sheffield,Furniture,Tables,1,195.2,0.1,175.68,14.81
ORD-104779,2024-11-27,2024-11-30,Standard Class,CUST-1846,Corporate,South,Portsmouth,Furniture,Furnishings,1,409.92,0.15,348.43,-26.32
ORD-102393,2024-11-27,2024-11-30,Second Class,CUST-1396,Consumer,South,Portsmouth,Furniture,Chairs,3,551.14,0.0,1653.42,110.75
ORD-103447,2024-11-27,2024-11-29,Same Day,CUST-2329,Consumer,North,Newcastle,Furniture,Furnishings,1,260.02,0.2,208.02,-23.49
ORD-102139,2024-11-27,2024-12-02,First Class,CUST-2192,Corporate,North,Sheffield,Office Supplies,Art,3,110.36,0.3,231.76,39.02
ORD-102794,2024-11-27,2024-12-04,Standard Class,CUST-2297,Consumer,South,Portsmouth,Technology,Machines,1,1412.73,0.2,1130.18,-132.93
ORD-100909,2024-11-27,2024-12-03,Same Day,CUST-2422,Consumer,North,Manchester,Office Supplies,Art,2,57.77,0.5,57.77,-4.79
ORD-104933,2024-11-27,2024-12-03,Standard Class,CUST-1507,Consumer,West,Bristol,Office Supplies,Art,1,102.99,0.0,102.99,30.13
ORD-104211,2024-11-27,2024-11-30,Standard Class,CUST-1006,Consumer,North,Newcastle,Office Supplies,Paper,1,53.21,0.0,53.21,9.59
ORD-105224,2024-11-27,2024-11-28,Standard Class,CUST-1045,Corporate,West,Cardiff,Office Supplies,Art,6,112.29,0.15,572.68,88.42
ORD-104132,2024-11-27,2024-12-01,Second Class,CUST-1709,Consumer,South,Southampton,Furniture,Furnishings,1,668.84,0.1,601.96,9.29
ORD-101180,2024-11-27,2024-11-29,Standard Class,CUST-2165,Corporate,East,Ipswich,Technology,Machines,5,542.87,0.3,1900.04,-316.87
ORD-106211,2024-11-27,2024-12-01,Standard Class,CUST-1371,Consumer,West,Bristol,Office Supplies,Binders,3,17.46,0.0,52.38,12.98
ORD-102867,2024-11-27,2024-12-04,Second Class,CUST-2127,Corporate,North,Newcastle,Furniture,Tables,3,67.25,0.15,171.49,0.87
ORD-101654,2024-11-27,2024-11-30,Standard Class,CUST-2053,Consumer,Central,Birmingham,Office Supplies,Labels,2,25.35,0.15,43.09,5.41
ORD-102740,2024-11-27,2024-12-01,Standard Class,CUST-1501,Home Office,Central,Nottingham,Technology,Machines,1,1756.73,0.1,1581.06,-251.57
ORD-106099,2024-11-27,2024-11-30,Standard Class,CUST-1566,Corporate,West,Bristol,Office Supplies,Art,1,66.62,0.3,46.63,-3.93
ORD-101499,2024-11-27,2024-12-04,Standard Class,CUST-2474,Home Office,West,Plymouth,Technology,Accessories,1,1534.39,0.1,1380.95,-149.94
ORD-100436,2024-11-27,2024-11-29,Same Day,CUST-1357,Home Office,North,Newcastle,Technology,Machines,2,1568.1,0.2,2508.96,-49.14
ORD-103185,2024-11-27,2024-11-30,Second Class,CUST-1867,Corporate,North,Newcastle,Technology,Phones,3,189.15,0.0,567.45,163.32
ORD-106334,2024-11-27,2024-11-30,Standard Class,CUST-1818,Home Office,East,Norwich,Technology,Copiers,3,1003.2,0.2,2407.68,-272.23
ORD-105898,2024-11-27,2024-11-30,First Class,CUST-2301,Consumer,Central,Coventry,Office Supplies,Labels,4,90.39,0.0,361.56,57.43
ORD-106359,2024-11-28,2024-12-01,Standard Class,CUST-2008,Consumer,North,Newcastle,Office Supplies,Paper,1,91.41,0.0,91.41,29.93
ORD-103046,2024-11-28,2024-12-04,Standard Class,CUST-1392,Corporate,West,Exeter,Office Supplies,Binders,1,91.49,0.3,64.04,4.45
ORD-101822,2024-11-28,2024-12-03,First Class,CUST-1079,Corporate,East,Cambridge,Technology,Phones,3,1402.57,0.0,4207.71,-75.81
ORD-102977,2024-11-28,2024-12-05,Second Class,CUST-1995,Corporate,West,Cardiff,Office Supplies,Paper,2,83.92,0.2,134.27,22.14
ORD-103934,2024-11-28,2024-12-05,Standard Class,CUST-1028,Corporate,West,Cardiff,Technology,Copiers,1,975.05,0.5,487.52,-153.15
ORD-101120,2024-11-28,2024-12-02,Standard Class,CUST-2229,Consumer,North,Sheffield,Technology,Machines,2,625.81,0.1,1126.46,-23.67
ORD-100216,2024-11-28,2024-12-01,Standard Class,CUST-1273,Consumer,West,Bristol,Furniture,Bookcases,5,498.93,0.0,2494.65,138.61
ORD-104398,2024-11-28,2024-12-03,Second Class,CUST-2450,Consumer,South,Southampton,Office Supplies,Paper,5,98.0,0.4,294.0,-32.4
ORD-101198,2024-11-28,2024-12-01,Standard Class,CUST-1559,Corporate,North,Sheffield,Office Supplies,Storage,4,21.44,0.1,77.18,13.05
ORD-105216,2024-11-28,2024-12-02,Second Class,CUST-1151,Home Office,East,Cambridge,Technology,Copiers,2,397.19,0.0,794.38,-50.71
ORD-104783,2024-11-29,2024-12-06,Standard Class,CUST-1136,Home Office,West,Plymouth,Office Supplies,Art,1,114.62,0.1,103.16,3.9
ORD-104036,2024-11-29,2024-12-03,First Class,CUST-1891,Consumer,North,Manchester,Technology,Machines,1,1298.28,0.0,1298.28,157.09
ORD-102966,2024-11-29,2024-12-01,Standard Class,CUST-1004,Consumer,South,Southampton,Technology,Copiers,1,809.17,0.3,566.42,-140.35
ORD-103266,2024-11-29,2024-12-01,Standard Class,CUST-1281,Home Office,South,Brighton,Technology,Copiers,1,1244.43,0.2,995.54,25.46
ORD-104069,2024-11-29,2024-12-04,Standard Class,CUST-2025,Consumer,East,Peterborough,Office Supplies,Binders,1,8.46,0.0,8.46,1.87
ORD-100542,2024-11-29,2024-12-03,First Class,CUST-1829,Home Office,West,Plymouth,Office Supplies,Binders,4,52.35,0.15,177.99,41.09
ORD-103413,2024-11-29,2024-12-04,First Class,CUST-2143,Home Office,East,Cambridge,Technology,Machines,2,609.45,0.2,975.12,-204.32
ORD-102610,2024-11-30,2024-12-03,Second Class,CUST-1890,Corporate,East,Peterborough,Furniture,Bookcases,2,891.92,0.2,1427.07,5.42
ORD-106408,2024-11-30,2024-12-05,Standard Class,CUST-1173,Consumer,East,Norwich,Office Supplies,Art,5,72.99,0.15,310.21,0.72
ORD-100678,2024-11-30,2024-12-03,Second Class,CUST-2391,Home Office,East,Peterborough,Office Supplies,Paper,4,10.47,0.0,41.88,5.34
ORD-100091,2024-11-30,2024-12-02,Second Class,CUST-1209,Consumer,Central,Nottingham,Technology,Copiers,1,1058.35,0.0,1058.35,157.02
ORD-106419,2024-11-30,2024-12-02,Second Class,CUST-1344,Consumer,East,Peterborough,Office Supplies,Labels,1,62.73,0.0,62.73,15.45
ORD-106210,2024-11-30,2024-12-02,Standard Class,CUST-1940,Corporate,North,Manchester,Furniture,Furnishings,3,530.56,0.1,1432.51,10.83
ORD-103501,2024-11-30,2024-12-06,Standard Class,CUST-1863,Home Office,North,Manchester,Furniture,Bookcases,2,871.6,0.0,1743.2,122.81
ORD-105005,2024-11-30,2024-12-04,Standard Class,CUST-1306,Consumer,North,Leeds,Technology,Machines,4,1147.17,0.15,3900.38,-384.4
ORD-102454,2024-12-01,2024-12-05,Standard Class,CUST-1542,Consumer,North,Newcastle,Office Supplies,Paper,1,16.77,0.1,15.09,0.66
ORD-104281,2024-12-01,2024-12-07,Standard Class,CUST-1302,Consumer,East,Ipswich,Office Supplies,Paper,1,4.58,0.0,4.58,0.54
ORD-100111,2024-12-01,2024-12-06,Standard Class,CUST-1426,Consumer,North,Manchester,Furniture,Furnishings,6,274.46,0.15,1399.75,119.1
ORD-104262,2024-12-01,2024-12-05,First Class,CUST-1792,Consumer,North,Sheffield,Furniture,Furnishings,4,150.71,0.2,482.27,-36.32
ORD-103092,2024-12-01,2024-12-04,Second Class,CUST-2009,Home Office,North,Sheffield,Furniture,Chairs,1,261.89,0.0,261.89,17.03
ORD-100131,2024-12-01,2024-12-03,Standard Class,CUST-1127,Consumer,East,Norwich,Technology,Phones,1,264.92,0.4,158.95,-19.1
ORD-101576,2024-12-01,2024-12-08,Standard Class,CUST-1676,Home Office,East,Peterborough,Office Supplies,Paper,1,17.32,0.2,13.86,1.51
ORD-104278,2024-12-01,2024-12-03,Standard Class,CUST-1159,Consumer,Central,Birmingham,Office Supplies,Paper,2,14.08,0.2,22.53,-0.22
ORD-102280,2024-12-01,2024-12-05,First Class,CUST-2092,Consumer,West,Bristol,Office Supplies,Labels,3,22.47,0.0,67.41,19.37
ORD-104053,2024-12-02,2024-12-05,First Class,CUST-1817,Consumer,Central,Coventry,Technology,Machines,1,611.12,0.0,611.12,63.98
ORD-105410,2024-12-02,2024-12-08,Standard Class,CUST-1735,Consumer,East,Cambridge,Technology,Accessories,3,1736.53,0.0,5209.59,820.83
ORD-104323,2024-12-02,2024-12-06,Second Class,CUST-1859,Consumer,West,Plymouth,Technology,Machines,2,782.98,0.1,1409.36,-15.77
ORD-105862,2024-12-02,2024-12-03,Standard Class,CUST-1513,Consumer,North,Leeds,Furniture,Furnishings,4,141.65,0.0,566.6,20.93
ORD-102834,2024-12-02,2024-12-05,Standard Class,CUST-1411,Consumer,West,Cardiff,Office Supplies,Labels,4,8.57,0.2,27.42,3.57
ORD-100141,2024-12-02,2024-12-07,Second Class,CUST-1369,Consumer,East,Cambridge,Office Supplies,Storage,3,78.34,0.1,211.52,0.55
ORD-103222,2024-12-02,2024-12-07,Standard Class,CUST-2084,Consumer,South,Southampton,Office Supplies,Labels,2,17.06,0.0,34.12,3.61
ORD-101590,2024-12-02,2024-12-05,Standard Class,CUST-1232,Consumer,East,Peterborough,Furniture,Tables,3,602.36,0.0,1807.08,-4.68
ORD-102873,2024-12-02,2024-12-07,Standard Class,CUST-2021,Consumer,Central,Nottingham,Technology,Accessories,1,511.05,0.2,408.84,-18.74
ORD-102394,2024-12-02,2024-12-07,Standard Class,CUST-1109,Consumer,East,Norwich,Furniture,Furnishings,2,782.75,0.3,1095.85,-99.67
ORD-101884,2024-12-02,2024-12-04,Standard Class,CUST-1342,Corporate,East,Cambridge,Technology,Copiers,2,540.21,0.0,1080.42,43.13
ORD-101292,2024-12-02,2024-12-08,Same Day,CUST-2289,Home Office,North,Sheffield,Furniture,Furnishings,2,481.15,0.15,817.95,1.43
ORD-102904,2024-12-02,2024-12-05,Standard Class,CUST-1323,Consumer,South,Portsmouth,Furniture,Bookcases,2,721.68,0.15,1226.86,-161.04
ORD-103911,2024-12-02,2024-12-03,Second Class,CUST-1221,Home Office,North,Leeds,Technology,Phones,6,95.9,0.2,460.32,-43.42
ORD-101256,2024-12-02,2024-12-08,First Class,CUST-1330,Consumer,West,Cardiff,Office Supplies,Labels,3,119.31,0.1,322.14,65.41
ORD-100773,2024-12-02,2024-12-04,First Class,CUST-1793,Consumer,West,Bristol,Office Supplies,Labels,2,69.59,0.4,83.51,-2.58
ORD-105606,2024-12-02,2024-12-05,Second Class,CUST-2364,Consumer,East,Peterborough,Office Supplies,Storage,3,56.92,0.1,153.68,10.9
ORD-103127,2024-12-02,2024-12-07,Second Class,CUST-1699,Consumer,North,Newcastle,Office Supplies,Storage,1,72.89,0.15,61.96,-0.29
ORD-104469,2024-12-02,2024-12-09,Second Class,CUST-2192,Corporate,West,Cardiff,Technology,Copiers,2,1545.41,0.4,1854.49,-175.02
ORD-105226,2024-12-02,2024-12-03,Second Class,CUST-1843,Corporate,North,Sheffield,Furniture,Bookcases,1,517.7,0.0,517.7,89.03
ORD-105842,2024-12-02,2024-12-04,Standard Class,CUST-1618,Corporate,South,Reading,Office Supplies,Storage,2,107.66,0.0,215.32,28.8
ORD-104045,2024-12-02,2024-12-04,First Class,CUST-2069,Consumer,West,Bristol,Furniture,Bookcases,1,344.82,0.0,344.82,11.0
ORD-102090,2024-12-02,2024-12-08,First Class,CUST-1655,Corporate,East,Peterborough,Furniture,Chairs,1,68.18,0.0,68.18,-1.02
ORD-100466,2024-12-02,2024-12-06,Standard Class,CUST-1453,Consumer,West,Bristol,Technology,Phones,1,1239.87,0.1,1115.88,162.98
ORD-106221,2024-12-03,2024-12-08,Second Class,CUST-1110,Corporate,East,Peterborough,Office Supplies,Paper,2,69.92,0.1,125.86,17.29
ORD-100731,2024-12-03,2024-12-07,Standard Class,CUST-2001,Consumer,South,Brighton,Furniture,Tables,1,487.06,0.0,487.06,50.81
ORD-104968,2024-12-03,2024-12-10,First Class,CUST-2137,Consumer,East,Ipswich,Office Supplies,Art,3,40.09,0.2,96.22,8.23
ORD-101269,2024-12-03,2024-12-10,Standard Class,CUST-1990,Corporate,East,Peterborough,Technology,Accessories,4,666.17,0.0,2664.68,647.57
ORD-102398,2024-12-03,2024-12-06,Standard Class,CUST-2483,Consumer,East,Norwich,Office Supplies,Binders,1,108.2,0.0,108.2,13.78
ORD-104270,2024-12-03,2024-12-08,Standard Class,CUST-2225,Consumer,East,Cambridge,Technology,Machines,1,324.74,0.15,276.03,-32.63
ORD-103767,2024-12-03,2024-12-07,Standard Class,CUST-1428,Corporate,Central,Nottingham,Office Supplies,Storage,2,61.65,0.1,110.97,30.89
ORD-105917,2024-12-03,2024-12-04,Standard Class,CUST-2364,Consumer,Central,Coventry,Office Supplies,Labels,1,3.95,0.0,3.95,0.45
ORD-102844,2024-12-03,2024-12-06,Same Day,CUST-2217,Consumer,East,Cambridge,Furniture,Chairs,1,298.59,0.0,298.59,32.79
ORD-101118,2024-12-03,2024-12-05,Standard Class,CUST-1209,Corporate,East,Peterborough,Technology,Copiers,4,1078.49,0.0,4313.96,20.93
ORD-104472,2024-12-03,2024-12-08,Standard Class,CUST-1180,Corporate,West,Plymouth,Office Supplies,Storage,3,66.58,0.4,119.84,-0.23
ORD-105886,2024-12-03,2024-12-08,Standard Class,CUST-1832,Consumer,Central,Coventry,Office Supplies,Paper,5,65.95,0.1,296.78,-2.45
ORD-100311,2024-12-03,2024-12-07,Standard Class,CUST-1917,Consumer,West,Cardiff,Furniture,Tables,5,519.83,0.2,2079.32,-187.74
ORD-100294,2024-12-03,2024-12-07,Standard Class,CUST-1310,Consumer,West,Plymouth,Office Supplies,Paper,4,96.71,0.0,386.84,86.29
ORD-104511,2024-12-03,2024-12-07,Standard Class,CUST-1341,Consumer,North,Manchester,Technology,Accessories,1,1607.21,0.0,1607.21,347.69
ORD-101808,2024-12-03,2024-12-05,First Class,CUST-1163,Consumer,West,Plymouth,Furniture,Furnishings,3,610.56,0.1,1648.51,-70.32
ORD-103020,2024-12-04,2024-12-09,Second Class,CUST-2358,Home Office,West,Bristol,Office Supplies,Paper,2,97.41,0.0,194.82,17.4
ORD-101112,2024-12-04,2024-12-09,Standard Class,CUST-1663,Home Office,North,Manchester,Furniture,Tables,4,785.6,0.0,3142.4,454.18
ORD-101954,2024-12-04,2024-12-08,Standard Class,CUST-1037,Corporate,East,Peterborough,Office Supplies,Art,5,55.87,0.0,279.35,40.49
ORD-103724,2024-12-04,2024-12-07,Standard Class,CUST-2464,Corporate,East,Norwich,Office Supplies,Paper,2,61.85,0.0,123.7,40.57
ORD-104693,2024-12-04,2024-12-08,Standard Class,CUST-1313,Consumer,West,Exeter,Furniture,Chairs,4,620.36,0.15,2109.22,121.89
ORD-102938,2024-12-04,2024-12-07,Standard Class,CUST-1660,Home Office,West,Cardiff,Office Supplies,Art,1,95.4,0.3,66.78,-5.18
ORD-101938,2024-12-04,2024-12-08,Standard Class,CUST-1752,Consumer,North,Manchester,Office Supplies,Binders,5,63.32,0.15,269.11,-5.34
ORD-102142,2024-12-04,2024-12-07,Standard Class,CUST-2155,Corporate,East,Cambridge,Office Supplies,Binders,3,19.99,0.4,35.98,-3.45
ORD-104540,2024-12-04,2024-12-06,Standard Class,CUST-2005,Corporate,North,Manchester,Office Supplies,Binders,2,92.1,0.3,128.94,20.92
ORD-100013,2024-12-04,2024-12-05,Standard Class,CUST-1150,Home Office,East,Ipswich,Office Supplies,Art,2,101.01,0.15,171.72,31.01
ORD-101764,2024-12-04,2024-12-09,Same Day,CUST-2342,Corporate,North,Manchester,Office Supplies,Labels,6,93.97,0.1,507.44,46.27
ORD-100648,2024-12-04,2024-12-09,Standard Class,CUST-1340,Corporate,East,Peterborough,Office Supplies,Labels,4,57.11,0.4,137.06,-6.04
ORD-100222,2024-12-04,2024-12-08,Standard Class,CUST-1404,Corporate,East,Ipswich,Office Supplies,Art,2,107.61,0.4,129.13,10.04
ORD-101653,2024-12-04,2024-12-07,First Class,CUST-1007,Corporate,Central,Nottingham,Technology,Copiers,2,83.49,0.15,141.93,27.32
ORD-100289,2024-12-04,2024-12-08,Standard Class,CUST-1967,Consumer,Central,Coventry,Furniture,Tables,1,348.44,0.2,278.75,12.59
ORD-101607,2024-12-04,2024-12-07,Standard Class,CUST-2475,Consumer,East,Norwich,Furniture,Furnishings,2,208.64,0.2,333.82,-14.1
ORD-104013,2024-12-05,2024-12-09,Second Class,CUST-2295,Corporate,South,Brighton,Office Supplies,Labels,5,23.27,0.2,93.08,2.49
ORD-102808,2024-12-05,2024-12-09,First Class,CUST-2247,Corporate,South,Portsmouth,Office Supplies,Paper,3,33.15,0.0,99.45,21.51
ORD-101152,2024-12-05,2024-12-09,Second Class,CUST-1350,Consumer,Central,Birmingham,Technology,Phones,1,753.28,0.15,640.29,9.67
ORD-100467,2024-12-05,2024-12-11,Standard Class,CUST-1820,Corporate,East,Norwich,Furniture,Bookcases,3,272.69,0.2,654.46,11.85
ORD-105053,2024-12-05,2024-12-12,Standard Class,CUST-1900,Consumer,East,Peterborough,Office Supplies,Labels,2,12.61,0.4,15.13,0.3
ORD-104592,2024-12-05,2024-12-09,Standard Class,CUST-1095,Corporate,South,Portsmouth,Technology,Phones,6,215.82,0.15,1100.68,24.67
ORD-103315,2024-12-05,2024-12-09,Standard Class,CUST-2307,Consumer,East,Ipswich,Office Supplies,Binders,1,49.04,0.15,41.68,3.48
ORD-103756,2024-12-05,2024-12-12,Second Class,CUST-2022,Consumer,North,Leeds,Office Supplies,Art,2,114.1,0.15,193.97,13.37
ORD-102903,2024-12-05,2024-12-08,Second Class,CUST-2282,Consumer,South,Reading,Office Supplies,Art,1,36.61,0.0,36.61,3.51
ORD-105796,2024-12-05,2024-12-11,Second Class,CUST-1342,Consumer,South,Southampton,Furniture,Chairs,3,424.58,0.1,1146.37,-83.44
ORD-105062,2024-12-05,2024-12-08,Second Class,CUST-1213,Consumer,East,Peterborough,Furniture,Tables,1,402.11,0.2,321.69,-2.22
ORD-102911,2024-12-05,2024-12-07,Standard Class,CUST-1795,Home Office,South,Portsmouth,Office Supplies,Art,3,12.1,0.1,32.67,4.44
ORD-104777,2024-12-05,2024-12-10,First Class,CUST-2177,Consumer,North,Leeds,Technology,Phones,2,948.59,0.0,1897.18,-141.45
ORD-105596,2024-12-05,2024-12-10,Standard Class,CUST-2473,Corporate,East,Peterborough,Technology,Machines,3,1159.94,0.2,2783.86,277.82
ORD-101628,2024-12-05,2024-12-11,First Class,CUST-1524,Consumer,South,Brighton,Office Supplies,Art,1,108.5,0.0,108.5,16.4
ORD-102093,2024-12-05,2024-12-10,Standard Class,CUST-1293,Home Office,South,Southampton,Office Supplies,Labels,1,104.16,0.0,104.16,33.67
ORD-100924,2024-12-05,2024-12-09,Standard Class,CUST-2499,Consumer,South,Southampton,Office Supplies,Storage,1,37.61,0.0,37.61,11.99
ORD-100082,2024-12-05,2024-12-08,Standard Class,CUST-1816,Consumer,North,Leeds,Office Supplies,Paper,1,5.09,0.5,2.54,-0.31
ORD-102338,2024-12-05,2024-12-10,Standard Class,CUST-2016,Consumer,North,Manchester,Furniture,Tables,1,450.54,0.0,450.54,32.53
ORD-100263,2024-12-05,2024-12-10,Standard Class,CUST-1901,Consumer,North,Sheffield,Furniture,Bookcases,4,752.43,0.15,2558.26,146.76
ORD-101901,2024-12-05,2024-12-06,Standard Class,CUST-2302,Corporate,East,Norwich,Technology,Machines,3,1267.45,0.0,3802.35,527.96
ORD-101742,2024-12-05,2024-12-09,First Class,CUST-1694,Consumer,North,Newcastle,Office Supplies,Art,3,71.91,0.0,215.73,71.49
ORD-104632,2024-12-05,2024-12-08,First Class,CUST-2081,Corporate,Central,Leicester,Office Supplies,Labels,3,21.19,0.0,63.57,4.48
ORD-100010,2024-12-05,2024-12-09,Standard Class,CUST-2409,Consumer,South,Reading,Technology,Accessories,2,140.18,0.0,280.36,-0.35
ORD-105334,2024-12-05,2024-12-09,Standard Class,CUST-2222,Consumer,West,Bristol,Office Supplies,Storage,3,34.72,0.4,62.5,-7.82
ORD-102153,2024-12-06,2024-12-09,First Class,CUST-2180,Corporate,East,Ipswich,Office Supplies,Labels,2,87.57,0.4,105.08,-8.98
ORD-104414,2024-12-06,2024-12-10,Standard Class,CUST-1798,Consumer,West,Exeter,Office Supplies,Paper,3,20.04,0.0,60.12,9.46
ORD-100888,2024-12-06,2024-12-11,Standard Class,CUST-2320,Consumer,South,Portsmouth,Office Supplies,Paper,2,83.05,0.0,166.1,30.68
ORD-105204,2024-12-06,2024-12-10,Standard Class,CUST-1745,Consumer,East,Ipswich,Furniture,Tables,1,626.87,0.0,626.87,-22.52
ORD-100070,2024-12-06,2024-12-11,Second Class,CUST-1735,Home Office,South,Southampton,Office Supplies,Art,1,69.2,0.5,34.6,-3.76
ORD-103976,2024-12-06,2024-12-10,Standard Class,CUST-1223,Consumer,North,Newcastle,Technology,Copiers,2,1426.07,0.0,2852.14,830.65
ORD-103377,2024-12-06,2024-12-09,Standard Class,CUST-1711,Consumer,South,Reading,Furniture,Tables,5,570.02,0.2,2280.08,122.21
ORD-106395,2024-12-06,2024-12-08,Standard Class,CUST-1380,Corporate,West,Exeter,Furniture,Bookcases,4,868.69,0.0,3474.76,454.56
ORD-101860,2024-12-06,2024-12-12,Standard Class,CUST-2361,Consumer,North,Manchester,Office Supplies,Art,1,98.17,0.2,78.54,15.14
ORD-105055,2024-12-06,2024-12-09,Standard Class,CUST-1842,Consumer,East,Cambridge,Technology,Phones,1,1577.09,0.2,1261.67,206.48
ORD-103035,2024-12-06,2024-12-13,Standard Class,CUST-1332,Corporate,South,Reading,Office Supplies,Art,2,102.34,0.3,143.28,2.15
ORD-105197,2024-12-07,2024-12-11,Standard Class,CUST-2141,Home Office,West,Exeter,Technology,Phones,4,986.22,0.3,2761.42,48.39
ORD-102285,2024-12-07,2024-12-08,Second Class,CUST-1982,Home Office,South,Portsmouth,Office Supplies,Storage,1,87.26,0.0,87.26,9.98
ORD-102026,2024-12-07,2024-12-14,Standard Class,CUST-2090,Consumer,South,Portsmouth,Office Supplies,Storage,3,10.14,0.5,15.21,-1.42
ORD-105702,2024-12-07,2024-12-14,Standard Class,CUST-2123,Consumer,North,Leeds,Furniture,Chairs,1,809.85,0.3,566.89,-18.52
ORD-100596,2024-12-07,2024-12-12,Standard Class,CUST-1541,Corporate,West,Cardiff,Technology,Phones,4,1313.99,0.3,3679.17,-590.12
ORD-102561,2024-12-07,2024-12-10,Standard Class,CUST-2058,Home Office,North,Sheffield,Office Supplies,Binders,3,38.42,0.2,92.21,3.05
ORD-103208,2024-12-07,2024-12-11,Standard Class,CUST-1158,Home Office,East,Norwich,Furniture,Bookcases,3,255.31,0.0,765.93,-22.57
ORD-105135,2024-12-07,2024-12-13,Standard Class,CUST-1940,Corporate,West,Cardiff,Furniture,Chairs,1,699.92,0.2,559.94,4.55
ORD-100506,2024-12-07,2024-12-09,Second Class,CUST-2103,Corporate,East,Ipswich,Furniture,Bookcases,5,777.79,0.15,3305.61,-423.0
ORD-105754,2024-12-07,2024-12-11,Second Class,CUST-1362,Home Office,West,Bristol,Office Supplies,Binders,2,27.09,0.1,48.76,4.52
ORD-104597,2024-12-07,2024-12-10,First Class,CUST-1768,Corporate,South,Brighton,Office Supplies,Labels,4,17.11,0.3,47.91,-5.12
ORD-100129,2024-12-07,2024-12-10,Second Class,CUST-1072,Corporate,East,Norwich,Furniture,Tables,2,665.99,0.0,1331.98,-1.66
ORD-102901,2024-12-07,2024-12-10,Second Class,CUST-2348,Consumer,West,Bristol,Furniture,Chairs,3,734.0,0.3,1541.4,-85.78
ORD-105049,2024-12-07,2024-12-11,Same Day,CUST-1850,Consumer,North,Newcastle,Furniture,Furnishings,5,518.75,0.0,2593.75,413.86
ORD-103372,2024-12-07,2024-12-09,Second Class,CUST-1994,Corporate,West,Plymouth,Office Supplies,Labels,1,106.8,0.0,106.8,8.35
ORD-102884,2024-12-07,2024-12-11,Standard Class,CUST-1866,Home Office,South,Southampton,Office Supplies,Art,4,48.63,0.3,136.16,3.24
ORD-101969,2024-12-07,2024-12-10,Standard Class,CUST-2404,Consumer,South,Portsmouth,Technology,Machines,1,623.78,0.2,499.02,-69.64
ORD-100935,2024-12-07,2024-12-11,Standard Class,CUST-2313,Home Office,South,Southampton,Technology,Phones,1,1535.69,0.1,1382.12,-106.79
ORD-106477,2024-12-07,2024-12-14,Standard Class,CUST-1396,Consumer,West,Bristol,Office Supplies,Storage,3,59.61,0.4,107.3,-18.38
ORD-103006,2024-12-07,2024-12-11,Standard Class,CUST-1593,Home Office,South,Brighton,Technology,Machines,3,1292.66,0.0,3877.98,872.15
ORD-104798,2024-12-07,2024-12-10,First Class,CUST-2244,Home Office,West,Plymouth,Furniture,Tables,3,210.11,0.3,441.23,-47.96
ORD-100396,2024-12-07,2024-12-10,Standard Class,CUST-1308,Consumer,Central,Coventry,Furniture,Chairs,2,539.56,0.0,1079.12,24.36
ORD-102321,2024-12-07,2024-12-11,Standard Class,CUST-1622,Corporate,West,Exeter,Furniture,Bookcases,2,101.4,0.0,202.8,-2.02
ORD-102674,2024-12-08,2024-12-13,Standard Class,CUST-1903,Home Office,Central,Coventry,Office Supplies,Art,1,101.94,0.2,81.55,4.47
ORD-103772,2024-12-08,2024-12-10,Standard Class,CUST-1364,Consumer,East,Cambridge,Furniture,Furnishings,3,889.5,0.2,2134.8,51.57
ORD-106312,2024-12-08,2024-12-11,Standard Class,CUST-1353,Consumer,North,Manchester,Technology,Copiers,5,932.52,0.0,4662.6,461.36
ORD-103616,2024-12-08,2024-12-11,Standard Class,CUST-1761,Consumer,Central,Coventry,Furniture,Bookcases,4,321.66,0.0,1286.64,95.38
ORD-105640,2024-12-08,2024-12-10,Second Class,CUST-1381,Home Office,West,Plymouth,Furniture,Bookcases,3,566.01,0.0,1698.03,178.76
ORD-105844,2024-12-08,2024-12-13,Second Class,CUST-2363,Consumer,East,Peterborough,Office Supplies,Storage,1,4.53,0.1,4.08,0.75
ORD-104365,2024-12-08,2024-12-12,Same Day,CUST-2497,Corporate,Central,Coventry,Technology,Copiers,1,1302.48,0.0,1302.48,-1.8
ORD-103396,2024-12-08,2024-12-11,Standard Class,CUST-1561,Consumer,Central,Birmingham,Office Supplies,Binders,2,42.36,0.1,76.25,18.83
ORD-100361,2024-12-08,2024-12-12,Second Class,CUST-1842,Consumer,South,Portsmouth,Office Supplies,Labels,2,102.34,0.0,204.68,20.57
ORD-102528,2024-12-08,2024-12-09,Standard Class,CUST-1848,Consumer,Central,Nottingham,Technology,Accessories,4,260.51,0.0,1042.04,101.83
ORD-100397,2024-12-08,2024-12-15,Standard Class,CUST-2333,Corporate,Central,Nottingham,Office Supplies,Labels,3,56.31,0.1,152.04,33.04
ORD-100456,2024-12-08,2024-12-12,Second Class,CUST-1523,Corporate,East,Ipswich,Office Supplies,Paper,1,105.72,0.0,105.72,36.44
ORD-101096,2024-12-08,2024-12-11,Standard Class,CUST-1188,Corporate,West,Exeter,Office Supplies,Storage,2,36.05,0.0,72.1,11.21
ORD-106112,2024-12-08,2024-12-10,First Class,CUST-1045,Consumer,West,Bristol,Furniture,Furnishings,3,92.03,0.0,276.09,-9.17
ORD-101988,2024-12-08,2024-12-11,Second Class,CUST-1732,Home Office,North,Leeds,Office Supplies,Paper,1,61.96,0.1,55.76,12.74
ORD-102724,2024-12-08,2024-12-12,Standard Class,CUST-1277,Consumer,Central,Nottingham,Office Supplies,Art,1,72.05,0.3,50.43,3.08
ORD-103489,2024-12-08,2024-12-11,First Class,CUST-1635,Consumer,East,Ipswich,Office Supplies,Binders,4,37.35,0.0,149.4,34.87
ORD-106093,2024-12-08,2024-12-11,Second Class,CUST-1568,Home Office,East,Cambridge,Office Supplies,Paper,3,48.53,0.15,123.75,25.98
ORD-102975,2024-12-08,2024-12-11,First Class,CUST-1639,Consumer,East,Ipswich,Technology,Machines,1,1367.46,0.1,1230.71,-156.6
ORD-100240,2024-12-09,2024-12-13,Second Class,CUST-2442,Consumer,Central,Nottingham,Technology,Accessories,6,205.86,0.0,1235.16,90.7
ORD-104293,2024-12-09,2024-12-14,Standard Class,CUST-1843,Consumer,South,Brighton,Office Supplies,Paper,2,109.23,0.0,218.46,69.87
ORD-100351,2024-12-09,2024-12-15,Standard Class,CUST-1840,Corporate,North,Manchester,Office Supplies,Storage,3,97.58,0.15,248.83,12.12
ORD-105744,2024-12-09,2024-12-10,Standard Class,CUST-1758,Corporate,Central,Birmingham,Office Supplies,Storage,1,83.63,0.0,83.63,4.36
ORD-101209,2024-12-09,2024-12-13,Standard Class,CUST-1353,Home Office,West,Exeter,Office Supplies,Paper,1,67.46,0.0,67.46,9.22
ORD-105843,2024-12-09,2024-12-12,Second Class,CUST-1445,Consumer,North,Manchester,Office Supplies,Storage,1,39.47,0.3,27.63,0.1
ORD-103603,2024-12-09,2024-12-12,Standard Class,CUST-1161,Home Office,North,Newcastle,Technology,Machines,6,101.45,0.0,608.7,55.29
ORD-102241,2024-12-09,2024-12-15,Same Day,CUST-2478,Consumer,West,Bristol,Technology,Copiers,3,1427.09,0.0,4281.27,360.35
ORD-106383,2024-12-09,2024-12-14,Standard Class,CUST-1440,Consumer,Central,Leicester,Office Supplies,Storage,4,77.77,0.1,279.97,15.78
ORD-103524,2024-12-09,2024-12-11,Second Class,CUST-2324,Corporate,Central,Coventry,Technology,Accessories,1,585.54,0.1,526.99,-60.59
ORD-104227,2024-12-09,2024-12-11,Standard Class,CUST-2153,Home Office,South,Southampton,Office Supplies,Storage,1,113.94,0.2,91.15,15.04
ORD-106430,2024-12-09,2024-12-14,Standard Class,CUST-1450,Home Office,East,Ipswich,Office Supplies,Storage,4,87.6,0.15,297.84,74.81
ORD-105851,2024-12-09,2024-12-13,Standard Class,CUST-1226,Consumer,East,Norwich,Office Supplies,Art,2,52.06,0.1,93.71,19.17
ORD-106019,2024-12-09,2024-12-11,Standard Class,CUST-2460,Home Office,East,Ipswich,Furniture,Bookcases,1,865.48,0.0,865.48,72.58
ORD-100974,2024-12-09,2024-12-11,Standard Class,CUST-2156,Consumer,West,Exeter,Office Supplies,Labels,2,102.38,0.0,204.76,64.86
ORD-102671,2024-12-09,2024-12-11,Standard Class,CUST-1353,Consumer,North,Leeds,Office Supplies,Paper,4,81.9,0.1,294.84,15.71
ORD-102388,2024-12-09,2024-12-14,Second Class,CUST-1940,Consumer,West,Bristol,Office Supplies,Paper,1,47.52,0.3,33.26,2.96
ORD-100759,2024-12-09,2024-12-14,Standard Class,CUST-2170,Home Office,South,Reading,Office Supplies,Labels,3,42.64,0.0,127.92,22.57
ORD-105093,2024-12-09,2024-12-11,Standard Class,CUST-1414,Corporate,South,Reading,Technology,Phones,1,1441.39,0.0,1441.39,374.9
ORD-100750,2024-12-09,2024-12-12,Standard Class,CUST-1493,Corporate,North,Leeds,Furniture,Bookcases,2,228.52,0.0,457.04,-5.83
ORD-106479,2024-12-09,2024-12-14,First Class,CUST-1286,Consumer,North,Manchester,Technology,Copiers,1,688.35,0.5,344.18,-43.77
ORD-103741,2024-12-10,2024-12-13,Same Day,CUST-2034,Consumer,Central,Birmingham,Furniture,Bookcases,2,245.24,0.1,441.43,-18.95
ORD-101922,2024-12-10,2024-12-12,Standard Class,CUST-1457,Consumer,West,Bristol,Technology,Machines,2,1222.12,0.0,2444.24,327.46
ORD-105165,2024-12-10,2024-12-16,First Class,CUST-2321,Home Office,Central,Coventry,Technology,Phones,2,1134.83,0.1,2042.69,-313.73
ORD-105734,2024-12-10,2024-12-14,Standard Class,CUST-2499,Corporate,West,Bristol,Office Supplies,Storage,2,65.04,0.0,130.08,42.67
ORD-106191,2024-12-10,2024-12-13,Standard Class,CUST-2075,Consumer,North,Newcastle,Furniture,Chairs,4,535.21,0.1,1926.76,-168.84
ORD-105867,2024-12-10,2024-12-13,Standard Class,CUST-1860,Consumer,East,Peterborough,Furniture,Chairs,3,852.6,0.15,2174.13,137.35
ORD-102251,2024-12-10,2024-12-13,Standard Class,CUST-1121,Corporate,East,Ipswich,Office Supplies,Labels,2,65.24,0.2,104.38,13.17
ORD-100702,2024-12-10,2024-12-16,Standard Class,CUST-2129,Consumer,East,Peterborough,Furniture,Bookcases,1,265.16,0.1,238.64,-25.06
ORD-103459,2024-12-10,2024-12-14,First Class,CUST-1080,Consumer,Central,Birmingham,Office Supplies,Art,5,49.8,0.0,249.0,33.31
ORD-104266,2024-12-10,2024-12-15,Standard Class,CUST-2316,Corporate,East,Cambridge,Office Supplies,Paper,2,116.41,0.2,186.26,41.33
ORD-104687,2024-12-10,2024-12-13,Standard Class,CUST-1883,Corporate,East,Norwich,Office Supplies,Labels,2,21.27,0.0,42.54,9.9
ORD-102268,2024-12-10,2024-12-16,Second Class,CUST-1945,Corporate,East,Ipswich,Technology,Machines,6,1521.81,0.1,8217.77,-635.99
ORD-101837,2024-12-10,2024-12-15,Standard Class,CUST-1569,Home Office,South,Reading,Office Supplies,Labels,6,14.31,0.1,77.27,12.21
ORD-104061,2024-12-10,2024-12-12,Same Day,CUST-1467,Consumer,East,Norwich,Office Supplies,Paper,3,35.8,0.3,75.18,11.61
ORD-105405,2024-12-10,2024-12-14,Standard Class,CUST-1369,Consumer,West,Cardiff,Office Supplies,Binders,1,109.59,0.0,109.59,11.26
ORD-101864,2024-12-10,2024-12-17,Standard Class,CUST-2042,Home Office,West,Cardiff,Furniture,Chairs,1,236.49,0.0,236.49,34.3
ORD-104663,2024-12-10,2024-12-13,Standard Class,CUST-1113,Corporate,East,Ipswich,Technology,Phones,2,591.08,0.2,945.73,18.92
ORD-101672,2024-12-10,2024-12-12,Standard Class,CUST-1912,Consumer,East,Peterborough,Office Supplies,Storage,3,32.01,0.0,96.03,25.22
ORD-100646,2024-12-10,2024-12-13,Standard Class,CUST-1652,Consumer,West,Plymouth,Furniture,Chairs,1,411.5,0.1,370.35,-0.13
ORD-101176,2024-12-10,2024-12-17,Standard Class,CUST-1556,Consumer,North,Sheffield,Office Supplies,Binders,6,82.72,0.0,496.32,134.08
ORD-101200,2024-12-10,2024-12-16,Second Class,CUST-1374,Home Office,West,Cardiff,Technology,Machines,3,1748.42,0.0,5245.26,757.36
ORD-105118,2024-12-11,2024-12-13,First Class,CUST-1302,Corporate,Central,Nottingham,Office Supplies,Labels,1,109.89,0.0,109.89,5.71
ORD-103448,2024-12-11,2024-12-15,Standard Class,CUST-2212,Home Office,Central,Birmingham,Office Supplies,Storage,2,81.19,0.15,138.02,-4.57
ORD-105131,2024-12-11,2024-12-17,First Class,CUST-1019,Consumer,South,Southampton,Technology,Accessories,1,625.92,0.0,625.92,103.75
ORD-105723,2024-12-11,2024-12-15,Standard Class,CUST-1445,Consumer,East,Ipswich,Office Supplies,Binders,4,83.74,0.15,284.72,12.39
ORD-105004,2024-12-11,2024-12-15,Standard Class,CUST-2082,Corporate,East,Norwich,Technology,Accessories,2,1386.3,0.0,2772.6,715.92
ORD-102187,2024-12-11,2024-12-14,First Class,CUST-2247,Home Office,Central,Coventry,Office Supplies,Storage,2,16.3,0.0,32.6,6.1
ORD-100590,2024-12-11,2024-12-17,Second Class,CUST-2056,Corporate,West,Cardiff,Office Supplies,Binders,2,47.8,0.0,95.6,28.43
ORD-105123,2024-12-11,2024-12-13,Standard Class,CUST-2411,Consumer,South,Southampton,Office Supplies,Binders,1,48.52,0.3,33.96,4.07
ORD-105914,2024-12-11,2024-12-14,Second Class,CUST-1338,Corporate,West,Bristol,Furniture,Chairs,5,515.54,0.4,1546.62,-231.77
ORD-105013,2024-12-11,2024-12-16,First Class,CUST-2288,Corporate,West,Bristol,Office Supplies,Storage,2,114.35,0.0,228.7,12.41
ORD-103161,2024-12-11,2024-12-14,Second Class,CUST-1748,Consumer,North,Leeds,Furniture,Furnishings,1,368.01,0.1,331.21,-1.35
ORD-103477,2024-12-11,2024-12-16,Standard Class,CUST-2016,Home Office,South,Brighton,Technology,Accessories,1,1786.55,0.15,1518.57,-48.02
ORD-100550,2024-12-11,2024-12-17,Second Class,CUST-1496,Consumer,East,Peterborough,Office Supplies,Labels,1,61.22,0.0,61.22,6.42
ORD-105505,2024-12-11,2024-12-16,First Class,CUST-1765,Consumer,East,Ipswich,Furniture,Tables,4,296.39,0.3,829.89,-48.64
ORD-100047,2024-12-11,2024-12-13,Second Class,CUST-1803,Consumer,South,Portsmouth,Furniture,Chairs,2,191.86,0.0,383.72,-18.96
ORD-101666,2024-12-11,2024-12-17,Second Class,CUST-1547,Home Office,Central,Coventry,Furniture,Chairs,3,694.12,0.0,2082.36,245.15
ORD-101805,2024-12-11,2024-12-17,Same Day,CUST-1240,Corporate,South,Brighton,Furniture,Chairs,3,817.56,0.0,2452.68,193.7
ORD-106226,2024-12-11,2024-12-16,Standard Class,CUST-2234,Consumer,East,Norwich,Office Supplies,Storage,1,80.64,0.0,80.64,25.21
ORD-104191,2024-12-11,2024-12-14,Standard Class,CUST-2407,Consumer,West,Plymouth,Technology,Phones,1,1643.07,0.15,1396.61,108.1
ORD-104336,2024-12-12,2024-12-19,Same Day,CUST-1042,Consumer,West,Bristol,Office Supplies,Storage,1,63.09,0.3,44.16,0.48
ORD-101070,2024-12-12,2024-12-14,First Class,CUST-1289,Corporate,East,Peterborough,Technology,Machines,5,744.8,0.1,3351.6,523.73
ORD-101303,2024-12-12,2024-12-16,Standard Class,CUST-1369,Consumer,North,Manchester,Office Supplies,Paper,1,22.63,0.0,22.63,7.26
ORD-102204,2024-12-12,2024-12-18,Standard Class,CUST-2047,Corporate,West,Cardiff,Office Supplies,Labels,1,8.35,0.0,8.35,1.64
ORD-105042,2024-12-12,2024-12-16,Second Class,CUST-1543,Consumer,South,Reading,Furniture,Bookcases,2,303.97,0.1,547.15,-18.34
ORD-105428,2024-12-12,2024-12-16,Standard Class,CUST-1499,Corporate,East,Peterborough,Technology,Copiers,2,169.3,0.1,304.74,-14.99
ORD-101119,2024-12-12,2024-12-14,Standard Class,CUST-1526,Corporate,East,Norwich,Office Supplies,Storage,4,76.94,0.1,276.98,8.32
ORD-100349,2024-12-12,2024-12-16,Standard Class,CUST-1936,Corporate,East,Ipswich,Furniture,Furnishings,1,279.52,0.1,251.57,7.0
ORD-104757,2024-12-12,2024-12-17,Second Class,CUST-2386,Consumer,Central,Nottingham,Furniture,Chairs,3,163.36,0.0,490.08,20.74
ORD-105016,2024-12-12,2024-12-19,Standard Class,CUST-2130,Home Office,West,Bristol,Furniture,Bookcases,1,188.74,0.1,169.87,-3.3
ORD-100803,2024-12-12,2024-12-17,Standard Class,CUST-1609,Home Office,South,Brighton,Technology,Machines,2,277.16,0.15,471.17,81.06
ORD-106458,2024-12-12,2024-12-17,Standard Class,CUST-1033,Corporate,East,Ipswich,Office Supplies,Art,2,56.07,0.0,112.14,21.27
ORD-102043,2024-12-12,2024-12-15,Second Class,CUST-2387,Consumer,South,Reading,Office Supplies,Binders,1,66.2,0.15,56.27,0.54
ORD-106055,2024-12-12,2024-12-17,Standard Class,CUST-1845,Consumer,North,Manchester,Technology,Machines,1,1116.34,0.0,1116.34,210.13
ORD-104910,2024-12-12,2024-12-14,Standard Class,CUST-2231,Consumer,North,Sheffield,Office Supplies,Paper,2,109.13,0.3,152.78,13.07
ORD-105560,2024-12-12,2024-12-17,Standard Class,CUST-1730,Home Office,North,Leeds,Technology,Phones,1,1395.98,0.0,1395.98,-56.91
ORD-106455,2024-12-12,2024-12-16,Standard Class,CUST-1202,Corporate,East,Cambridge,Furniture,Chairs,1,330.0,0.2,264.0,-7.78
ORD-101986,2024-12-12,2024-12-18,Standard Class,CUST-2212,Consumer,East,Peterborough,Technology,Accessories,1,1608.84,0.1,1447.96,-62.54
ORD-101443,2024-12-12,2024-12-15,Standard Class,CUST-1365,Consumer,West,Plymouth,Technology,Copiers,4,520.26,0.0,2081.04,67.67
ORD-102323,2024-12-12,2024-12-16,Standard Class,CUST-2037,Corporate,East,Norwich,Furniture,Furnishings,3,271.15,0.4,488.07,-49.23
ORD-101839,2024-12-13,2024-12-16,Standard Class,CUST-1731,Consumer,North,Newcastle,Office Supplies,Labels,1,39.01,0.0,39.01,6.1
ORD-106407,2024-12-13,2024-12-20,Standard Class,CUST-2475,Consumer,East,Peterborough,Technology,Phones,3,173.6,0.0,520.8,76.99
ORD-105299,2024-12-13,2024-12-15,Same Day,CUST-1863,Home Office,North,Newcastle,Technology,Copiers,1,1034.81,0.0,1034.81,305.85
ORD-106412,2024-12-13,2024-12-16,Standard Class,CUST-1720,Corporate,Central,Birmingham,Furniture,Bookcases,6,572.96,0.1,3093.98,-170.46
ORD-104387,2024-12-13,2024-12-19,Second Class,CUST-1405,Consumer,North,Newcastle,Technology,Copiers,4,806.51,0.0,3226.04,859.14
ORD-104337,2024-12-13,2024-12-15,Standard Class,CUST-1355,Consumer,East,Ipswich,Furniture,Furnishings,3,767.29,0.0,2301.87,150.21
ORD-100658,2024-12-13,2024-12-19,Standard Class,CUST-1698,Home Office,North,Manchester,Furniture,Furnishings,6,817.25,0.0,4903.5,661.06
ORD-101676,2024-12-13,2024-12-16,Standard Class,CUST-1992,Consumer,North,Sheffield,Furniture,Furnishings,1,697.3,0.15,592.7,-42.47
ORD-102934,2024-12-13,2024-12-19,Second Class,CUST-2282,Consumer,East,Norwich,Furniture,Chairs,3,372.62,0.0,1117.86,-50.39
ORD-104094,2024-12-13,2024-12-17,First Class,CUST-1732,Consumer,North,Leeds,Office Supplies,Binders,1,101.41,0.0,101.41,28.52
ORD-104457,2024-12-13,2024-12-15,First Class,CUST-1354,Home Office,East,Peterborough,Technology,Accessories,5,1617.37,0.3,5660.8,-1029.27
ORD-101638,2024-12-13,2024-12-16,Standard Class,CUST-1401,Home Office,South,Reading,Technology,Phones,1,609.4,0.1,548.46,97.3
ORD-100258,2024-12-13,2024-12-15,Standard Class,CUST-2378,Consumer,North,Sheffield,Furniture,Furnishings,2,354.17,0.15,602.09,20.75
ORD-100330,2024-12-13,2024-12-16,Standard Class,CUST-1272,Consumer,North,Sheffield,Office Supplies,Binders,1,62.19,0.0,62.19,15.39
ORD-101649,2024-12-13,2024-12-15,Standard Class,CUST-2354,Consumer,West,Exeter,Furniture,Tables,1,461.18,0.3,322.83,-74.08
ORD-103624,2024-12-13,2024-12-17,Standard Class,CUST-2024,Consumer,Central,Nottingham,Office Supplies,Storage,1,105.47,0.2,84.38,8.32
ORD-102725,2024-12-13,2024-12-19,Standard Class,CUST-2104,Consumer,East,Cambridge,Office Supplies,Binders,2,38.33,0.0,76.66,4.0
ORD-101769,2024-12-13,2024-12-17,Standard Class,CUST-1164,Corporate,East,Norwich,Office Supplies,Labels,2,20.33,0.0,40.66,13.44
ORD-104355,2024-12-14,2024-12-17,Second Class,CUST-2080,Home Office,North,Sheffield,Furniture,Furnishings,6,319.72,0.2,1534.66,-228.06
ORD-103684,2024-12-14,2024-12-21,First Class,CUST-1091,Corporate,Central,Coventry,Furniture,Tables,3,786.36,0.0,2359.08,229.59
ORD-102750,2024-12-14,2024-12-17,Standard Class,CUST-1620,Consumer,North,Newcastle,Technology,Accessories,1,108.35,0.15,92.1,4.17
ORD-103771,2024-12-14,2024-12-17,Second Class,CUST-1354,Home Office,North,Leeds,Technology,Copiers,4,1531.06,0.15,5205.6,-483.61
ORD-104028,2024-12-14,2024-12-18,Second Class,CUST-1084,Consumer,South,Reading,Technology,Machines,1,878.93,0.15,747.09,22.13
ORD-105240,2024-12-14,2024-12-17,Second Class,CUST-2008,Home Office,West,Plymouth,Technology,Copiers,1,818.53,0.0,818.53,76.85
ORD-101948,2024-12-14,2024-12-18,Same Day,CUST-2447,Consumer,West,Plymouth,Office Supplies,Storage,2,105.67,0.0,211.34,49.69
ORD-104994,2024-12-14,2024-12-18,First Class,CUST-1353,Consumer,East,Peterborough,Technology,Accessories,3,1018.27,0.1,2749.33,109.24
ORD-100276,2024-12-14,2024-12-19,Second Class,CUST-1990,Consumer,North,Leeds,Technology,Copiers,1,890.91,0.0,890.91,74.69
ORD-100173,2024-12-14,2024-12-18,First Class,CUST-2150,Consumer,South,Portsmouth,Technology,Phones,4,1210.35,0.1,4357.26,858.04
ORD-101950,2024-12-14,2024-12-19,Standard Class,CUST-1592,Corporate,North,Manchester,Office Supplies,Binders,1,87.12,0.2,69.7,10.36
ORD-103314,2024-12-15,2024-12-21,Second Class,CUST-1434,Home Office,North,Newcastle,Office Supplies,Paper,2,62.21,0.0,124.42,22.37
ORD-100241,2024-12-15,2024-12-20,Standard Class,CUST-1756,Consumer,East,Ipswich,Furniture,Furnishings,3,648.73,0.0,1946.19,195.43
ORD-101998,2024-12-15,2024-12-21,Standard Class,CUST-1979,Consumer,East,Ipswich,Technology,Phones,3,574.95,0.0,1724.85,384.74
ORD-105251,2024-12-15,2024-12-19,Second Class,CUST-2353,Corporate,South,Southampton,Technology,Accessories,2,1175.82,0.0,2351.64,-104.15
ORD-100975,2024-12-15,2024-12-20,Standard Class,CUST-1394,Corporate,South,Southampton,Office Supplies,Art,2,16.42,0.5,16.42,-2.62
ORD-102518,2024-12-15,2024-12-17,Standard Class,CUST-1611,Corporate,Central,Coventry,Furniture,Bookcases,1,260.55,0.2,208.44,7.29
ORD-104519,2024-12-15,2024-12-22,Second Class,CUST-2370,Home Office,North,Leeds,Office Supplies,Labels,5,78.48,0.0,392.4,26.73
ORD-100657,2024-12-15,2024-12-18,Second Class,CUST-1134,Consumer,North,Manchester,Office Supplies,Paper,2,103.46,0.0,206.92,59.12
ORD-101575,2024-12-15,2024-12-16,First Class,CUST-1626,Consumer,East,Norwich,Office Supplies,Paper,3,41.72,0.1,112.64,11.86
ORD-106289,2024-12-15,2024-12-17,Standard Class,CUST-2151,Consumer,East,Ipswich,Furniture,Tables,1,131.33,0.0,131.33,-5.06
ORD-105899,2024-12-15,2024-12-21,Standard Class,CUST-2298,Corporate,East,Ipswich,Technology,Accessories,1,472.54,0.0,472.54,110.19
ORD-102944,2024-12-15,2024-12-19,Standard Class,CUST-1963,Consumer,South,Southampton,Furniture,Bookcases,3,459.67,0.0,1379.01,194.9
ORD-105464,2024-12-15,2024-12-20,Standard Class,CUST-1019,Consumer,North,Newcastle,Technology,Copiers,1,666.59,0.0,666.59,158.59
ORD-104063,2024-12-15,2024-12-20,Second Class,CUST-2394,Consumer,North,Leeds,Office Supplies,Labels,1,79.45,0.0,79.45,11.92
ORD-106000,2024-12-16,2024-12-21,First Class,CUST-2312,Consumer,West,Exeter,Technology,Machines,2,1589.28,0.0,3178.56,82.6
ORD-100779,2024-12-16,2024-12-22,Same Day,CUST-1106,Consumer,Central,Leicester,Furniture,Furnishings,4,811.89,0.15,2760.43,-167.56
ORD-103846,2024-12-16,2024-12-19,Same Day,CUST-1512,Home Office,South,Brighton,Furniture,Furnishings,2,376.53,0.1,677.75,32.8
ORD-101203,2024-12-16,2024-12-20,Standard Class,CUST-2046,Consumer,East,Ipswich,Technology,Phones,4,672.41,0.15,2286.19,-222.75
ORD-100232,2024-12-16,2024-12-22,Standard Class,CUST-2399,Consumer,North,Sheffield,Technology,Machines,4,304.16,0.0,1216.64,19.49
ORD-102019,2024-12-16,2024-12-20,First Class,CUST-2189,Home Office,West,Cardiff,Technology,Machines,5,434.61,0.15,1847.09,304.55
ORD-102649,2024-12-16,2024-12-19,Standard Class,CUST-1373,Home Office,East,Cambridge,Technology,Machines,3,1183.4,0.3,2485.14,-603.95
ORD-105569,2024-12-16,2024-12-20,Standard Class,CUST-1129,Corporate,East,Peterborough,Office Supplies,Labels,3,15.2,0.2,36.48,7.04
ORD-100717,2024-12-16,2024-12-19,Standard Class,CUST-1938,Corporate,East,Cambridge,Technology,Phones,2,542.21,0.2,867.54,-34.21
ORD-101706,2024-12-16,2024-12-21,Second Class,CUST-1452,Consumer,South,Reading,Furniture,Tables,2,453.11,0.1,815.6,79.1
ORD-103816,2024-12-16,2024-12-18,Standard Class,CUST-1266,Corporate,West,Cardiff,Office Supplies,Paper,3,106.81,0.1,288.39,39.17
ORD-101831,2024-12-16,2024-12-20,First Class,CUST-1491,Consumer,West,Bristol,Furniture,Chairs,1,798.56,0.1,718.7,75.4
ORD-106475,2024-12-16,2024-12-22,Same Day,CUST-2080,Consumer,Central,Coventry,Technology,Copiers,1,876.35,0.3,613.44,-132.45
ORD-100218,2024-12-17,2024-12-20,First Class,CUST-2179,Corporate,East,Norwich,Furniture,Furnishings,3,761.74,0.2,1828.18,-152.28
ORD-103769,2024-12-17,2024-12-18,Second Class,CUST-1847,Consumer,West,Plymouth,Office Supplies,Labels,2,95.15,0.1,171.27,19.73
ORD-105420,2024-12-17,2024-12-19,Second Class,CUST-1956,Corporate,North,Manchester,Furniture,Chairs,1,477.18,0.1,429.46,32.63
ORD-103870,2024-12-17,2024-12-23,Standard Class,CUST-2245,Home Office,West,Cardiff,Furniture,Bookcases,2,632.07,0.1,1137.73,105.77
ORD-106049,2024-12-17,2024-12-24,Second Class,CUST-1216,Consumer,South,Portsmouth,Furniture,Chairs,1,606.26,0.0,606.26,62.75
ORD-103804,2024-12-17,2024-12-19,First Class,CUST-1735,Consumer,Central,Birmingham,Furniture,Furnishings,3,128.77,0.3,270.42,-7.66
ORD-103859,2024-12-17,2024-12-21,Standard Class,CUST-1565,Home Office,South,Portsmouth,Office Supplies,Binders,2,9.81,0.1,17.66,1.93
ORD-101618,2024-12-17,2024-12-20,Standard Class,CUST-1178,Consumer,West,Bristol,Office Supplies,Art,1,109.86,0.2,87.89,3.47
ORD-105840,2024-12-17,2024-12-21,Standard Class,CUST-2358,Consumer,East,Norwich,Office Supplies,Binders,6,13.48,0.2,64.7,-2.69
ORD-102201,2024-12-17,2024-12-20,Second Class,CUST-2204,Home Office,East,Cambridge,Office Supplies,Art,3,87.65,0.0,262.95,20.95
ORD-104461,2024-12-17,2024-12-21,Standard Class,CUST-1818,Home Office,East,Cambridge,Furniture,Chairs,1,847.67,0.1,762.9,34.44
ORD-101904,2024-12-18,2024-12-24,Standard Class,CUST-1093,Home Office,West,Cardiff,Office Supplies,Labels,1,34.7,0.0,34.7,6.33
ORD-105509,2024-12-18,2024-12-24,Standard Class,CUST-1334,Consumer,Central,Leicester,Furniture,Chairs,2,361.74,0.1,651.13,1.77
ORD-105695,2024-12-18,2024-12-22,Standard Class,CUST-2067,Consumer,West,Bristol,Furniture,Furnishings,3,723.9,0.0,2171.7,374.05
ORD-103261,2024-12-18,2024-12-21,Second Class,CUST-1320,Home Office,North,Sheffield,Furniture,Bookcases,4,673.28,0.1,2423.81,-217.45
ORD-105366,2024-12-18,2024-12-21,Standard Class,CUST-1385,Consumer,North,Leeds,Office Supplies,Art,1,118.9,0.2,95.12,8.8
ORD-100507,2024-12-18,2024-12-23,Standard Class,CUST-2446,Consumer,East,Peterborough,Office Supplies,Paper,3,76.4,0.1,206.28,57.33
ORD-100598,2024-12-18,2024-12-20,Standard Class,CUST-1485,Corporate,North,Newcastle,Furniture,Furnishings,1,705.2,0.2,564.16,-55.46
ORD-101528,2024-12-18,2024-12-22,Standard Class,CUST-2322,Consumer,East,Cambridge,Office Supplies,Labels,3,100.02,0.15,255.05,36.51
ORD-104849,2024-12-18,2024-12-22,First Class,CUST-2277,Consumer,Central,Birmingham,Technology,Machines,4,424.71,0.3,1189.19,-104.62
ORD-105714,2024-12-18,2024-12-22,Second Class,CUST-1873,Consumer,East,Ipswich,Office Supplies,Labels,4,41.83,0.15,142.22,36.5
ORD-103667,2024-12-18,2024-12-25,Same Day,CUST-1787,Consumer,South,Portsmouth,Office Supplies,Paper,2,88.76,0.1,159.77,35.32
ORD-105662,2024-12-18,2024-12-23,First Class,CUST-2023,Consumer,West,Plymouth,Technology,Machines,4,1507.76,0.0,6031.04,1047.85
ORD-105409,2024-12-18,2024-12-21,First Class,CUST-2258,Corporate,North,Sheffield,Office Supplies,Labels,4,96.36,0.0,385.44,41.43
ORD-106304,2024-12-18,2024-12-22,First Class,CUST-1937,Corporate,East,Cambridge,Furniture,Tables,3,152.87,0.1,412.75,27.59
ORD-104807,2024-12-18,2024-12-22,Second Class,CUST-2426,Corporate,North,Leeds,Technology,Accessories,1,953.99,0.15,810.89,150.48
ORD-105140,2024-12-18,2024-12-24,Second Class,CUST-1950,Consumer,West,Exeter,Technology,Phones,2,1312.23,0.0,2624.46,196.38
ORD-105468,2024-12-18,2024-12-21,Same Day,CUST-2240,Consumer,South,Brighton,Technology,Copiers,5,1266.95,0.0,6334.75,268.98
ORD-105653,2024-12-18,2024-12-23,Standard Class,CUST-1700,Corporate,North,Leeds,Office Supplies,Storage,1,105.61,0.0,105.61,10.07
ORD-101037,2024-12-19,2024-12-22,Second Class,CUST-1095,Home Office,East,Cambridge,Office Supplies,Storage,1,87.78,0.0,87.78,30.65
ORD-106052,2024-12-19,2024-12-23,Same Day,CUST-1335,Consumer,Central,Birmingham,Technology,Machines,1,341.62,0.3,239.13,-1.31
ORD-100323,2024-12-19,2024-12-21,First Class,CUST-1836,Home Office,North,Sheffield,Technology,Machines,2,1466.76,0.0,2933.52,488.45
ORD-106216,2024-12-19,2024-12-24,Second Class,CUST-2374,Corporate,West,Bristol,Office Supplies,Storage,4,21.22,0.4,50.93,-6.17
ORD-101332,2024-12-19,2024-12-24,Standard Class,CUST-1376,Consumer,East,Cambridge,Furniture,Bookcases,3,739.96,0.15,1886.9,39.02
ORD-104019,2024-12-19,2024-12-21,Standard Class,CUST-1081,Consumer,West,Plymouth,Technology,Accessories,1,385.79,0.0,385.79,-4.55
ORD-100529,2024-12-19,2024-12-22,Same Day,CUST-1991,Consumer,North,Manchester,Office Supplies,Binders,1,20.32,0.0,20.32,4.55
ORD-101436,2024-12-19,2024-12-22,Standard Class,CUST-2324,Home Office,North,Manchester,Technology,Machines,2,1767.26,0.0,3534.52,595.85
ORD-100068,2024-12-19,2024-12-23,First Class,CUST-1734,Corporate,South,Brighton,Technology,Copiers,4,730.0,0.15,2482.0,-268.07
ORD-104560,2024-12-19,2024-12-24,Standard Class,CUST-1811,Consumer,West,Plymouth,Office Supplies,Art,2,27.6,0.2,44.16,7.14
ORD-103151,2024-12-19,2024-12-26,Second Class,CUST-1340,Consumer,North,Newcastle,Furniture,Chairs,4,208.09,0.0,832.36,-9.31
ORD-104452,2024-12-20,2024-12-23,Standard Class,CUST-2459,Consumer,North,Sheffield,Furniture,Chairs,1,220.06,0.2,176.05,-4.44
ORD-101013,2024-12-20,2024-12-23,Same Day,CUST-1465,Corporate,East,Norwich,Office Supplies,Storage,4,52.84,0.15,179.66,2.36
ORD-103424,2024-12-20,2024-12-23,Second Class,CUST-1668,Home Office,East,Peterborough,Technology,Copiers,1,832.9,0.0,832.9,-74.01
ORD-104634,2024-12-20,2024-12-22,First Class,CUST-1317,Home Office,East,Norwich,Office Supplies,Art,1,63.71,0.1,57.34,5.18
ORD-104700,2024-12-20,2024-12-26,Second Class,CUST-2285,Consumer,East,Norwich,Office Supplies,Paper,3,71.19,0.0,213.57,37.05
ORD-103999,2024-12-20,2024-12-23,Same Day,CUST-2380,Consumer,South,Brighton,Office Supplies,Paper,5,45.94,0.0,229.7,54.95
ORD-104546,2024-12-20,2024-12-21,Second Class,CUST-2085,Home Office,South,Brighton,Office Supplies,Binders,2,33.48,0.2,53.57,2.87
ORD-102258,2024-12-20,2024-12-21,Standard Class,CUST-1098,Home Office,South,Reading,Furniture,Tables,1,239.85,0.0,239.85,37.46
ORD-100426,2024-12-20,2024-12-27,Standard Class,CUST-1083,Home Office,West,Exeter,Office Supplies,Storage,1,103.88,0.2,83.1,18.71
ORD-101007,2024-12-20,2024-12-24,Second Class,CUST-1176,Consumer,East,Norwich,Furniture,Furnishings,1,555.08,0.1,499.57,56.62
ORD-105587,2024-12-20,2024-12-25,Standard Class,CUST-2347,Corporate,East,Ipswich,Furniture,Chairs,1,183.71,0.1,165.34,-6.93
ORD-102243,2024-12-20,2024-12-26,Standard Class,CUST-1559,Corporate,North,Leeds,Furniture,Bookcases,3,529.33,0.1,1429.19,-18.0
ORD-100962,2024-12-21,2024-12-27,Standard Class,CUST-2088,Consumer,South,Brighton,Furniture,Bookcases,1,694.8,0.1,625.32,69.07
ORD-100704,2024-12-21,2024-12-27,Standard Class,CUST-1806,Home Office,South,Portsmouth,Furniture,Tables,2,850.97,0.15,1446.65,-104.16
ORD-104563,2024-12-21,2024-12-26,Same Day,CUST-2098,Consumer,East,Cambridge,Technology,Accessories,1,705.08,0.2,564.06,-72.85
ORD-104289,2024-12-21,2024-12-28,Standard Class,CUST-1307,Consumer,Central,Nottingham,Office Supplies,Labels,4,67.3,0.1,242.28,2.55
ORD-102626,2024-12-21,2024-12-23,Standard Class,CUST-2039,Consumer,South,Portsmouth,Furniture,Chairs,4,756.85,0.15,2573.29,-182.98
ORD-106437,2024-12-21,2024-12-24,Standard Class,CUST-2261,Consumer,Central,Coventry,Furniture,Bookcases,1,544.91,0.2,435.93,-19.61
ORD-106484,2024-12-21,2024-12-26,First Class,CUST-1476,Consumer,North,Leeds,Furniture,Tables,2,504.4,0.3,706.16,-1.65
ORD-101887,2024-12-21,2024-12-25,Standard Class,CUST-1727,Consumer,South,Portsmouth,Furniture,Furnishings,1,245.07,0.1,220.56,19.8
ORD-105957,2024-12-21,2024-12-23,Standard Class,CUST-1159,Consumer,West,Plymouth,Technology,Phones,2,1234.12,0.2,1974.59,344.22
ORD-103282,2024-12-21,2024-12-25,Standard Class,CUST-1381,Consumer,South,Portsmouth,Office Supplies,Art,1,13.52,0.0,13.52,4.38
ORD-104875,2024-12-21,2024-12-24,Standard Class,CUST-1387,Consumer,South,Brighton,Office Supplies,Storage,3,73.33,0.1,197.99,30.9
ORD-103860,2024-12-21,2024-12-24,First Class,CUST-2424,Corporate,North,Leeds,Furniture,Furnishings,1,848.59,0.0,848.59,-26.7
ORD-101820,2024-12-21,2024-12-27,Standard Class,CUST-1146,Home Office,South,Portsmouth,Office Supplies,Storage,2,104.44,0.0,208.88,15.42
ORD-103711,2024-12-21,2024-12-24,Standard Class,CUST-1194,Home Office,West,Bristol,Furniture,Furnishings,3,202.3,0.0,606.9,49.53
ORD-101336,2024-12-21,2024-12-24,Standard Class,CUST-1362,Consumer,South,Reading,Office Supplies,Paper,1,114.09,0.15,96.98,22.4
ORD-102537,2024-12-21,2024-12-24,Standard Class,CUST-1341,Consumer,East,Ipswich,Furniture,Bookcases,3,544.46,0.2,1306.7,0.44
ORD-102691,2024-12-21,2024-12-27,Standard Class,CUST-1610,Consumer,South,Portsmouth,Furniture,Tables,1,101.44,0.4,60.86,-16.87
ORD-102652,2024-12-21,2024-12-24,Standard Class,CUST-2048,Consumer,Central,Birmingham,Office Supplies,Labels,1,97.99,0.5,48.99,1.18
ORD-105232,2024-12-21,2024-12-26,Standard Class,CUST-1027,Consumer,Central,Nottingham,Office Supplies,Labels,2,26.03,0.0,52.06,16.96
ORD-104123,2024-12-21,2024-12-27,Second Class,CUST-2361,Corporate,North,Newcastle,Office Supplies,Paper,6,44.05,0.0,264.3,58.69
ORD-102056,2024-12-22,2024-12-25,Standard Class,CUST-1668,Consumer,South,Brighton,Technology,Accessories,5,539.6,0.0,2698.0,438.53
ORD-103831,2024-12-22,2024-12-25,First Class,CUST-1286,Consumer,East,Peterborough,Office Supplies,Paper,4,69.12,0.1,248.83,1.7
ORD-101367,2024-12-22,2024-12-25,First Class,CUST-2117,Consumer,South,Reading,Furniture,Furnishings,5,228.45,0.0,1142.25,126.95
ORD-101727,2024-12-22,2024-12-23,Same Day,CUST-2456,Home Office,South,Southampton,Technology,Machines,1,980.19,0.2,784.15,-97.95
ORD-105761,2024-12-22,2024-12-24,First Class,CUST-2143,Consumer,East,Norwich,Office Supplies,Binders,1,70.66,0.0,70.66,17.68
ORD-102702,2024-12-22,2024-12-26,Standard Class,CUST-1179,Consumer,West,Bristol,Office Supplies,Paper,1,105.26,0.5,52.63,-0.26
ORD-105711,2024-12-22,2024-12-27,Standard Class,CUST-2106,Consumer,South,Portsmouth,Office Supplies,Storage,3,7.48,0.3,15.71,2.49
ORD-106341,2024-12-22,2024-12-25,First Class,CUST-2001,Home Office,North,Manchester,Office Supplies,Labels,1,60.28,0.0,60.28,3.6
ORD-103871,2024-12-22,2024-12-27,Standard Class,CUST-2228,Corporate,West,Plymouth,Office Supplies,Storage,2,15.77,0.1,28.39,1.05
ORD-100957,2024-12-22,2024-12-23,Same Day,CUST-2343,Home Office,South,Brighton,Furniture,Bookcases,4,66.89,0.15,227.43,-28.27
ORD-104369,2024-12-22,2024-12-25,Standard Class,CUST-1994,Consumer,South,Brighton,Technology,Copiers,3,119.31,0.0,357.93,3.81
ORD-104743,2024-12-22,2024-12-27,Second Class,CUST-1635,Home Office,West,Plymouth,Office Supplies,Labels,4,21.06,0.3,58.97,9.9
ORD-103067,2024-12-22,2024-12-25,Same Day,CUST-1793,Home Office,North,Newcastle,Office Supplies,Binders,2,66.07,0.2,105.71,7.1
ORD-106389,2024-12-22,2024-12-27,Standard Class,CUST-2471,Home Office,East,Peterborough,Technology,Accessories,1,82.58,0.1,74.32,-10.93
ORD-100828,2024-12-22,2024-12-24,Second Class,CUST-2225,Home Office,East,Peterborough,Office Supplies,Paper,3,62.96,0.15,160.55,13.94
ORD-103093,2024-12-22,2024-12-28,Standard Class,CUST-1812,Corporate,Central,Leicester,Technology,Copiers,1,266.51,0.2,213.21,37.12
ORD-102482,2024-12-22,2024-12-25,Standard Class,CUST-1101,Consumer,Central,Leicester,Office Supplies,Labels,1,94.53,0.0,94.53,25.97
ORD-104423,2024-12-22,2024-12-25,Same Day,CUST-2042,Corporate,West,Bristol,Technology,Machines,1,227.28,0.5,113.64,-27.02
ORD-103947,2024-12-22,2024-12-26,Standard Class,CUST-1305,Consumer,Central,Coventry,Furniture,Chairs,1,249.16,0.0,249.16,-9.93
ORD-101274,2024-12-22,2024-12-29,Second Class,CUST-1682,Consumer,West,Cardiff,Office Supplies,Binders,2,82.94,0.0,165.88,38.09
ORD-106416,2024-12-22,2024-12-23,First Class,CUST-1944,Home Office,Central,Birmingham,Technology,Copiers,2,99.24,0.0,198.48,8.06
ORD-103470,2024-12-22,2024-12-27,Same Day,CUST-2098,Home Office,East,Cambridge,Furniture,Tables,4,287.38,0.2,919.62,-76.88
ORD-102816,2024-12-22,2024-12-27,Standard Class,CUST-2382,Consumer,South,Portsmouth,Technology,Phones,3,1338.25,0.2,3211.8,-87.05
ORD-105904,2024-12-23,2024-12-24,Standard Class,CUST-1435,Corporate,Central,Birmingham,Furniture,Tables,1,633.12,0.0,633.12,43.05
ORD-102177,2024-12-23,2024-12-28,Second Class,CUST-1291,Consumer,South,Brighton,Office Supplies,Art,2,11.13,0.0,22.26,1.7
ORD-104210,2024-12-23,2024-12-26,Same Day,CUST-1692,Home Office,East,Ipswich,Furniture,Tables,1,836.6,0.1,752.94,-12.18
ORD-104241,2024-12-23,2024-12-26,First Class,CUST-2154,Consumer,East,Peterborough,Furniture,Tables,2,297.62,0.2,476.19,15.3
ORD-100422,2024-12-23,2024-12-27,Standard Class,CUST-1709,Corporate,West,Plymouth,Office Supplies,Paper,1,102.44,0.0,102.44,20.37
ORD-101725,2024-12-23,2024-12-26,Second Class,CUST-2417,Consumer,East,Peterborough,Office Supplies,Labels,4,109.7,0.2,351.04,-6.02
ORD-106230,2024-12-23,2024-12-24,Standard Class,CUST-1465,Consumer,North,Manchester,Office Supplies,Paper,3,112.24,0.0,336.72,26.05
ORD-103898,2024-12-23,2024-12-26,Standard Class,CUST-2162,Consumer,West,Plymouth,Technology,Copiers,1,761.26,0.0,761.26,48.57
ORD-100038,2024-12-23,2024-12-27,Standard Class,CUST-2224,Consumer,South,Reading,Office Supplies,Paper,2,33.41,0.1,60.14,-0.02
ORD-101450,2024-12-23,2024-12-25,Standard Class,CUST-2260,Consumer,North,Newcastle,Technology,Copiers,2,1002.14,0.15,1703.64,142.92
ORD-102550,2024-12-23,2024-12-30,Standard Class,CUST-1820,Consumer,North,Manchester,Technology,Copiers,1,795.48,0.15,676.16,-84.48
ORD-102152,2024-12-23,2024-12-29,Standard Class,CUST-1137,Consumer,West,Exeter,Technology,Machines,2,420.05,0.0,840.1,-1.08
ORD-101558,2024-12-23,2024-12-28,Standard Class,CUST-1245,Corporate,West,Cardiff,Furniture,Furnishings,2,561.66,0.4,673.99,-165.56
ORD-103325,2024-12-23,2024-12-26,Same Day,CUST-1037,Consumer,East,Ipswich,Technology,Copiers,6,1444.72,0.4,5200.99,-1342.32
ORD-102016,2024-12-23,2024-12-24,Standard Class,CUST-2180,Consumer,North,Manchester,Furniture,Tables,2,808.15,0.15,1373.86,84.51
ORD-100879,2024-12-23,2024-12-25,Second Class,CUST-1833,Home Office,East,Peterborough,Furniture,Bookcases,3,442.17,0.0,1326.51,222.63
ORD-104671,2024-12-24,2024-12-27,Standard Class,CUST-1604,Corporate,South,Portsmouth,Office Supplies,Paper,2,9.26,0.1,16.67,0.85
ORD-101730,2024-12-24,2024-12-27,Standard Class,CUST-1112,Consumer,Central,Nottingham,Office Supplies,Storage,3,30.92,0.2,74.21,3.58
ORD-103274,2024-12-24,2024-12-30,Standard Class,CUST-1575,Consumer,South,Brighton,Office Supplies,Labels,2,95.37,0.1,171.67,40.17
ORD-104802,2024-12-24,2024-12-28,Standard Class,CUST-1281,Corporate,South,Brighton,Office Supplies,Binders,2,82.72,0.2,132.35,22.75
ORD-105260,2024-12-24,2024-12-28,Standard Class,CUST-1047,Corporate,East,Ipswich,Technology,Machines,1,34.54,0.0,34.54,-0.93
ORD-102586,2024-12-24,2024-12-31,Standard Class,CUST-1076,Consumer,North,Newcastle,Technology,Accessories,2,1783.6,0.0,3567.2,598.84
ORD-105347,2024-12-24,2024-12-28,Second Class,CUST-2062,Consumer,West,Plymouth,Furniture,Furnishings,4,896.75,0.3,2510.9,-316.04
ORD-106238,2024-12-24,2024-12-26,Standard Class,CUST-1186,Consumer,Central,Nottingham,Technology,Accessories,1,1693.68,0.0,1693.68,228.16
ORD-103795,2024-12-24,2024-12-28,Second Class,CUST-1435,Corporate,North,Sheffield,Office Supplies,Art,4,108.85,0.0,435.4,69.78
ORD-104259,2024-12-24,2024-12-27,Second Class,CUST-1567,Consumer,East,Peterborough,Furniture,Bookcases,3,296.87,0.0,890.61,13.87
ORD-106271,2024-12-24,2024-12-27,Standard Class,CUST-2171,Consumer,West,Bristol,Furniture,Tables,4,727.93,0.15,2474.96,-280.57
ORD-101562,2024-12-24,2024-12-29,Second Class,CUST-1152,Corporate,North,Leeds,Office Supplies,Storage,5,29.74,0.1,133.83,34.15
ORD-102364,2024-12-25,2024-12-26,Standard Class,CUST-1359,Consumer,North,Leeds,Technology,Accessories,3,630.24,0.2,1512.58,-65.16
ORD-101253,2024-12-25,2024-12-28,Standard Class,CUST-2385,Corporate,Central,Birmingham,Furniture,Tables,2,429.3,0.0,858.6,-29.66
ORD-103281,2024-12-25,2024-12-31,Standard Class,CUST-1648,Corporate,West,Cardiff,Office Supplies,Labels,4,3.56,0.5,7.12,-1.42
ORD-102021,2024-12-25,2024-12-27,Standard Class,CUST-2434,Consumer,North,Leeds,Technology,Machines,4,957.61,0.4,2298.26,-339.17
ORD-103812,2024-12-25,2024-12-28,Standard Class,CUST-1137,Corporate,South,Southampton,Furniture,Bookcases,5,280.05,0.15,1190.21,-144.32
ORD-103187,2024-12-25,2024-12-28,Standard Class,CUST-1598,Home Office,Central,Nottingham,Office Supplies,Art,1,48.73,0.1,43.86,4.33
ORD-106376,2024-12-25,2024-12-29,First Class,CUST-2454,Home Office,North,Manchester,Technology,Copiers,1,1680.56,0.5,840.28,-309.67
ORD-101345,2024-12-25,2024-12-29,Standard Class,CUST-2325,Consumer,North,Newcastle,Furniture,Furnishings,3,209.38,0.0,628.14,-28.87
ORD-101246,2024-12-25,2024-12-30,Standard Class,CUST-2464,Consumer,South,Southampton,Technology,Accessories,1,240.56,0.0,240.56,-18.92
ORD-105441,2024-12-25,2024-12-31,Standard Class,CUST-2098,Home Office,South,Portsmouth,Technology,Copiers,1,713.34,0.0,713.34,-47.06
ORD-103688,2024-12-25,2024-12-29,Standard Class,CUST-1303,Consumer,South,Portsmouth,Furniture,Bookcases,2,759.51,0.0,1519.02,-7.63
ORD-106243,2024-12-25,2024-12-29,Same Day,CUST-1549,Consumer,East,Peterborough,Furniture,Chairs,1,744.35,0.2,595.48,-4.67
ORD-106179,2024-12-25,2024-12-29,Standard Class,CUST-2140,Corporate,South,Brighton,Office Supplies,Storage,3,59.36,0.3,124.66,18.91
ORD-102290,2024-12-25,2024-12-30,First Class,CUST-2057,Home Office,South,Brighton,Office Supplies,Binders,2,62.39,0.2,99.82,1.01
ORD-101703,2024-12-25,2024-12-28,Standard Class,CUST-1882,Home Office,West,Exeter,Office Supplies,Labels,2,30.97,0.15,52.65,10.64
ORD-102660,2024-12-25,2024-12-28,Second Class,CUST-2451,Corporate,Central,Nottingham,Technology,Accessories,5,996.75,0.1,4485.38,876.35
ORD-100842,2024-12-25,2024-12-31,First Class,CUST-1388,Corporate,South,Brighton,Furniture,Furnishings,5,105.05,0.1,472.73,-11.23
ORD-101930,2024-12-26,2024-12-28,Standard Class,CUST-1508,Corporate,North,Leeds,Office Supplies,Binders,4,10.36,0.1,37.3,10.25
ORD-105782,2024-12-26,2024-12-29,Standard Class,CUST-1475,Consumer,Central,Coventry,Office Supplies,Art,1,119.8,0.0,119.8,9.6
ORD-104898,2024-12-26,2024-12-31,Standard Class,CUST-1437,Corporate,Central,Nottingham,Office Supplies,Storage,5,68.87,0.2,275.48,-18.08
ORD-101348,2024-12-26,2024-12-29,Standard Class,CUST-1759,Home Office,North,Newcastle,Technology,Accessories,2,1739.1,0.0,3478.2,655.65
ORD-101015,2024-12-26,2024-12-29,Standard Class,CUST-1508,Consumer,West,Exeter,Office Supplies,Art,2,106.27,0.4,127.52,-20.38
ORD-101452,2024-12-26,2024-12-28,Standard Class,CUST-1839,Consumer,South,Southampton,Furniture,Bookcases,2,343.15,0.2,549.04,-37.27
ORD-106070,2024-12-26,2024-12-31,Same Day,CUST-1189,Consumer,South,Brighton,Office Supplies,Binders,3,66.28,0.5,99.42,-14.9
ORD-105818,2024-12-26,2025-01-01,Standard Class,CUST-2440,Corporate,North,Sheffield,Technology,Copiers,1,676.67,0.0,676.67,130.02
ORD-105019,2024-12-26,2024-12-30,First Class,CUST-1348,Home Office,North,Newcastle,Office Supplies,Labels,4,53.81,0.2,172.19,6.91
ORD-106494,2024-12-26,2024-12-30,Standard Class,CUST-1307,Home Office,South,Portsmouth,Technology,Machines,1,285.78,0.1,257.2,16.46
ORD-106394,2024-12-26,2024-12-30,Second Class,CUST-1090,Consumer,West,Exeter,Office Supplies,Art,1,64.79,0.0,64.79,19.46
ORD-101661,2024-12-26,2024-12-28,Standard Class,CUST-2054,Consumer,South,Southampton,Office Supplies,Storage,5,25.41,0.3,88.93,-8.5
ORD-102496,2024-12-26,2024-12-27,Same Day,CUST-1689,Home Office,Central,Nottingham,Technology,Copiers,2,1563.85,0.0,3127.7,219.42
ORD-101621,2024-12-26,2024-12-31,Same Day,CUST-2287,Corporate,West,Plymouth,Office Supplies,Storage,3,4.96,0.1,13.39,2.34
ORD-104716,2024-12-26,2024-12-29,Standard Class,CUST-1862,Corporate,West,Exeter,Office Supplies,Binders,1,67.15,0.4,40.29,-3.97
ORD-101039,2024-12-26,2024-12-30,Second Class,CUST-2040,Corporate,East,Norwich,Furniture,Tables,1,195.0,0.2,156.0,-11.04
ORD-103369,2024-12-26,2024-12-27,Standard Class,CUST-1836,Corporate,West,Exeter,Office Supplies,Storage,1,99.68,0.2,79.74,14.44
ORD-102340,2024-12-26,2024-12-29,Standard Class,CUST-1353,Consumer,North,Manchester,Furniture,Bookcases,2,628.62,0.2,1005.79,-78.75
ORD-102044,2024-12-26,2024-12-29,Second Class,CUST-1872,Consumer,North,Newcastle,Technology,Phones,1,1332.2,0.1,1198.98,-98.54
ORD-101745,2024-12-26,2025-01-01,Standard Class,CUST-1939,Corporate,West,Exeter,Office Supplies,Art,4,90.47,0.1,325.69,66.17
ORD-104792,2024-12-26,2024-12-29,Second Class,CUST-1128,Corporate,North,Leeds,Office Supplies,Labels,2,23.88,0.15,40.6,2.3
ORD-105503,2024-12-26,2024-12-29,Second Class,CUST-1250,Consumer,East,Ipswich,Furniture,Bookcases,3,538.75,0.4,969.75,-68.19
ORD-100677,2024-12-26,2025-01-02,First Class,CUST-1703,Home Office,East,Peterborough,Office Supplies,Binders,1,30.76,0.0,30.76,6.19
ORD-103591,2024-12-27,2024-12-30,Second Class,CUST-2250,Consumer,West,Exeter,Technology,Accessories,3,1412.62,0.0,4237.86,531.81
ORD-100834,2024-12-27,2025-01-01,First Class,CUST-1201,Corporate,South,Reading,Furniture,Furnishings,4,438.9,0.0,1755.6,84.41
ORD-102848,2024-12-27,2024-12-30,Standard Class,CUST-1400,Consumer,North,Sheffield,Furniture,Tables,2,209.19,0.0,418.38,65.35
ORD-100491,2024-12-27,2024-12-28,Standard Class,CUST-2228,Home Office,South,Portsmouth,Technology,Phones,3,586.71,0.0,1760.13,-39.1
ORD-105369,2024-12-27,2024-12-30,Standard Class,CUST-1758,Consumer,South,Reading,Office Supplies,Binders,3,60.97,0.1,164.62,33.39
ORD-106100,2024-12-27,2024-12-31,Standard Class,CUST-1009,Corporate,Central,Coventry,Furniture,Chairs,2,461.46,0.0,922.92,141.4
ORD-106196,2024-12-27,2024-12-29,Same Day,CUST-1497,Home Office,West,Cardiff,Office Supplies,Storage,1,107.84,0.15,91.66,1.87
ORD-104661,2024-12-27,2024-12-28,First Class,CUST-2369,Consumer,West,Bristol,Office Supplies,Labels,5,98.14,0.0,490.7,157.06
ORD-105647,2024-12-27,2024-12-30,Standard Class,CUST-1324,Consumer,South,Reading,Furniture,Bookcases,2,405.07,0.1,729.13,-4.19
ORD-101505,2024-12-27,2024-12-31,Standard Class,CUST-1802,Consumer,North,Sheffield,Technology,Accessories,1,1177.72,0.0,1177.72,99.31
ORD-101522,2024-12-27,2024-12-29,Second Class,CUST-2307,Corporate,East,Cambridge,Office Supplies,Storage,2,25.43,0.4,30.52,-0.62
ORD-103376,2024-12-27,2025-01-01,Standard Class,CUST-1184,Consumer,South,Southampton,Furniture,Chairs,3,129.05,0.0,387.15,3.06
ORD-102276,2024-12-27,2024-12-30,First Class,CUST-1017,Consumer,East,Norwich,Office Supplies,Art,2,64.91,0.0,129.82,8.84
ORD-105061,2024-12-27,2024-12-30,Standard Class,CUST-2093,Corporate,South,Southampton,Technology,Machines,4,1478.27,0.0,5913.08,1280.97
ORD-104770,2024-12-27,2024-12-28,First Class,CUST-1689,Home Office,West,Plymouth,Office Supplies,Storage,2,3.78,0.15,6.43,-0.17
ORD-101229,2024-12-27,2024-12-30,Standard Class,CUST-1649,Consumer,East,Ipswich,Technology,Copiers,3,627.02,0.0,1881.06,-156.97
ORD-105450,2024-12-28,2025-01-01,First Class,CUST-1114,Consumer,East,Peterborough,Office Supplies,Binders,1,32.49,0.1,29.24,8.27
ORD-104553,2024-12-28,2025-01-01,Standard Class,CUST-1099,Consumer,South,Portsmouth,Office Supplies,Binders,3,100.69,0.0,302.07,68.09
ORD-100509,2024-12-28,2025-01-01,Standard Class,CUST-1529,Home Office,East,Cambridge,Technology,Phones,2,177.86,0.1,320.15,13.16
ORD-103436,2024-12-29,2025-01-01,Second Class,CUST-1235,Consumer,North,Manchester,Office Supplies,Paper,3,29.67,0.15,75.66,2.76
ORD-103648,2024-12-29,2025-01-01,Standard Class,CUST-1940,Corporate,North,Newcastle,Furniture,Furnishings,1,165.72,0.1,149.15,10.2
ORD-104246,2024-12-29,2025-01-01,Standard Class,CUST-1418,Consumer,East,Norwich,Furniture,Furnishings,2,509.47,0.0,1018.94,6.58
ORD-104765,2024-12-29,2025-01-01,Second Class,CUST-1045,Corporate,West,Plymouth,Technology,Phones,3,494.38,0.0,1483.14,173.98
ORD-105747,2024-12-29,2025-01-01,Second Class,CUST-1613,Home Office,East,Cambridge,Office Supplies,Paper,2,52.06,0.1,93.71,17.37
ORD-101595,2024-12-29,2025-01-02,Standard Class,CUST-2443,Corporate,South,Portsmouth,Furniture,Furnishings,1,560.81,0.4,336.49,-50.42
ORD-105923,2024-12-29,2024-12-31,Standard Class,CUST-1081,Corporate,South,Reading,Office Supplies,Storage,1,32.6,0.0,32.6,1.84
ORD-104662,2024-12-29,2025-01-03,Second Class,CUST-1799,Consumer,West,Bristol,Office Supplies,Storage,1,55.01,0.0,55.01,17.86
ORD-100185,2024-12-29,2025-01-03,Standard Class,CUST-1678,Consumer,Central,Leicester,Technology,Machines,2,1091.91,0.15,1856.25,158.45
ORD-101652,2024-12-30,2025-01-01,First Class,CUST-2351,Corporate,North,Leeds,Office Supplies,Binders,6,74.45,0.15,379.69,70.75
ORD-101023,2024-12-30,2025-01-05,Second Class,CUST-2100,Home Office,North,Leeds,Office Supplies,Storage,4,36.79,0.0,147.16,35.03
ORD-102047,2024-12-30,2025-01-05,Standard Class,CUST-1294,Consumer,East,Cambridge,Technology,Copiers,1,438.17,0.0,438.17,-27.41
ORD-103731,2024-12-30,2025-01-05,Same Day,CUST-1736,Home Office,Central,Coventry,Office Supplies,Binders,4,13.16,0.0,52.64,16.31
ORD-104034,2024-12-30,2025-01-03,Standard Class,CUST-1717,Corporate,South,Portsmouth,Furniture,Furnishings,3,350.66,0.15,894.18,66.67
ORD-104561,2024-12-30,2025-01-02,Standard Class,CUST-1491,Corporate,North,Manchester,Technology,Accessories,1,922.4,0.0,922.4,116.73
ORD-102964,2024-12-30,2025-01-05,First Class,CUST-1254,Home Office,East,Cambridge,Furniture,Chairs,1,860.48,0.5,430.24,-127.71
ORD-100890,2024-12-30,2025-01-04,Standard Class,CUST-1737,Consumer,South,Brighton,Furniture,Furnishings,2,604.42,0.0,1208.84,3.66
ORD-106127,2024-12-31,2025-01-04,Second Class,CUST-1528,Consumer,Central,Leicester,Furniture,Bookcases,1,504.06,0.3,352.84,-12.95
ORD-102028,2024-12-31,2025-01-05,Second Class,CUST-1092,Corporate,North,Newcastle,Furniture,Bookcases,3,107.7,0.2,258.48,-27.73
ORD-102686,2024-12-31,2025-01-03,Standard Class,CUST-1150,Corporate,North,Sheffield,Technology,Phones,5,283.1,0.0,1415.5,161.14
ORD-103095,2024-12-31,2025-01-07,First Class,CUST-1852,Home Office,East,Cambridge,Technology,Accessories,4,162.69,0.3,455.53,46.14
ORD-106446,2024-12-31,2025-01-06,Standard Class,CUST-1733,Home Office,Central,Coventry,Technology,Accessories,3,290.45,0.1,784.22,-99.11
ORD-106418,2024-12-31,2025-01-02,Standard Class,CUST-1508,Home Office,South,Portsmouth,Technology,Machines,1,1780.69,0.1,1602.62,218.57
ORD-100850,2024-12-31,2025-01-07,First Class,CUST-2235,Consumer,Central,Coventry,Office Supplies,Paper,6,43.96,0.0,263.76,56.46
ORD-103778,2024-12-31,2025-01-05,Standard Class,CUST-1034,Corporate,South,Portsmouth,Office Supplies,Paper,2,118.64,0.0,237.28,27.27
ORD-102638,2024-12-31,2025-01-03,Standard Class,CUST-1914,Corporate,North,Leeds,Technology,Machines,1,58.57,0.15,49.78,9.6
ORD-100486,2024-12-31,2025-01-05,Second Class,CUST-2097,Corporate,East,Ipswich,Office Supplies,Labels,1,57.27,0.0,57.27,8.66
ORD-103953,2024-12-31,2025-01-06,First Class,CUST-1850,Home Office,West,Bristol,Office Supplies,Binders,2,119.34,0.0,238.68,50.36
ORD-104723,2024-12-31,2025-01-04,Standard Class,CUST-1979,Corporate,North,Leeds,Office Supplies,Labels,1,66.05,0.0,66.05,16.77
ORD-104330,2025-01-01,2025-01-06,Standard Class,CUST-1327,Consumer,East,Peterborough,Office Supplies,Art,3,35.61,0.3,74.78,4.13
ORD-102714,2025-01-01,2025-01-04,Standard Class,CUST-1364,Home Office,East,Ipswich,Office Supplies,Art,1,20.01,0.15,17.01,2.58
ORD-102001,2025-01-01,2025-01-07,Second Class,CUST-1848,Consumer,Central,Birmingham,Furniture,Furnishings,2,68.01,0.0,136.02,21.56
ORD-105456,2025-01-01,2025-01-06,Standard Class,CUST-1913,Home Office,East,Peterborough,Office Supplies,Binders,4,27.91,0.1,100.48,14.25
ORD-102645,2025-01-01,2025-01-05,Standard Class,CUST-2024,Consumer,East,Cambridge,Technology,Phones,2,409.46,0.0,818.92,-33.22
ORD-106003,2025-01-01,2025-01-05,Second Class,CUST-1224,Home Office,West,Exeter,Office Supplies,Binders,4,56.03,0.2,179.3,1.76
ORD-106327,2025-01-01,2025-01-05,First Class,CUST-1350,Corporate,North,Manchester,Technology,Accessories,4,784.83,0.3,2197.52,76.21
ORD-105694,2025-01-02,2025-01-07,Standard Class,CUST-1805,Consumer,West,Plymouth,Technology,Phones,2,584.84,0.0,1169.68,221.8
ORD-104595,2025-01-02,2025-01-06,Standard Class,CUST-1422,Consumer,East,Ipswich,Office Supplies,Labels,4,39.93,0.15,135.76,30.14
ORD-100363,2025-01-02,2025-01-05,First Class,CUST-1386,Consumer,Central,Nottingham,Furniture,Tables,1,867.59,0.15,737.45,3.85
ORD-104350,2025-01-02,2025-01-04,Standard Class,CUST-1129,Consumer,West,Cardiff,Furniture,Bookcases,5,629.23,0.0,3146.15,489.42
ORD-104400,2025-01-02,2025-01-05,Second Class,CUST-2330,Home Office,North,Newcastle,Office Supplies,Binders,1,68.06,0.2,54.45,1.33
ORD-101135,2025-01-02,2025-01-07,Standard Class,CUST-1059,Home Office,West,Cardiff,Furniture,Furnishings,2,713.22,0.1,1283.8,121.34
ORD-100307,2025-01-02,2025-01-07,Standard Class,CUST-2237,Consumer,West,Exeter,Office Supplies,Binders,1,11.99,0.0,11.99,3.59
ORD-105634,2025-01-02,2025-01-08,Second Class,CUST-1013,Consumer,West,Bristol,Office Supplies,Paper,1,14.51,0.2,11.61,1.5
ORD-102371,2025-01-02,2025-01-08,Second Class,CUST-1395,Consumer,North,Newcastle,Technology,Machines,2,1007.02,0.15,1711.93,176.12
ORD-103543,2025-01-02,2025-01-05,Second Class,CUST-1834,Corporate,North,Newcastle,Office Supplies,Storage,2,13.29,0.0,26.58,4.27
ORD-103902,2025-01-02,2025-01-06,Second Class,CUST-1001,Consumer,East,Cambridge,Office Supplies,Paper,1,103.8,0.0,103.8,20.2
ORD-100415,2025-01-02,2025-01-05,Same Day,CUST-2040,Home Office,East,Ipswich,Technology,Phones,1,311.57,0.4,186.94,-23.36
ORD-103538,2025-01-02,2025-01-05,Standard Class,CUST-2474,Home Office,West,Exeter,Office Supplies,Binders,1,77.71,0.0,77.71,16.33
ORD-101859,2025-01-03,2025-01-06,First Class,CUST-1224,Consumer,West,Exeter,Office Supplies,Storage,4,57.44,0.0,229.76,12.41
ORD-102852,2025-01-03,2025-01-05,Standard Class,CUST-1473,Corporate,West,Exeter,Furniture,Bookcases,3,825.89,0.1,2229.9,-119.83
ORD-103252,2025-01-03,2025-01-05,Same Day,CUST-2107,Corporate,West,Plymouth,Technology,Accessories,2,531.67,0.0,1063.34,314.6
ORD-100938,2025-01-03,2025-01-06,Standard Class,CUST-1753,Consumer,Central,Coventry,Office Supplies,Paper,1,58.78,0.4,35.27,0.96
ORD-105222,2025-01-03,2025-01-07,Second Class,CUST-2194,Consumer,South,Brighton,Office Supplies,Paper,1,110.8,0.0,110.8,31.95
ORD-100880,2025-01-03,2025-01-06,Standard Class,CUST-2436,Consumer,North,Manchester,Technology,Machines,4,74.05,0.2,236.96,-38.83
ORD-103135,2025-01-03,2025-01-08,Standard Class,CUST-1340,Consumer,North,Manchester,Technology,Phones,4,255.36,0.0,1021.44,135.07
ORD-105979,2025-01-03,2025-01-05,Standard Class,CUST-2190,Consumer,Central,Leicester,Technology,Phones,1,1581.96,0.2,1265.57,-164.5
ORD-103474,2025-01-03,2025-01-08,Standard Class,CUST-1404,Corporate,West,Plymouth,Furniture,Chairs,3,688.4,0.0,2065.2,201.38
ORD-105822,2025-01-04,2025-01-07,Standard Class,CUST-1250,Consumer,North,Leeds,Technology,Phones,1,1714.99,0.0,1714.99,152.52
ORD-105269,2025-01-04,2025-01-09,Standard Class,CUST-2282,Consumer,Central,Coventry,Furniture,Chairs,2,783.34,0.4,940.01,-257.45
ORD-100105,2025-01-05,2025-01-08,Second Class,CUST-1374,Consumer,South,Brighton,Office Supplies,Binders,5,24.02,0.0,120.1,41.0
ORD-100693,2025-01-05,2025-01-11,Standard Class,CUST-1728,Consumer,West,Cardiff,Office Supplies,Paper,1,97.19,0.0,97.19,29.08
ORD-101997,2025-01-05,2025-01-09,Standard Class,CUST-2100,Corporate,East,Ipswich,Office Supplies,Binders,4,14.92,0.0,59.68,11.85
ORD-103797,2025-01-05,2025-01-10,Standard Class,CUST-1200,Consumer,West,Bristol,Office Supplies,Paper,3,104.56,0.5,156.84,-22.09
ORD-100849,2025-01-05,2025-01-06,Standard Class,CUST-2332,Home Office,South,Reading,Technology,Copiers,2,1548.5,0.1,2787.3,-442.66
ORD-100497,2025-01-05,2025-01-09,Standard Class,CUST-1809,Consumer,East,Ipswich,Technology,Machines,1,759.26,0.2,607.41,34.84
ORD-100706,2025-01-05,2025-01-10,Standard Class,CUST-2412,Consumer,West,Plymouth,Furniture,Chairs,2,337.87,0.2,540.59,-50.95
ORD-101283,2025-01-05,2025-01-11,Second Class,CUST-1341,Consumer,North,Manchester,Office Supplies,Paper,3,47.77,0.15,121.81,24.86
ORD-106248,2025-01-05,2025-01-07,Standard Class,CUST-1579,Corporate,East,Peterborough,Furniture,Furnishings,2,573.9,0.1,1033.02,92.19
ORD-104042,2025-01-05,2025-01-12,First Class,CUST-2470,Consumer,Central,Coventry,Furniture,Tables,4,480.39,0.0,1921.56,274.52
ORD-105671,2025-01-06,2025-01-12,First Class,CUST-1268,Consumer,North,Sheffield,Office Supplies,Paper,1,102.46,0.4,61.48,-9.42
ORD-104077,2025-01-06,2025-01-08,Standard Class,CUST-1146,Home Office,West,Exeter,Furniture,Bookcases,1,676.42,0.1,608.78,-57.18
ORD-105465,2025-01-06,2025-01-11,First Class,CUST-1818,Consumer,South,Southampton,Furniture,Chairs,2,499.75,0.1,899.55,17.21
ORD-104364,2025-01-07,2025-01-10,Second Class,CUST-2379,Consumer,South,Southampton,Furniture,Chairs,2,863.99,0.2,1382.38,-209.29
ORD-104424,2025-01-07,2025-01-10,Standard Class,CUST-1099,Corporate,South,Reading,Technology,Accessories,1,779.82,0.3,545.87,35.63
ORD-102771,2025-01-07,2025-01-10,Standard Class,CUST-1987,Home Office,North,Newcastle,Technology,Machines,1,1649.36,0.0,1649.36,311.09
ORD-102822,2025-01-07,2025-01-13,Second Class,CUST-1685,Corporate,North,Manchester,Office Supplies,Storage,3,114.88,0.3,241.25,-14.79
ORD-100761,2025-01-07,2025-01-11,Standard Class,CUST-1062,Consumer,North,Manchester,Technology,Copiers,2,1042.34,0.4,1250.81,-102.39
ORD-102890,2025-01-07,2025-01-11,Standard Class,CUST-1863,Corporate,North,Manchester,Office Supplies,Paper,2,46.79,0.2,74.86,10.62
ORD-104334,2025-01-07,2025-01-14,Same Day,CUST-1094,Corporate,West,Cardiff,Furniture,Chairs,3,863.64,0.0,2590.92,49.39
ORD-101906,2025-01-07,2025-01-08,Standard Class,CUST-2476,Corporate,West,Plymouth,Office Supplies,Labels,3,61.72,0.2,148.13,11.61
ORD-104395,2025-01-08,2025-01-10,Standard Class,CUST-1056,Home Office,West,Plymouth,Furniture,Furnishings,4,852.89,0.3,2388.09,-226.75
ORD-106293,2025-01-08,2025-01-12,Second Class,CUST-2463,Consumer,Central,Nottingham,Technology,Accessories,3,487.94,0.3,1024.67,-235.83
ORD-101279,2025-01-08,2025-01-12,Standard Class,CUST-1883,Consumer,Central,Nottingham,Technology,Machines,2,1334.53,0.0,2669.06,272.03
ORD-106021,2025-01-08,2025-01-11,Same Day,CUST-1030,Consumer,West,Plymouth,Technology,Machines,2,1452.29,0.0,2904.58,696.06
ORD-104062,2025-01-08,2025-01-11,Standard Class,CUST-2038,Corporate,East,Peterborough,Office Supplies,Labels,2,84.42,0.15,143.51,10.11
ORD-103863,2025-01-08,2025-01-11,Same Day,CUST-2172,Consumer,East,Peterborough,Office Supplies,Storage,4,98.34,0.0,393.36,67.33
ORD-106443,2025-01-09,2025-01-14,Standard Class,CUST-2431,Home Office,East,Norwich,Technology,Copiers,1,1107.27,0.0,1107.27,160.11
ORD-104925,2025-01-09,2025-01-12,Standard Class,CUST-2294,Corporate,South,Brighton,Technology,Accessories,5,775.89,0.0,3879.45,919.7
ORD-100960,2025-01-09,2025-01-12,Standard Class,CUST-1403,Consumer,East,Cambridge,Office Supplies,Art,4,58.84,0.2,188.29,11.2
ORD-106082,2025-01-09,2025-01-14,Standard Class,CUST-1823,Consumer,West,Exeter,Office Supplies,Art,6,102.6,0.1,554.04,-4.18
ORD-104642,2025-01-09,2025-01-15,First Class,CUST-1718,Consumer,North,Newcastle,Furniture,Furnishings,3,503.59,0.1,1359.69,130.46
ORD-100519,2025-01-10,2025-01-13,Second Class,CUST-2476,Consumer,West,Plymouth,Office Supplies,Art,1,18.25,0.0,18.25,5.33
ORD-102126,2025-01-10,2025-01-15,Standard Class,CUST-1614,Home Office,South,Southampton,Technology,Machines,3,385.41,0.2,924.98,106.71
ORD-104774,2025-01-10,2025-01-12,Standard Class,CUST-2021,Corporate,East,Ipswich,Technology,Phones,3,1443.89,0.0,4331.67,692.26
ORD-103028,2025-01-10,2025-01-16,First Class,CUST-1933,Corporate,East,Cambridge,Furniture,Tables,2,82.18,0.0,164.36,28.52
ORD-106254,2025-01-10,2025-01-15,Standard Class,CUST-1802,Home Office,Central,Leicester,Technology,Phones,2,38.54,0.15,65.52,9.93
ORD-103972,2025-01-10,2025-01-15,First Class,CUST-1391,Consumer,North,Leeds,Office Supplies,Art,2,72.63,0.15,123.47,26.4
ORD-105973,2025-01-10,2025-01-16,Standard Class,CUST-2270,Home Office,North,Manchester,Furniture,Bookcases,2,493.86,0.5,493.86,-93.67
ORD-104242,2025-01-10,2025-01-13,Standard Class,CUST-2336,Corporate,West,Exeter,Technology,Phones,3,1041.93,0.0,3125.79,291.59
ORD-105854,2025-01-11,2025-01-18,Standard Class,CUST-2036,Consumer,East,Cambridge,Technology,Phones,3,1310.09,0.2,3144.22,-103.83
ORD-103005,2025-01-11,2025-01-14,Same Day,CUST-1386,Consumer,North,Sheffield,Technology,Phones,1,676.25,0.0,676.25,68.73
ORD-103909,2025-01-11,2025-01-13,Standard Class,CUST-2121,Consumer,West,Exeter,Furniture,Tables,1,803.9,0.3,562.73,-6.64
ORD-100707,2025-01-11,2025-01-18,Standard Class,CUST-2274,Consumer,South,Southampton,Office Supplies,Art,3,63.05,0.3,132.41,-5.74
ORD-101213,2025-01-12,2025-01-18,Second Class,CUST-1809,Home Office,North,Sheffield,Technology,Accessories,2,71.25,0.1,128.25,-15.59
ORD-101895,2025-01-12,2025-01-15,Standard Class,CUST-1515,Corporate,North,Leeds,Furniture,Bookcases,1,399.46,0.1,359.51,-37.1
ORD-100967,2025-01-12,2025-01-14,Standard Class,CUST-2212,Home Office,East,Norwich,Furniture,Chairs,2,447.28,0.2,715.65,-44.64
ORD-101909,2025-01-12,2025-01-18,Standard Class,CUST-2276,Consumer,Central,Leicester,Office Supplies,Storage,1,9.27,0.1,8.34,1.94
ORD-100661,2025-01-12,2025-01-17,Same Day,CUST-1306,Consumer,North,Sheffield,Technology,Accessories,6,1011.22,0.0,6067.32,160.43
ORD-102138,2025-01-12,2025-01-15,Second Class,CUST-1887,Consumer,Central,Birmingham,Furniture,Chairs,5,803.18,0.1,3614.31,142.47
ORD-101657,2025-01-12,2025-01-15,First Class,CUST-1761,Consumer,East,Ipswich,Office Supplies,Binders,2,78.71,0.0,157.42,15.24
ORD-100182,2025-01-12,2025-01-17,Standard Class,CUST-1770,Home Office,East,Norwich,Office Supplies,Paper,2,19.25,0.0,38.5,3.71
ORD-104466,2025-01-12,2025-01-14,Standard Class,CUST-2306,Consumer,West,Cardiff,Furniture,Chairs,5,475.42,0.2,1901.68,-39.02
ORD-102344,2025-01-12,2025-01-17,Standard Class,CUST-2094,Corporate,East,Norwich,Furniture,Furnishings,1,115.81,0.4,69.49,-14.62
ORD-101183,2025-01-13,2025-01-18,Standard Class,CUST-1604,Home Office,East,Norwich,Technology,Accessories,1,604.54,0.1,544.09,-18.08
ORD-100504,2025-01-13,2025-01-17,Second Class,CUST-1783,Corporate,West,Bristol,Furniture,Tables,3,362.22,0.1,977.99,110.71
ORD-101932,2025-01-13,2025-01-17,Standard Class,CUST-1729,Corporate,East,Peterborough,Technology,Machines,2,501.13,0.2,801.81,56.12
ORD-102046,2025-01-13,2025-01-14,Standard Class,CUST-1043,Corporate,North,Newcastle,Technology,Copiers,3,730.44,0.4,1314.79,-148.11
ORD-103669,2025-01-13,2025-01-20,Standard Class,CUST-1483,Consumer,Central,Birmingham,Furniture,Furnishings,3,674.28,0.0,2022.84,3.49
ORD-102604,2025-01-13,2025-01-18,Standard Class,CUST-2092,Consumer,South,Portsmouth,Technology,Machines,1,1385.31,0.1,1246.78,242.89
ORD-100408,2025-01-14,2025-01-18,Second Class,CUST-1587,Consumer,West,Plymouth,Office Supplies,Art,3,104.05,0.5,156.07,-19.03
ORD-105193,2025-01-14,2025-01-17,Standard Class,CUST-1367,Corporate,East,Ipswich,Furniture,Tables,3,863.6,0.1,2331.72,17.66
ORD-106148,2025-01-14,2025-01-20,Standard Class,CUST-1094,Consumer,West,Exeter,Furniture,Tables,3,646.81,0.0,1940.43,-34.05
ORD-102012,2025-01-14,2025-01-17,Standard Class,CUST-1811,Consumer,Central,Coventry,Technology,Copiers,2,1796.42,0.1,3233.56,693.67
ORD-100563,2025-01-14,2025-01-20,Standard Class,CUST-1542,Home Office,Central,Birmingham,Office Supplies,Binders,1,54.76,0.0,54.76,11.67
ORD-100986,2025-01-14,2025-01-17,Standard Class,CUST-1527,Consumer,Central,Nottingham,Technology,Accessories,1,717.55,0.0,717.55,138.61
ORD-105480,2025-01-14,2025-01-21,Second Class,CUST-1954,Consumer,Central,Leicester,Office Supplies,Labels,1,106.94,0.0,106.94,23.47
ORD-105692,2025-01-14,2025-01-20,Standard Class,CUST-1228,Consumer,North,Newcastle,Technology,Accessories,3,1725.26,0.1,4658.2,772.18
ORD-104812,2025-01-14,2025-01-19,Second Class,CUST-1099,Consumer,North,Leeds,Furniture,Tables,1,753.75,0.3,527.62,-5.66
ORD-104629,2025-01-14,2025-01-16,First Class,CUST-1548,Corporate,West,Plymouth,Office Supplies,Paper,4,87.83,0.2,281.06,38.72
ORD-100823,2025-01-14,2025-01-18,Standard Class,CUST-1839,Consumer,East,Norwich,Office Supplies,Binders,1,24.51,0.15,20.83,-0.48
ORD-103674,2025-01-14,2025-01-18,Standard Class,CUST-1886,Corporate,Central,Leicester,Furniture,Bookcases,4,195.48,0.1,703.73,21.85
ORD-104603,2025-01-14,2025-01-19,Standard Class,CUST-1841,Consumer,North,Manchester,Furniture,Furnishings,1,718.24,0.0,718.24,52.91
ORD-105764,2025-01-15,2025-01-17,Standard Class,CUST-1662,Corporate,Central,Birmingham,Office Supplies,Binders,1,34.28,0.1,30.85,1.16
ORD-100621,2025-01-15,2025-01-18,Second Class,CUST-1060,Corporate,North,Manchester,Technology,Machines,2,574.77,0.1,1034.59,-31.84
ORD-100976,2025-01-15,2025-01-19,Standard Class,CUST-1653,Home Office,West,Bristol,Office Supplies,Binders,3,87.8,0.0,263.4,59.12
ORD-104930,2025-01-15,2025-01-20,Standard Class,CUST-2331,Home Office,East,Ipswich,Office Supplies,Art,6,15.73,0.5,47.19,-8.64
ORD-102426,2025-01-15,2025-01-18,Standard Class,CUST-1881,Corporate,East,Ipswich,Technology,Accessories,1,714.49,0.0,714.49,186.95
ORD-102786,2025-01-15,2025-01-19,First Class,CUST-2430,Corporate,Central,Coventry,Furniture,Chairs,5,209.93,0.1,944.69,100.64
ORD-106076,2025-01-15,2025-01-20,Same Day,CUST-1589,Corporate,South,Portsmouth,Technology,Machines,4,640.55,0.15,2177.87,342.89
ORD-102365,2025-01-15,2025-01-22,Standard Class,CUST-1378,Consumer,West,Exeter,Office Supplies,Storage,1,76.03,0.15,64.63,2.76
ORD-105652,2025-01-16,2025-01-18,First Class,CUST-2388,Corporate,East,Ipswich,Technology,Accessories,2,674.22,0.0,1348.44,53.43
ORD-105881,2025-01-16,2025-01-20,Standard Class,CUST-1801,Corporate,North,Manchester,Office Supplies,Paper,2,108.69,0.3,152.17,6.57
ORD-105399,2025-01-16,2025-01-20,Same Day,CUST-1895,Consumer,East,Peterborough,Technology,Copiers,1,1126.94,0.2,901.55,-196.91
ORD-103822,2025-01-16,2025-01-18,Standard Class,CUST-1169,Consumer,North,Manchester,Office Supplies,Art,2,21.35,0.15,36.3,5.17
ORD-106291,2025-01-16,2025-01-20,First Class,CUST-1006,Corporate,North,Newcastle,Furniture,Furnishings,3,519.93,0.15,1325.82,-21.73
ORD-100395,2025-01-16,2025-01-20,Standard Class,CUST-1024,Home Office,West,Cardiff,Furniture,Furnishings,1,755.5,0.0,755.5,132.72
ORD-105901,2025-01-16,2025-01-19,First Class,CUST-1915,Home Office,East,Norwich,Furniture,Bookcases,1,610.05,0.1,549.04,43.94
ORD-103407,2025-01-16,2025-01-17,First Class,CUST-1824,Consumer,Central,Leicester,Furniture,Chairs,5,615.39,0.1,2769.26,24.12
ORD-104078,2025-01-16,2025-01-20,Standard Class,CUST-1546,Corporate,North,Leeds,Office Supplies,Storage,1,58.97,0.0,58.97,5.98
ORD-105520,2025-01-16,2025-01-19,Standard Class,CUST-1886,Consumer,North,Manchester,Office Supplies,Labels,1,105.72,0.0,105.72,18.52
ORD-106350,2025-01-16,2025-01-20,Standard Class,CUST-1696,Consumer,East,Ipswich,Office Supplies,Labels,1,38.56,0.2,30.85,4.97
ORD-102395,2025-01-16,2025-01-21,First Class,CUST-1010,Home Office,East,Norwich,Office Supplies,Labels,1,17.55,0.3,12.29,1.48
ORD-103950,2025-01-17,2025-01-21,Standard Class,CUST-2332,Consumer,West,Bristol,Technology,Accessories,2,1253.03,0.0,2506.06,357.52
ORD-103513,2025-01-17,2025-01-24,First Class,CUST-2153,Corporate,West,Plymouth,Furniture,Furnishings,3,713.54,0.0,2140.62,54.59
ORD-106139,2025-01-17,2025-01-20,First Class,CUST-1426,Corporate,South,Brighton,Furniture,Furnishings,3,832.08,0.15,2121.8,-127.99
ORD-101507,2025-01-17,2025-01-21,Second Class,CUST-2192,Home Office,North,Sheffield,Furniture,Tables,4,292.32,0.1,1052.35,-4.61
ORD-103000,2025-01-18,2025-01-21,Standard Class,CUST-1892,Home Office,East,Peterborough,Office Supplies,Art,1,110.22,0.0,110.22,18.04
ORD-105379,2025-01-18,2025-01-21,Standard Class,CUST-1007,Consumer,Central,Leicester,Furniture,Chairs,3,744.22,0.15,1897.76,157.88
ORD-103990,2025-01-18,2025-01-24,First Class,CUST-1658,Home Office,South,Portsmouth,Technology,Copiers,4,367.83,0.3,1029.92,-59.35
ORD-105779,2025-01-18,2025-01-20,Same Day,CUST-1872,Consumer,South,Brighton,Furniture,Tables,1,591.66,0.2,473.33,-15.59
ORD-103662,2025-01-18,2025-01-21,First Class,CUST-1947,Consumer,West,Cardiff,Office Supplies,Paper,1,91.25,0.0,91.25,7.83
ORD-105856,2025-01-18,2025-01-20,Standard Class,CUST-2198,Consumer,West,Plymouth,Office Supplies,Labels,1,93.63,0.15,79.59,4.34
ORD-100414,2025-01-18,2025-01-22,Standard Class,CUST-2207,Corporate,West,Plymouth,Furniture,Bookcases,1,122.44,0.0,122.44,18.37
ORD-103271,2025-01-19,2025-01-21,Standard Class,CUST-2283,Consumer,West,Plymouth,Office Supplies,Storage,1,86.64,0.15,73.64,16.65
ORD-101916,2025-01-19,2025-01-20,Same Day,CUST-2117,Consumer,Central,Birmingham,Furniture,Furnishings,6,573.13,0.0,3438.78,233.01
ORD-101376,2025-01-19,2025-01-21,Standard Class,CUST-1490,Corporate,West,Bristol,Office Supplies,Art,1,38.52,0.1,34.67,-0.11
ORD-106286,2025-01-19,2025-01-23,Standard Class,CUST-2209,Corporate,North,Newcastle,Office Supplies,Storage,3,26.75,0.1,72.23,3.64
ORD-105046,2025-01-19,2025-01-22,Standard Class,CUST-1749,Consumer,West,Cardiff,Office Supplies,Labels,1,81.0,0.1,72.9,19.86
ORD-101815,2025-01-19,2025-01-24,First Class,CUST-1268,Corporate,Central,Coventry,Office Supplies,Binders,2,30.0,0.15,51.0,10.16
ORD-104085,2025-01-19,2025-01-23,Second Class,CUST-1540,Consumer,South,Portsmouth,Furniture,Tables,5,486.74,0.2,1946.96,-126.39
ORD-102522,2025-01-19,2025-01-25,Second Class,CUST-2026,Corporate,North,Sheffield,Furniture,Tables,4,619.26,0.1,2229.34,-213.05
ORD-101179,2025-01-19,2025-01-26,First Class,CUST-1693,Corporate,North,Leeds,Office Supplies,Labels,2,44.19,0.15,75.12,-1.0
ORD-105803,2025-01-19,2025-01-23,Same Day,CUST-2191,Home Office,East,Norwich,Furniture,Bookcases,1,712.02,0.0,712.02,92.22
ORD-105902,2025-01-19,2025-01-22,Same Day,CUST-2358,Home Office,West,Plymouth,Furniture,Furnishings,1,309.08,0.2,247.26,-35.01
ORD-101239,2025-01-20,2025-01-23,Standard Class,CUST-1534,Consumer,West,Bristol,Technology,Phones,3,1593.88,0.0,4781.64,1307.52
ORD-101924,2025-01-20,2025-01-21,First Class,CUST-1111,Consumer,East,Norwich,Technology,Phones,1,632.97,0.0,632.97,109.85
ORD-106413,2025-01-20,2025-01-24,Standard Class,CUST-1061,Consumer,East,Norwich,Furniture,Bookcases,1,878.44,0.2,702.75,-68.15
ORD-105287,2025-01-20,2025-01-24,Standard Class,CUST-2428,Home Office,East,Norwich,Furniture,Bookcases,2,166.83,0.1,300.29,0.32
ORD-104396,2025-01-20,2025-01-25,Standard Class,CUST-2396,Corporate,South,Brighton,Office Supplies,Storage,2,39.79,0.2,63.66,-2.54
ORD-100390,2025-01-21,2025-01-24,Second Class,CUST-1363,Home Office,North,Manchester,Technology,Accessories,2,1716.79,0.15,2918.54,531.37
ORD-104120,2025-01-21,2025-01-25,Standard Class,CUST-2105,Consumer,South,Brighton,Technology,Machines,4,1454.23,0.2,4653.54,-933.03
ORD-105183,2025-01-21,2025-01-24,First Class,CUST-2304,Consumer,Central,Leicester,Technology,Copiers,3,847.49,0.15,2161.1,373.89
ORD-100011,2025-01-21,2025-01-24,Standard Class,CUST-2439,Consumer,North,Manchester,Technology,Copiers,5,450.22,0.0,2251.1,215.61
ORD-106031,2025-01-21,2025-01-26,Standard Class,CUST-1723,Corporate,West,Bristol,Technology,Phones,1,1741.4,0.0,1741.4,-69.87
ORD-103420,2025-01-21,2025-01-24,Standard Class,CUST-1800,Consumer,West,Exeter,Technology,Phones,2,575.75,0.0,1151.5,264.31
ORD-102183,2025-01-21,2025-01-22,Second Class,CUST-1538,Consumer,Central,Birmingham,Furniture,Chairs,2,171.19,0.0,342.38,40.0
ORD-104585,2025-01-21,2025-01-23,First Class,CUST-1556,Consumer,West,Exeter,Furniture,Furnishings,1,840.03,0.0,840.03,13.64
ORD-103854,2025-01-21,2025-01-24,Standard Class,CUST-1552,Home Office,North,Leeds,Technology,Accessories,5,1597.36,0.15,6788.78,1052.38
ORD-102009,2025-01-21,2025-01-24,Standard Class,CUST-2426,Consumer,South,Reading,Furniture,Furnishings,6,274.95,0.4,989.82,-218.47
ORD-101557,2025-01-21,2025-01-23,Standard Class,CUST-1525,Corporate,East,Norwich,Office Supplies,Binders,1,96.15,0.0,96.15,19.95
ORD-102315,2025-01-22,2025-01-25,First Class,CUST-1726,Home Office,North,Leeds,Furniture,Chairs,1,578.14,0.0,578.14,-15.03
ORD-103720,2025-01-22,2025-01-26,Standard Class,CUST-1717,Consumer,North,Newcastle,Technology,Phones,3,1720.3,0.0,5160.9,-414.72
ORD-104616,2025-01-22,2025-01-23,Standard Class,CUST-1446,Corporate,East,Norwich,Furniture,Chairs,2,126.15,0.15,214.46,-26.22
ORD-104260,2025-01-22,2025-01-28,Standard Class,CUST-1716,Corporate,West,Bristol,Furniture,Bookcases,4,215.08,0.0,860.32,111.83
ORD-102499,2025-01-23,2025-01-26,Standard Class,CUST-1941,Corporate,North,Leeds,Furniture,Furnishings,2,309.8,0.2,495.68,11.78
ORD-103881,2025-01-23,2025-01-24,Standard Class,CUST-1156,Consumer,South,Portsmouth,Technology,Copiers,4,774.35,0.0,3097.4,-63.07
ORD-105321,2025-01-23,2025-01-25,Standard Class,CUST-1117,Corporate,East,Norwich,Technology,Phones,3,92.82,0.0,278.46,30.51
ORD-106131,2025-01-23,2025-01-25,First Class,CUST-1519,Consumer,South,Brighton,Office Supplies,Labels,2,52.06,0.1,93.71,6.79
ORD-103995,2025-01-23,2025-01-24,Standard Class,CUST-2365,Home Office,South,Southampton,Furniture,Tables,2,216.76,0.2,346.82,-14.1
ORD-105207,2025-01-23,2025-01-26,Standard Class,CUST-1064,Home Office,North,Manchester,Office Supplies,Paper,2,20.64,0.1,37.15,8.54
ORD-103360,2025-01-24,2025-01-28,Standard Class,CUST-1100,Consumer,South,Southampton,Technology,Copiers,1,1394.12,0.0,1394.12,303.59
ORD-102620,2025-01-24,2025-01-26,Standard Class,CUST-1989,Consumer,West,Exeter,Technology,Machines,1,918.51,0.0,918.51,251.8
ORD-102318,2025-01-24,2025-01-27,Second Class,CUST-1718,Corporate,East,Peterborough,Office Supplies,Art,1,99.79,0.1,89.81,3.83
ORD-102811,2025-01-24,2025-01-27,Standard Class,CUST-1695,Consumer,North,Manchester,Furniture,Bookcases,3,703.8,0.0,2111.4,229.8
ORD-100215,2025-01-24,2025-01-29,Standard Class,CUST-1330,Consumer,East,Cambridge,Furniture,Bookcases,2,235.72,0.0,471.44,67.91
ORD-100244,2025-01-24,2025-01-27,Second Class,CUST-1679,Consumer,Central,Birmingham,Technology,Phones,2,1575.86,0.15,2678.96,384.32
ORD-104728,2025-01-24,2025-01-31,Standard Class,CUST-1266,Consumer,South,Reading,Furniture,Chairs,4,459.07,0.0,1836.28,57.8
ORD-104129,2025-01-24,2025-01-31,Standard Class,CUST-1554,Consumer,North,Manchester,Furniture,Furnishings,6,486.78,0.3,2044.48,-449.97
ORD-103694,2025-01-24,2025-01-29,Standard Class,CUST-1158,Consumer,South,Portsmouth,Office Supplies,Art,3,119.67,0.1,323.11,6.49
ORD-103664,2025-01-25,2025-01-29,First Class,CUST-1431,Consumer,West,Cardiff,Technology,Accessories,1,969.72,0.0,969.72,76.49
ORD-106193,2025-01-25,2025-01-28,Standard Class,CUST-1679,Home Office,North,Newcastle,Furniture,Bookcases,2,449.09,0.0,898.18,-15.35
ORD-102348,2025-01-26,2025-01-31,Standard Class,CUST-1813,Consumer,North,Manchester,Office Supplies,Binders,1,21.11,0.2,16.89,0.17
ORD-104201,2025-01-26,2025-01-28,Standard Class,CUST-2117,Consumer,South,Southampton,Office Supplies,Storage,4,7.6,0.0,30.4,3.92
ORD-105064,2025-01-26,2025-01-30,Standard Class,CUST-2116,Corporate,South,Brighton,Furniture,Tables,3,638.99,0.1,1725.27,-64.54
ORD-101434,2025-01-27,2025-02-02,Standard Class,CUST-1770,Corporate,East,Cambridge,Office Supplies,Storage,2,118.91,0.3,166.47,15.79
ORD-103038,2025-01-27,2025-01-28,Second Class,CUST-2088,Consumer,West,Cardiff,Office Supplies,Labels,3,24.56,0.1,66.31,13.42
ORD-103049,2025-01-27,2025-01-31,First Class,CUST-1266,Consumer,Central,Nottingham,Office Supplies,Storage,4,35.55,0.15,120.87,16.65
ORD-106277,2025-01-27,2025-02-03,Second Class,CUST-1423,Consumer,North,Sheffield,Office Supplies,Art,3,84.24,0.0,252.72,54.11
ORD-104984,2025-01-27,2025-01-31,Second Class,CUST-2268,Corporate,Central,Coventry,Office Supplies,Art,1,27.61,0.15,23.47,2.13
ORD-106317,2025-01-27,2025-01-31,Standard Class,CUST-1160,Consumer,North,Leeds,Office Supplies,Labels,1,7.05,0.0,7.05,1.55
ORD-102414,2025-01-27,2025-01-30,Second Class,CUST-1798,Consumer,Central,Coventry,Office Supplies,Art,2,65.84,0.2,105.34,18.96
ORD-102489,2025-01-27,2025-02-02,Standard Class,CUST-2145,Consumer,East,Peterborough,Office Supplies,Art,2,61.01,0.0,122.02,9.86
ORD-100212,2025-01-27,2025-01-31,Standard Class,CUST-1506,Corporate,West,Plymouth,Technology,Copiers,3,1125.03,0.3,2362.56,139.1
ORD-103227,2025-01-27,2025-01-29,Standard Class,CUST-2126,Consumer,West,Cardiff,Technology,Accessories,3,1137.34,0.0,3412.02,-239.9
ORD-104319,2025-01-27,2025-01-28,Standard Class,CUST-1160,Consumer,North,Manchester,Furniture,Tables,5,828.02,0.15,3519.09,-218.62
ORD-105413,2025-01-27,2025-02-03,Standard Class,CUST-1083,Consumer,Central,Birmingham,Technology,Phones,4,1734.72,0.1,6244.99,541.78
ORD-106287,2025-01-27,2025-02-02,Second Class,CUST-2446,Home Office,South,Portsmouth,Office Supplies,Binders,4,59.17,0.15,201.18,50.12
ORD-102287,2025-01-28,2025-02-02,Standard Class,CUST-2059,Consumer,South,Southampton,Office Supplies,Storage,1,5.7,0.0,5.7,0.85
ORD-102417,2025-01-28,2025-02-01,Standard Class,CUST-1104,Consumer,South,Southampton,Office Supplies,Paper,3,87.96,0.0,263.88,60.29
ORD-100885,2025-01-28,2025-02-01,Same Day,CUST-1764,Home Office,South,Reading,Office Supplies,Binders,2,4.28,0.0,8.56,2.1
ORD-100411,2025-01-28,2025-01-31,Second Class,CUST-1478,Home Office,West,Bristol,Furniture,Furnishings,3,126.54,0.0,379.62,-17.28
ORD-103577,2025-01-28,2025-01-31,Second Class,CUST-1229,Corporate,West,Plymouth,Office Supplies,Storage,2,74.27,0.0,148.54,40.3
ORD-103582,2025-01-28,2025-01-30,First Class,CUST-1245,Consumer,West,Plymouth,Office Supplies,Art,3,103.89,0.0,311.67,51.18
ORD-102526,2025-01-28,2025-01-31,Standard Class,CUST-1755,Consumer,West,Bristol,Furniture,Chairs,1,867.22,0.0,867.22,-3.98
ORD-101449,2025-01-28,2025-02-04,First Class,CUST-1646,Consumer,Central,Birmingham,Technology,Copiers,1,922.85,0.4,553.71,21.49
ORD-103232,2025-01-28,2025-01-31,Standard Class,CUST-2451,Consumer,West,Cardiff,Office Supplies,Paper,1,62.57,0.0,62.57,16.95
ORD-106252,2025-01-29,2025-02-01,Second Class,CUST-2095,Consumer,South,Brighton,Office Supplies,Art,1,42.62,0.0,42.62,3.06
ORD-104109,2025-01-29,2025-02-03,Standard Class,CUST-2432,Consumer,South,Southampton,Office Supplies,Binders,1,109.66,0.0,109.66,15.29
ORD-103661,2025-01-29,2025-02-05,First Class,CUST-1315,Consumer,South,Brighton,Furniture,Bookcases,3,388.31,0.0,1164.93,-53.11
ORD-101278,2025-01-29,2025-02-02,Standard Class,CUST-1432,Consumer,East,Peterborough,Furniture,Furnishings,3,201.71,0.0,605.13,87.11
ORD-101312,2025-01-29,2025-02-01,First Class,CUST-2466,Consumer,West,Exeter,Office Supplies,Storage,1,114.47,0.15,97.3,23.6
ORD-101989,2025-01-29,2025-02-03,First Class,CUST-2393,Consumer,North,Newcastle,Technology,Copiers,2,1783.25,0.0,3566.5,304.36
ORD-105725,2025-01-30,2025-02-03,Second Class,CUST-1027,Consumer,West,Plymouth,Technology,Phones,5,946.19,0.0,4730.95,740.25
ORD-103490,2025-01-30,2025-02-06,Standard Class,CUST-2459,Corporate,North,Newcastle,Furniture,Furnishings,3,177.5,0.2,426.0,-4.6
ORD-100477,2025-01-30,2025-02-03,Second Class,CUST-1882,Consumer,North,Manchester,Office Supplies,Paper,3,84.83,0.0,254.49,77.58
ORD-105122,2025-01-30,2025-02-05,Standard Class,CUST-2395,Corporate,West,Cardiff,Office Supplies,Binders,2,86.24,0.4,103.49,-9.32
ORD-103383,2025-01-30,2025-02-03,First Class,CUST-1593,Consumer,West,Bristol,Office Supplies,Labels,1,55.0,0.5,27.5,0.95
ORD-103139,2025-01-30,2025-02-01,Standard Class,CUST-1617,Consumer,North,Leeds,Furniture,Tables,2,332.8,0.2,532.48,-28.68
ORD-106048,2025-01-30,2025-02-03,Standard Class,CUST-2064,Consumer,East,Peterborough,Furniture,Bookcases,5,147.66,0.15,627.55,-37.35
ORD-103585,2025-01-31,2025-02-04,First Class,CUST-2387,Corporate,East,Norwich,Technology,Copiers,1,543.08,0.0,543.08,-23.57
ORD-105067,2025-01-31,2025-02-04,First Class,CUST-1055,Corporate,East,Ipswich,Office Supplies,Labels,2,83.94,0.1,151.09,16.95
ORD-101957,2025-01-31,2025-02-03,Second Class,CUST-2323,Consumer,South,Brighton,Office Supplies,Paper,1,111.57,0.15,94.83,19.04
ORD-102758,2025-01-31,2025-02-03,First Class,CUST-1144,Consumer,South,Portsmouth,Office Supplies,Art,1,58.04,0.0,58.04,11.74
ORD-100400,2025-01-31,2025-02-06,Second Class,CUST-1709,Consumer,East,Norwich,Office Supplies,Paper,2,37.87,0.15,64.38,0.42
ORD-104495,2025-01-31,2025-02-03,Standard Class,CUST-2159,Corporate,Central,Coventry,Office Supplies,Labels,2,29.73,0.4,35.68,2.6
ORD-104075,2025-01-31,2025-02-02,First Class,CUST-2019,Consumer,North,Sheffield,Furniture,Tables,1,548.05,0.2,438.44,15.7
ORD-104277,2025-01-31,2025-02-04,Second Class,CUST-2255,Consumer,North,Leeds,Office Supplies,Art,3,117.16,0.2,281.18,38.34
ORD-102264,2025-01-31,2025-02-03,First Class,CUST-2244,Home Office,West,Exeter,Office Supplies,Binders,1,13.77,0.0,13.77,2.65
ORD-101541,2025-02-01,2025-02-06,Second Class,CUST-1528,Corporate,West,Exeter,Furniture,Bookcases,3,129.2,0.0,387.6,19.31
ORD-104768,2025-02-01,2025-02-05,First Class,CUST-1306,Consumer,North,Sheffield,Office Supplies,Binders,3,38.19,0.0,114.57,18.63
ORD-106143,2025-02-01,2025-02-04,First Class,CUST-1765,Consumer,East,Peterborough,Office Supplies,Labels,4,107.85,0.1,388.26,11.29
ORD-100471,2025-02-01,2025-02-05,Standard Class,CUST-1994,Home Office,West,Cardiff,Office Supplies,Binders,1,60.56,0.1,54.5,3.35
ORD-103458,2025-02-01,2025-02-05,Standard Class,CUST-2428,Corporate,West,Plymouth,Technology,Phones,2,61.97,0.0,123.94,27.14
ORD-103529,2025-02-01,2025-02-07,Second Class,CUST-2207,Consumer,West,Bristol,Technology,Accessories,5,1045.11,0.2,4180.44,310.07
ORD-101109,2025-02-01,2025-02-05,Second Class,CUST-1464,Corporate,West,Bristol,Furniture,Furnishings,3,437.55,0.15,1115.75,-138.32
ORD-103596,2025-02-02,2025-02-05,Standard Class,CUST-1824,Corporate,East,Ipswich,Office Supplies,Paper,1,53.14,0.4,31.88,0.45
ORD-101440,2025-02-02,2025-02-05,Standard Class,CUST-1655,Home Office,West,Exeter,Office Supplies,Storage,1,114.98,0.0,114.98,36.97
ORD-100130,2025-02-02,2025-02-04,First Class,CUST-2133,Corporate,West,Exeter,Technology,Accessories,1,1555.08,0.4,933.05,-135.46
ORD-105027,2025-02-02,2025-02-08,First Class,CUST-1506,Corporate,East,Ipswich,Technology,Copiers,2,1235.14,0.0,2470.28,18.67
ORD-100300,2025-02-02,2025-02-08,Standard Class,CUST-1362,Corporate,West,Bristol,Office Supplies,Art,4,98.32,0.15,334.29,24.08
ORD-103455,2025-02-02,2025-02-07,Standard Class,CUST-2004,Consumer,Central,Nottingham,Furniture,Chairs,1,848.05,0.5,424.02,-84.75
ORD-101878,2025-02-02,2025-02-04,Standard Class,CUST-1006,Corporate,North,Sheffield,Furniture,Tables,1,853.18,0.0,853.18,64.77
ORD-104997,2025-02-02,2025-02-04,Standard Class,CUST-1200,Corporate,Central,Leicester,Furniture,Furnishings,2,764.85,0.0,1529.7,107.19
ORD-105454,2025-02-03,2025-02-06,Standard Class,CUST-1505,Home Office,South,Portsmouth,Office Supplies,Binders,3,21.51,0.15,54.85,4.09
ORD-103754,2025-02-03,2025-02-07,Standard Class,CUST-2006,Home Office,South,Brighton,Furniture,Bookcases,1,780.74,0.0,780.74,112.41
ORD-103032,2025-02-03,2025-02-07,Standard Class,CUST-1257,Consumer,East,Norwich,Furniture,Furnishings,2,567.28,0.0,1134.56,130.55
ORD-102271,2025-02-03,2025-02-05,Standard Class,CUST-2293,Consumer,West,Plymouth,Technology,Accessories,1,351.71,0.0,351.71,85.44
ORD-100765,2025-02-03,2025-02-08,Second Class,CUST-1696,Consumer,West,Plymouth,Technology,Accessories,1,747.09,0.3,522.96,-69.52
ORD-100904,2025-02-03,2025-02-06,First Class,CUST-1117,Consumer,North,Sheffield,Technology,Phones,3,1388.35,0.2,3332.04,-569.5
ORD-104217,2025-02-04,2025-02-06,First Class,CUST-1173,Consumer,East,Ipswich,Office Supplies,Paper,5,79.75,0.0,398.75,92.29
ORD-100170,2025-02-04,2025-02-09,Standard Class,CUST-1701,Consumer,West,Exeter,Office Supplies,Storage,2,47.4,0.0,94.8,15.59
ORD-102376,2025-02-04,2025-02-08,Standard Class,CUST-2421,Consumer,West,Plymouth,Technology,Copiers,4,1404.52,0.0,5618.08,-446.2
ORD-104125,2025-02-04,2025-02-08,Standard Class,CUST-1098,Corporate,South,Reading,Furniture,Tables,1,184.09,0.15,156.48,-8.55
ORD-103635,2025-02-04,2025-02-05,Standard Class,CUST-2234,Consumer,West,Exeter,Technology,Accessories,2,206.62,0.1,371.92,-33.3
ORD-105599,2025-02-04,2025-02-10,Standard Class,CUST-1009,Corporate,North,Sheffield,Technology,Phones,3,1208.33,0.15,3081.24,233.64
ORD-100514,2025-02-04,2025-02-08,Standard Class,CUST-1154,Consumer,Central,Nottingham,Technology,Phones,4,1621.79,0.2,5189.73,-736.2
ORD-104881,2025-02-05,2025-02-08,Standard Class,CUST-1683,Home Office,South,Brighton,Office Supplies,Paper,1,90.61,0.1,81.55,9.11
ORD-100004,2025-02-05,2025-02-11,Standard Class,CUST-2076,Consumer,Central,Coventry,Technology,Machines,1,602.46,0.0,602.46,5.14
ORD-101747,2025-02-05,2025-02-08,First Class,CUST-1321,Consumer,South,Southampton,Furniture,Furnishings,1,720.1,0.0,720.1,91.91
ORD-100057,2025-02-05,2025-02-08,Standard Class,CUST-1103,Corporate,South,Portsmouth,Office Supplies,Binders,1,108.25,0.0,108.25,23.06
ORD-100894,2025-02-05,2025-02-12,Standard Class,CUST-1278,Home Office,South,Portsmouth,Office Supplies,Art,1,114.03,0.1,102.63,14.45
ORD-102150,2025-02-06,2025-02-13,Standard Class,CUST-2273,Corporate,East,Cambridge,Office Supplies,Labels,2,94.04,0.0,188.08,29.54
ORD-100764,2025-02-06,2025-02-12,Standard Class,CUST-2292,Consumer,East,Norwich,Technology,Copiers,3,1096.45,0.3,2302.54,-598.64
ORD-104214,2025-02-06,2025-02-12,Standard Class,CUST-1606,Consumer,Central,Birmingham,Technology,Copiers,3,144.51,0.1,390.18,19.35
ORD-100238,2025-02-06,2025-02-10,Second Class,CUST-1507,Consumer,South,Brighton,Technology,Accessories,3,1107.76,0.0,3323.28,28.04
ORD-101126,2025-02-06,2025-02-09,Standard Class,CUST-1530,Consumer,East,Ipswich,Office Supplies,Labels,1,57.8,0.3,40.46,-0.87
ORD-103394,2025-02-06,2025-02-10,Standard Class,CUST-1799,Corporate,North,Newcastle,Technology,Phones,5,1303.48,0.0,6517.4,272.53
ORD-103010,2025-02-06,2025-02-09,Standard Class,CUST-1259,Consumer,North,Newcastle,Furniture,Chairs,2,643.09,0.5,643.09,-162.73
ORD-105189,2025-02-06,2025-02-09,Standard Class,CUST-2098,Home Office,North,Manchester,Technology,Machines,1,664.29,0.2,531.43,-65.53
ORD-104623,2025-02-07,2025-02-09,Standard Class,CUST-1727,Consumer,Central,Nottingham,Furniture,Bookcases,3,620.8,0.0,1862.4,313.5
ORD-101681,2025-02-07,2025-02-10,Standard Class,CUST-2376,Home Office,North,Leeds,Technology,Copiers,3,876.27,0.0,2628.81,273.77
ORD-102319,2025-02-07,2025-02-11,Second Class,CUST-1714,Consumer,Central,Birmingham,Office Supplies,Storage,1,69.82,0.0,69.82,14.54
ORD-102805,2025-02-07,2025-02-11,Standard Class,CUST-1611,Consumer,Central,Nottingham,Technology,Accessories,2,151.39,0.0,302.78,12.8
ORD-104249,2025-02-07,2025-02-10,Standard Class,CUST-1873,Corporate,North,Manchester,Office Supplies,Art,2,26.94,0.0,53.88,5.34
ORD-101407,2025-02-07,2025-02-11,Standard Class,CUST-1546,Consumer,West,Plymouth,Office Supplies,Binders,1,10.38,0.4,6.23,0.66
ORD-104273,2025-02-07,2025-02-11,Standard Class,CUST-1222,Consumer,South,Southampton,Technology,Accessories,1,1140.44,0.15,969.37,118.23
ORD-102100,2025-02-07,2025-02-14,Standard Class,CUST-2002,Consumer,Central,Coventry,Furniture,Chairs,3,163.58,0.0,490.74,82.02
ORD-101814,2025-02-07,2025-02-09,Second Class,CUST-1387,Consumer,North,Leeds,Technology,Phones,1,1315.81,0.2,1052.65,98.64
ORD-104498,2025-02-08,2025-02-11,Standard Class,CUST-2436,Corporate,South,Portsmouth,Furniture,Tables,2,679.34,0.0,1358.68,227.96
ORD-103188,2025-02-08,2025-02-10,Standard Class,CUST-1091,Home Office,South,Brighton,Office Supplies,Paper,1,100.97,0.0,100.97,19.49
ORD-100464,2025-02-08,2025-02-10,Second Class,CUST-1301,Corporate,East,Peterborough,Office Supplies,Labels,1,28.23,0.2,22.58,-0.11
ORD-100492,2025-02-08,2025-02-10,Standard Class,CUST-1920,Consumer,West,Plymouth,Office Supplies,Binders,2,81.23,0.0,162.46,41.39
ORD-105906,2025-02-08,2025-02-12,Standard Class,CUST-1870,Consumer,Central,Leicester,Furniture,Bookcases,2,498.14,0.15,846.84,45.6
ORD-102640,2025-02-08,2025-02-12,Standard Class,CUST-1233,Home Office,West,Cardiff,Technology,Copiers,1,1172.8,0.3,820.96,-171.82
ORD-104121,2025-02-08,2025-02-13,Standard Class,CUST-2469,Consumer,North,Sheffield,Office Supplies,Art,1,29.89,0.1,26.9,3.83
ORD-100944,2025-02-08,2025-02-12,Standard Class,CUST-1193,Consumer,North,Manchester,Technology,Phones,2,270.0,0.15,459.0,22.24
ORD-103405,2025-02-08,2025-02-12,Standard Class,CUST-1509,Consumer,East,Norwich,Technology,Copiers,3,90.05,0.2,216.12,-45.82
ORD-102092,2025-02-08,2025-02-15,Second Class,CUST-2199,Consumer,South,Portsmouth,Office Supplies,Binders,1,101.95,0.15,86.66,-2.72
ORD-102906,2025-02-09,2025-02-14,Second Class,CUST-2209,Consumer,Central,Leicester,Office Supplies,Labels,1,115.88,0.2,92.7,7.22
ORD-104847,2025-02-09,2025-02-11,First Class,CUST-1492,Consumer,East,Cambridge,Furniture,Bookcases,1,819.99,0.0,819.99,97.65
ORD-103253,2025-02-09,2025-02-12,First Class,CUST-2253,Consumer,Central,Coventry,Office Supplies,Paper,3,15.1,0.15,38.5,3.3
ORD-104222,2025-02-09,2025-02-13,Standard Class,CUST-1936,Consumer,West,Plymouth,Technology,Copiers,5,609.24,0.0,3046.2,77.09
ORD-102120,2025-02-09,2025-02-15,Standard Class,CUST-1244,Consumer,South,Brighton,Furniture,Furnishings,4,530.61,0.0,2122.44,131.63
ORD-105660,2025-02-09,2025-02-14,First Class,CUST-1872,Consumer,South,Portsmouth,Furniture,Furnishings,1,368.35,0.2,294.68,-14.38
ORD-101915,2025-02-09,2025-02-13,First Class,CUST-1863,Corporate,East,Peterborough,Technology,Machines,2,976.84,0.0,1953.68,-4.11
ORD-100462,2025-02-09,2025-02-13,First Class,CUST-2238,Consumer,North,Newcastle,Office Supplies,Art,2,15.13,0.15,25.72,1.28
ORD-105256,2025-02-10,2025-02-15,Standard Class,CUST-1816,Corporate,East,Peterborough,Technology,Copiers,1,1036.58,0.0,1036.58,304.38
ORD-103607,2025-02-10,2025-02-15,Standard Class,CUST-2333,Home Office,South,Southampton,Furniture,Furnishings,3,776.23,0.1,2095.82,-31.08
ORD-105874,2025-02-10,2025-02-16,Standard Class,CUST-2309,Home Office,East,Cambridge,Office Supplies,Storage,2,102.02,0.0,204.04,54.8
ORD-103225,2025-02-10,2025-02-14,Standard Class,CUST-1957,Consumer,Central,Birmingham,Furniture,Tables,3,194.77,0.1,525.88,26.69
ORD-103204,2025-02-10,2025-02-12,Standard Class,CUST-1057,Corporate,West,Cardiff,Furniture,Tables,2,257.88,0.1,464.18,24.82
ORD-100299,2025-02-10,2025-02-11,Same Day,CUST-1886,Corporate,East,Peterborough,Furniture,Bookcases,2,660.39,0.0,1320.78,60.84
ORD-101017,2025-02-10,2025-02-13,Standard Class,CUST-1949,Home Office,North,Sheffield,Technology,Phones,1,610.27,0.1,549.24,-42.88
ORD-104091,2025-02-10,2025-02-12,Second Class,CUST-1746,Consumer,East,Peterborough,Office Supplies,Binders,1,94.4,0.0,94.4,26.23
ORD-106218,2025-02-10,2025-02-14,Standard Class,CUST-1938,Home Office,East,Norwich,Office Supplies,Art,6,22.29,0.0,133.74,37.8
ORD-100934,2025-02-10,2025-02-12,Same Day,CUST-1458,Home Office,North,Sheffield,Technology,Copiers,2,132.29,0.2,211.66,1.28
ORD-104229,2025-02-11,2025-02-14,Same Day,CUST-1239,Consumer,East,Peterborough,Technology,Machines,6,960.05,0.0,5760.3,-149.88
ORD-104766,2025-02-11,2025-02-15,Second Class,CUST-2210,Consumer,East,Ipswich,Furniture,Chairs,1,834.65,0.1,751.18,-56.78
ORD-103570,2025-02-11,2025-02-14,Standard Class,CUST-1717,Corporate,East,Cambridge,Furniture,Tables,2,846.09,0.2,1353.74,-185.05
ORD-100021,2025-02-11,2025-02-15,First Class,CUST-1726,Corporate,East,Norwich,Furniture,Furnishings,4,343.92,0.0,1375.68,-39.05
ORD-103935,2025-02-11,2025-02-16,Standard Class,CUST-2307,Corporate,East,Norwich,Office Supplies,Art,1,86.06,0.0,86.06,8.85
ORD-106104,2025-02-11,2025-02-16,Standard Class,CUST-2345,Consumer,Central,Leicester,Technology,Machines,1,506.34,0.1,455.71,38.25
ORD-101586,2025-02-11,2025-02-13,Same Day,CUST-2496,Home Office,North,Newcastle,Technology,Phones,3,1224.57,0.15,3122.65,184.63
ORD-106273,2025-02-12,2025-02-15,First Class,CUST-1364,Consumer,West,Bristol,Technology,Accessories,3,681.53,0.4,1226.75,-249.11
ORD-104943,2025-02-12,2025-02-14,Standard Class,CUST-1107,Corporate,West,Bristol,Furniture,Tables,5,285.6,0.0,1428.0,138.32
ORD-102701,2025-02-12,2025-02-14,Same Day,CUST-1177,Corporate,West,Plymouth,Technology,Machines,5,223.7,0.0,1118.5,311.3
ORD-100560,2025-02-12,2025-02-16,Standard Class,CUST-1808,Corporate,South,Southampton,Furniture,Furnishings,2,208.19,0.2,333.1,-15.12
ORD-101757,2025-02-12,2025-02-15,Same Day,CUST-2362,Home Office,West,Exeter,Furniture,Tables,5,800.31,0.0,4001.55,122.03
ORD-104601,2025-02-12,2025-02-17,Standard Class,CUST-1503,Consumer,Central,Leicester,Technology,Machines,1,970.06,0.1,873.05,-36.77
ORD-105235,2025-02-12,2025-02-16,Standard Class,CUST-2051,Home Office,North,Newcastle,Technology,Phones,2,714.79,0.15,1215.14,175.56
ORD-103904,2025-02-13,2025-02-19,Standard Class,CUST-1776,Corporate,South,Southampton,Office Supplies,Art,2,108.66,0.0,217.32,31.31
ORD-102893,2025-02-13,2025-02-18,First Class,CUST-1579,Corporate,North,Sheffield,Office Supplies,Art,6,103.66,0.1,559.76,55.48
ORD-101045,2025-02-13,2025-02-18,First Class,CUST-1754,Consumer,East,Ipswich,Office Supplies,Labels,1,16.13,0.5,8.06,-1.34
ORD-102060,2025-02-13,2025-02-16,Standard Class,CUST-1051,Corporate,East,Cambridge,Technology,Phones,1,1057.08,0.15,898.52,67.32
ORD-102403,2025-02-13,2025-02-20,Second Class,CUST-1787,Corporate,West,Exeter,Furniture,Bookcases,2,488.78,0.4,586.54,-119.07
ORD-105283,2025-02-13,2025-02-15,First Class,CUST-1775,Home Office,Central,Nottingham,Office Supplies,Labels,1,100.18,0.1,90.16,21.17
ORD-105926,2025-02-13,2025-02-19,Second Class,CUST-1000,Corporate,Central,Coventry,Furniture,Bookcases,2,358.53,0.0,717.06,1.03
ORD-105790,2025-02-13,2025-02-16,Standard Class,CUST-1143,Consumer,South,Portsmouth,Technology,Phones,3,1249.58,0.0,3748.74,165.05
ORD-106129,2025-02-13,2025-02-17,Standard Class,CUST-1000,Consumer,East,Cambridge,Office Supplies,Labels,5,22.3,0.5,55.75,1.22
ORD-102883,2025-02-13,2025-02-17,Second Class,CUST-1539,Consumer,North,Leeds,Technology,Accessories,2,1623.68,0.2,2597.89,114.85
ORD-100744,2025-02-13,2025-02-17,Standard Class,CUST-2033,Consumer,West,Exeter,Technology,Machines,2,623.6,0.15,1060.12,113.57
ORD-104889,2025-02-14,2025-02-18,Standard Class,CUST-1334,Corporate,Central,Coventry,Technology,Phones,2,1079.12,0.1,1942.42,145.46
ORD-100060,2025-02-14,2025-02-18,First Class,CUST-1395,Consumer,East,Ipswich,Office Supplies,Art,2,49.9,0.1,89.82,24.63
ORD-101365,2025-02-14,2025-02-20,First Class,CUST-2209,Corporate,South,Reading,Furniture,Chairs,1,364.87,0.2,291.9,5.02
ORD-100227,2025-02-14,2025-02-16,Second Class,CUST-1937,Consumer,South,Portsmouth,Technology,Machines,2,290.54,0.0,581.08,38.23
ORD-104221,2025-02-14,2025-02-19,Standard Class,CUST-1936,Consumer,Central,Nottingham,Technology,Machines,5,1770.51,0.3,6196.78,-1246.5
ORD-105870,2025-02-14,2025-02-18,Second Class,CUST-1817,Consumer,West,Cardiff,Office Supplies,Paper,2,108.85,0.0,217.7,17.59
ORD-103826,2025-02-15,2025-02-19,Standard Class,CUST-1532,Home Office,North,Manchester,Technology,Copiers,6,1697.63,0.5,5092.89,-1830.86
ORD-105356,2025-02-15,2025-02-18,Standard Class,CUST-2422,Consumer,East,Cambridge,Office Supplies,Binders,2,64.28,0.0,128.56,26.58
ORD-101002,2025-02-15,2025-02-18,Standard Class,CUST-1388,Home Office,North,Leeds,Technology,Machines,4,506.88,0.0,2027.52,484.81
ORD-104891,2025-02-15,2025-02-16,Standard Class,CUST-1309,Consumer,North,Manchester,Furniture,Chairs,3,187.37,0.2,449.69,20.4
ORD-101794,2025-02-15,2025-02-17,Standard Class,CUST-1715,Consumer,North,Newcastle,Office Supplies,Storage,3,107.65,0.2,258.36,1.5
ORD-103874,2025-02-15,2025-02-19,Standard Class,CUST-1428,Corporate,East,Ipswich,Technology,Phones,1,1708.88,0.0,1708.88,400.12
ORD-101189,2025-02-15,2025-02-20,Second Class,CUST-1948,Corporate,North,Newcastle,Technology,Phones,1,1757.81,0.1,1582.03,-216.65
ORD-104892,2025-02-16,2025-02-19,Standard Class,CUST-1044,Corporate,North,Newcastle,Technology,Copiers,2,677.55,0.4,813.06,-174.21
ORD-106135,2025-02-16,2025-02-19,Second Class,CUST-1479,Consumer,West,Plymouth,Technology,Phones,4,1403.63,0.1,5053.07,556.64
ORD-101879,2025-02-16,2025-02-19,Standard Class,CUST-1239,Consumer,Central,Leicester,Office Supplies,Art,1,111.58,0.0,111.58,35.13
ORD-105166,2025-02-16,2025-02-17,Standard Class,CUST-1981,Consumer,East,Peterborough,Furniture,Furnishings,5,465.13,0.0,2325.65,-56.06
ORD-104339,2025-02-16,2025-02-20,First Class,CUST-2396,Consumer,West,Exeter,Technology,Accessories,2,1772.78,0.1,3191.0,342.5
ORD-103401,2025-02-16,2025-02-18,First Class,CUST-2250,Consumer,West,Exeter,Furniture,Chairs,3,535.78,0.15,1366.24,-23.87
ORD-104838,2025-02-17,2025-02-23,Same Day,CUST-1310,Corporate,East,Norwich,Office Supplies,Binders,4,53.43,0.0,213.72,13.04
ORD-104352,2025-02-17,2025-02-20,Standard Class,CUST-1329,Consumer,West,Bristol,Office Supplies,Binders,1,69.97,0.5,34.98,-0.83
ORD-106081,2025-02-17,2025-02-21,Standard Class,CUST-1251,Home Office,East,Peterborough,Furniture,Bookcases,3,342.0,0.15,872.1,38.21
ORD-104648,2025-02-17,2025-02-22,Standard Class,CUST-2238,Home Office,North,Leeds,Furniture,Tables,1,473.02,0.2,378.42,-10.51
ORD-103074,2025-02-17,2025-02-20,Standard Class,CUST-2295,Consumer,East,Norwich,Technology,Accessories,1,240.84,0.2,192.67,11.08
ORD-100112,2025-02-17,2025-02-21,Second Class,CUST-2092,Home Office,Central,Nottingham,Technology,Machines,3,407.82,0.15,1039.94,-33.75
ORD-100956,2025-02-17,2025-02-21,Standard Class,CUST-1125,Home Office,Central,Coventry,Technology,Copiers,3,1115.7,0.15,2845.03,-140.86
ORD-103628,2025-02-17,2025-02-21,Standard Class,CUST-1582,Corporate,North,Leeds,Office Supplies,Labels,1,66.27,0.4,39.76,-7.23
ORD-101455,2025-02-17,2025-02-19,Standard Class,CUST-1178,Consumer,West,Cardiff,Furniture,Tables,3,242.63,0.0,727.89,9.66
ORD-102960,2025-02-17,2025-02-21,Same Day,CUST-1288,Consumer,East,Cambridge,Office Supplies,Art,2,76.19,0.0,152.38,46.59
ORD-103030,2025-02-18,2025-02-22,Standard Class,CUST-1883,Consumer,South,Southampton,Office Supplies,Labels,6,104.96,0.4,377.86,9.26
ORD-101327,2025-02-18,2025-02-21,Standard Class,CUST-1072,Consumer,East,Cambridge,Technology,Machines,2,35.97,0.1,64.75,-1.02
ORD-101577,2025-02-18,2025-02-23,First Class,CUST-2491,Consumer,West,Cardiff,Technology,Phones,2,1025.78,0.0,2051.56,546.42
ORD-100014,2025-02-18,2025-02-21,Standard Class,CUST-1008,Corporate,West,Exeter,Technology,Copiers,1,1617.56,0.3,1132.29,-30.3
ORD-103653,2025-02-18,2025-02-23,Standard Class,CUST-1343,Corporate,Central,Nottingham,Office Supplies,Binders,3,107.67,0.15,274.56,-10.36
ORD-106410,2025-02-18,2025-02-21,First Class,CUST-1418,Consumer,North,Manchester,Technology,Machines,2,80.27,0.4,96.32,-11.44
ORD-100869,2025-02-18,2025-02-23,Second Class,CUST-1303,Consumer,East,Peterborough,Office Supplies,Storage,1,77.89,0.15,66.21,0.4
ORD-102595,2025-02-18,2025-02-19,First Class,CUST-2437,Consumer,South,Brighton,Office Supplies,Art,1,54.58,0.0,54.58,15.35
ORD-102729,2025-02-18,2025-02-22,Standard Class,CUST-2088,Consumer,North,Leeds,Technology,Copiers,4,1120.66,0.0,4482.64,997.49
ORD-102361,2025-02-19,2025-02-22,Standard Class,CUST-2414,Corporate,West,Plymouth,Technology,Accessories,1,674.98,0.4,404.99,-51.88
ORD-104505,2025-02-19,2025-02-20,Second Class,CUST-1388,Corporate,South,Portsmouth,Technology,Machines,1,1738.32,0.0,1738.32,-55.56
ORD-102869,2025-02-19,2025-02-21,First Class,CUST-2439,Home Office,North,Leeds,Furniture,Bookcases,5,165.65,0.0,828.25,-21.27
ORD-103996,2025-02-19,2025-02-24,First Class,CUST-2106,Home Office,Central,Nottingham,Office Supplies,Art,4,75.67,0.15,257.28,51.87
ORD-101669,2025-02-19,2025-02-21,First Class,CUST-1185,Corporate,North,Newcastle,Office Supplies,Storage,1,96.58,0.0,96.58,9.45
ORD-103210,2025-02-19,2025-02-23,First Class,CUST-1066,Home Office,South,Brighton,Office Supplies,Binders,5,10.12,0.15,43.01,1.83
ORD-106322,2025-02-19,2025-02-24,First Class,CUST-1409,Consumer,North,Manchester,Furniture,Bookcases,3,803.15,0.0,2409.45,389.85
ORD-102657,2025-02-19,2025-02-25,First Class,CUST-2205,Home Office,West,Bristol,Furniture,Furnishings,1,649.05,0.0,649.05,21.93
ORD-100190,2025-02-19,2025-02-21,Standard Class,CUST-1865,Home Office,East,Ipswich,Furniture,Furnishings,1,549.71,0.5,274.86,-86.69
ORD-103819,2025-02-19,2025-02-23,Second Class,CUST-1572,Consumer,South,Brighton,Furniture,Bookcases,1,268.11,0.0,268.11,10.94
ORD-105688,2025-02-20,2025-02-24,First Class,CUST-1527,Corporate,South,Brighton,Furniture,Tables,3,631.08,0.0,1893.24,-6.06
ORD-103526,2025-02-20,2025-02-21,First Class,CUST-1257,Consumer,South,Southampton,Furniture,Tables,1,638.73,0.2,510.98,-71.5
ORD-102864,2025-02-20,2025-02-24,First Class,CUST-1215,Corporate,East,Norwich,Technology,Phones,3,1048.07,0.15,2672.58,10.81
ORD-104640,2025-02-20,2025-02-22,Standard Class,CUST-1823,Consumer,North,Newcastle,Technology,Accessories,1,653.91,0.0,653.91,149.87
ORD-102024,2025-02-20,2025-02-26,Standard Class,CUST-1029,Consumer,East,Norwich,Office Supplies,Art,4,29.05,0.0,116.2,23.28
ORD-103500,2025-02-20,2025-02-24,Standard Class,CUST-2400,Corporate,East,Peterborough,Technology,Copiers,2,461.94,0.2,739.1,26.45
ORD-106264,2025-02-21,2025-02-26,Standard Class,CUST-2122,Consumer,West,Plymouth,Furniture,Tables,2,203.73,0.1,366.71,-35.04
ORD-102573,2025-02-21,2025-02-28,Standard Class,CUST-1540,Consumer,South,Brighton,Technology,Phones,1,674.2,0.4,404.52,-93.13
ORD-106330,2025-02-21,2025-02-24,Same Day,CUST-1198,Corporate,East,Norwich,Technology,Machines,3,1251.59,0.3,2628.34,223.96
ORD-100537,2025-02-21,2025-02-23,Standard Class,CUST-2488,Consumer,North,Leeds,Office Supplies,Binders,1,78.27,0.0,78.27,5.14
ORD-101880,2025-02-21,2025-02-25,Standard Class,CUST-1833,Consumer,West,Cardiff,Technology,Machines,1,787.99,0.15,669.79,116.24
ORD-104520,2025-02-21,2025-02-24,Standard Class,CUST-1946,Corporate,South,Brighton,Technology,Machines,3,1725.54,0.2,4141.3,-421.05
ORD-106109,2025-02-21,2025-02-25,Standard Class,CUST-1688,Consumer,West,Cardiff,Technology,Accessories,2,207.54,0.0,415.08,38.95
ORD-102779,2025-02-21,2025-02-25,Standard Class,CUST-1048,Consumer,Central,Leicester,Furniture,Bookcases,3,88.12,0.15,224.71,-8.98
ORD-102005,2025-02-21,2025-02-24,Second Class,CUST-1934,Corporate,East,Cambridge,Technology,Accessories,1,836.79,0.15,711.27,-50.93
ORD-100490,2025-02-22,2025-02-27,Second Class,CUST-1674,Corporate,Central,Coventry,Technology,Copiers,2,56.44,0.15,95.95,-17.4
ORD-103785,2025-02-22,2025-02-24,Standard Class,CUST-2337,Consumer,West,Bristol,Office Supplies,Storage,2,22.48,0.0,44.96,6.52
ORD-101115,2025-02-22,2025-02-25,Second Class,CUST-1994,Corporate,Central,Coventry,Furniture,Chairs,4,123.54,0.1,444.74,52.27
ORD-102357,2025-02-22,2025-02-23,First Class,CUST-1337,Home Office,East,Peterborough,Technology,Accessories,2,64.04,0.0,128.08,-1.09
ORD-104820,2025-02-22,2025-02-26,Standard Class,CUST-2161,Home Office,West,Cardiff,Furniture,Chairs,1,152.63,0.0,152.63,19.49
ORD-105934,2025-02-23,2025-02-27,Standard Class,CUST-2124,Corporate,South,Brighton,Technology,Copiers,1,1345.71,0.0,1345.71,-92.58
ORD-101248,2025-02-23,2025-02-26,Standard Class,CUST-2182,Home Office,South,Southampton,Technology,Machines,4,1170.75,0.4,2809.8,-639.13
ORD-105947,2025-02-23,2025-02-26,Standard Class,CUST-1720,Corporate,South,Reading,Furniture,Chairs,2,378.75,0.5,378.75,-81.04
ORD-105837,2025-02-23,2025-02-28,Standard Class,CUST-2206,Consumer,Central,Leicester,Office Supplies,Binders,3,15.63,0.1,42.2,7.63
ORD-103606,2025-02-23,2025-02-25,Standard Class,CUST-1012,Home Office,East,Peterborough,Furniture,Tables,1,410.33,0.0,410.33,-11.61
ORD-106030,2025-02-23,2025-03-01,Second Class,CUST-2360,Consumer,East,Peterborough,Office Supplies,Binders,2,88.56,0.4,106.27,-8.3
ORD-103287,2025-02-23,2025-02-25,Same Day,CUST-2140,Consumer,East,Ipswich,Furniture,Tables,1,262.54,0.1,236.29,15.1
ORD-104070,2025-02-23,2025-02-28,Standard Class,CUST-2069,Corporate,West,Cardiff,Office Supplies,Paper,3,47.8,0.0,143.4,34.16
ORD-100245,2025-02-23,2025-02-25,Standard Class,CUST-1087,Corporate,West,Exeter,Technology,Accessories,1,1072.66,0.1,965.39,26.85
ORD-101631,2025-02-23,2025-02-25,Second Class,CUST-2321,Consumer,East,Norwich,Technology,Phones,2,1775.59,0.5,1775.59,-92.67
ORD-101108,2025-02-23,2025-02-26,Standard Class,CUST-1243,Consumer,North,Newcastle,Furniture,Bookcases,2,707.17,0.2,1131.47,-10.51
ORD-101724,2025-02-23,2025-02-25,Second Class,CUST-1637,Consumer,West,Exeter,Technology,Phones,1,1145.46,0.0,1145.46,237.76
ORD-102008,2025-02-23,2025-02-25,Standard Class,CUST-2128,Consumer,North,Manchester,Technology,Copiers,2,246.62,0.2,394.59,33.06
ORD-101223,2025-02-23,2025-02-26,Standard Class,CUST-1132,Consumer,North,Sheffield,Office Supplies,Binders,1,18.94,0.0,18.94,4.54
ORD-104895,2025-02-23,2025-03-01,Standard Class,CUST-1047,Home Office,East,Norwich,Furniture,Tables,2,749.56,0.2,1199.3,-14.94
ORD-102759,2025-02-23,2025-02-26,Standard Class,CUST-2436,Consumer,North,Newcastle,Furniture,Tables,1,592.21,0.15,503.38,-3.72
ORD-100342,2025-02-23,2025-03-02,Standard Class,CUST-2178,Consumer,West,Plymouth,Furniture,Tables,1,63.52,0.15,53.99,0.41
ORD-100907,2025-02-23,2025-02-27,First Class,CUST-1865,Consumer,North,Manchester,Technology,Machines,1,415.15,0.0,415.15,60.92
ORD-100410,2025-02-23,2025-02-28,First Class,CUST-1452,Consumer,East,Ipswich,Furniture,Chairs,1,890.02,0.1,801.02,-55.1
ORD-105261,2025-02-24,2025-02-28,First Class,CUST-2314,Consumer,North,Leeds,Technology,Accessories,1,1081.51,0.2,865.21,56.72
ORD-100224,2025-02-24,2025-02-26,Standard Class,CUST-1627,Corporate,West,Plymouth,Office Supplies,Paper,4,63.33,0.1,227.99,0.83
ORD-103522,2025-02-24,2025-02-27,Standard Class,CUST-2260,Home Office,North,Manchester,Office Supplies,Storage,3,104.33,0.1,281.69,77.77
ORD-103480,2025-02-24,2025-02-27,Standard Class,CUST-2308,Corporate,West,Cardiff,Technology,Phones,4,1584.18,0.1,5703.05,-853.19
ORD-103101,2025-02-24,2025-02-27,First Class,CUST-1255,Corporate,North,Manchester,Office Supplies,Labels,1,77.35,0.0,77.35,26.37
ORD-103686,2025-02-24,2025-02-28,First Class,CUST-1227,Consumer,West,Exeter,Office Supplies,Binders,1,12.36,0.5,6.18,0.13
ORD-101833,2025-02-24,2025-02-26,Same Day,CUST-1732,Consumer,North,Manchester,Technology,Phones,3,1373.62,0.0,4120.86,367.75
ORD-105233,2025-02-25,2025-02-28,Second Class,CUST-2270,Consumer,Central,Leicester,Furniture,Chairs,2,703.57,0.2,1125.71,-7.92
ORD-104040,2025-02-25,2025-02-28,First Class,CUST-1717,Consumer,North,Newcastle,Office Supplies,Storage,1,99.73,0.3,69.81,-7.86
ORD-104101,2025-02-25,2025-03-02,Second Class,CUST-1017,Consumer,South,Portsmouth,Office Supplies,Labels,1,61.73,0.15,52.47,-1.23
ORD-102803,2025-02-25,2025-03-03,Second Class,CUST-1130,Corporate,East,Ipswich,Office Supplies,Storage,4,80.16,0.5,160.32,-0.65
ORD-103163,2025-02-25,2025-02-27,Second Class,CUST-1168,Corporate,South,Reading,Furniture,Tables,3,147.49,0.0,442.47,29.5
ORD-100805,2025-02-25,2025-03-03,Standard Class,CUST-2115,Consumer,Central,Leicester,Technology,Phones,4,675.1,0.15,2295.34,120.57
ORD-104588,2025-02-25,2025-03-02,Standard Class,CUST-2257,Consumer,South,Portsmouth,Office Supplies,Art,1,119.31,0.0,119.31,13.31
ORD-103557,2025-02-25,2025-02-26,Standard Class,CUST-1848,Consumer,West,Exeter,Technology,Phones,2,1415.71,0.0,2831.42,453.3
ORD-106165,2025-02-26,2025-03-01,Standard Class,CUST-1516,Home Office,West,Bristol,Furniture,Furnishings,4,282.96,0.15,962.06,-80.76
ORD-105497,2025-02-26,2025-03-01,Standard Class,CUST-1880,Consumer,South,Portsmouth,Office Supplies,Art,1,112.82,0.15,95.9,-3.56
ORD-100959,2025-02-26,2025-03-05,Standard Class,CUST-1241,Home Office,South,Portsmouth,Office Supplies,Binders,3,17.05,0.0,51.15,3.35
ORD-100776,2025-02-26,2025-03-04,Standard Class,CUST-1028,Consumer,Central,Nottingham,Furniture,Bookcases,4,438.32,0.0,1753.28,102.31
ORD-104032,2025-02-26,2025-03-02,First Class,CUST-1395,Home Office,Central,Nottingham,Office Supplies,Storage,5,14.26,0.4,42.78,-1.16
ORD-100897,2025-02-26,2025-03-03,Standard Class,CUST-1368,Consumer,West,Cardiff,Furniture,Tables,2,487.74,0.4,585.29,-95.94
ORD-105159,2025-02-26,2025-03-05,Second Class,CUST-2148,Consumer,North,Sheffield,Technology,Machines,2,636.01,0.1,1144.82,162.53
ORD-100620,2025-02-26,2025-03-02,First Class,CUST-1298,Consumer,North,Manchester,Office Supplies,Labels,6,77.53,0.0,465.18,149.67
ORD-104628,2025-02-26,2025-03-02,Standard Class,CUST-2080,Corporate,Central,Nottingham,Furniture,Bookcases,5,812.58,0.2,3250.32,-456.95
ORD-104841,2025-02-27,2025-03-04,Standard Class,CUST-1822,Home Office,South,Brighton,Office Supplies,Binders,1,110.69,0.1,99.62,12.67
ORD-105492,2025-02-27,2025-03-03,Standard Class,CUST-2018,Consumer,West,Plymouth,Technology,Copiers,5,486.22,0.1,2187.99,-23.96
ORD-104960,2025-02-27,2025-03-02,Standard Class,CUST-1036,Consumer,East,Ipswich,Office Supplies,Paper,2,105.69,0.0,211.38,39.15
ORD-105344,2025-02-27,2025-03-04,Standard Class,CUST-1378,Corporate,North,Newcastle,Office Supplies,Storage,1,75.5,0.2,60.4,-2.27
ORD-106028,2025-02-27,2025-03-03,Second Class,CUST-2445,Home Office,West,Plymouth,Office Supplies,Labels,3,111.5,0.0,334.5,76.4
ORD-102480,2025-02-27,2025-03-03,Standard Class,CUST-1800,Consumer,West,Cardiff,Office Supplies,Storage,5,65.95,0.0,329.75,51.51
ORD-105264,2025-02-27,2025-03-02,Standard Class,CUST-1560,Home Office,West,Bristol,Technology,Copiers,2,632.36,0.0,1264.72,10.26
ORD-103306,2025-02-27,2025-02-28,Standard Class,CUST-2224,Consumer,East,Ipswich,Furniture,Furnishings,1,347.81,0.5,173.91,-23.18
ORD-104884,2025-02-28,2025-03-02,Standard Class,CUST-1424,Corporate,West,Plymouth,Office Supplies,Labels,2,78.06,0.2,124.9,-5.81
ORD-106456,2025-02-28,2025-03-02,Standard Class,CUST-1052,Consumer,North,Sheffield,Office Supplies,Binders,1,86.27,0.0,86.27,16.47
ORD-102661,2025-02-28,2025-03-04,Standard Class,CUST-1499,Consumer,Central,Leicester,Office Supplies,Paper,3,29.58,0.0,88.74,23.15
ORD-100153,2025-03-01,2025-03-04,First Class,CUST-1930,Consumer,South,Reading,Furniture,Chairs,3,590.18,0.0,1770.54,279.57
ORD-103809,2025-03-01,2025-03-03,Standard Class,CUST-2377,Consumer,East,Ipswich,Technology,Phones,1,107.87,0.3,75.51,-8.74
ORD-105015,2025-03-01,2025-03-07,Second Class,CUST-2446,Consumer,East,Cambridge,Technology,Phones,1,254.25,0.0,254.25,1.64
ORD-104850,2025-03-02,2025-03-06,Standard Class,CUST-1035,Home Office,North,Sheffield,Office Supplies,Labels,2,90.71,0.0,181.42,47.26
ORD-104859,2025-03-02,2025-03-06,Standard Class,CUST-1303,Home Office,West,Bristol,Office Supplies,Art,2,43.72,0.0,87.44,17.32
ORD-103239,2025-03-02,2025-03-05,First Class,CUST-1916,Consumer,South,Brighton,Office Supplies,Storage,1,111.99,0.15,95.19,6.03
ORD-103128,2025-03-02,2025-03-06,Second Class,CUST-1684,Corporate,North,Sheffield,Furniture,Tables,3,746.7,0.0,2240.1,386.27
ORD-102382,2025-03-02,2025-03-09,Second Class,CUST-1181,Consumer,West,Plymouth,Office Supplies,Art,4,31.62,0.15,107.51,-1.24
ORD-102983,2025-03-02,2025-03-06,Standard Class,CUST-1400,Consumer,Central,Birmingham,Office Supplies,Storage,3,39.88,0.0,119.64,38.02
ORD-104737,2025-03-03,2025-03-05,Standard Class,CUST-1822,Home Office,West,Exeter,Office Supplies,Art,2,21.69,0.0,43.38,3.9
ORD-102291,2025-03-03,2025-03-07,Standard Class,CUST-2158,Home Office,West,Bristol,Furniture,Chairs,3,283.29,0.2,679.9,34.05
ORD-106370,2025-03-03,2025-03-10,Standard Class,CUST-1918,Corporate,West,Bristol,Office Supplies,Art,4,112.17,0.0,448.68,144.31
ORD-105732,2025-03-04,2025-03-10,Standard Class,CUST-1907,Consumer,West,Plymouth,Furniture,Tables,2,384.45,0.15,653.56,-24.5
ORD-102211,2025-03-04,2025-03-08,Second Class,CUST-2262,Corporate,East,Ipswich,Office Supplies,Labels,5,41.49,0.0,207.45,35.44
ORD-100066,2025-03-04,2025-03-09,Standard Class,CUST-2287,Corporate,East,Norwich,Technology,Machines,2,907.2,0.2,1451.52,-259.54
ORD-105768,2025-03-04,2025-03-10,Standard Class,CUST-1121,Consumer,South,Portsmouth,Furniture,Chairs,2,441.2,0.2,705.92,-7.04
ORD-102355,2025-03-04,2025-03-09,Second Class,CUST-1428,Consumer,East,Norwich,Office Supplies,Paper,1,95.37,0.1,85.83,2.42
ORD-102149,2025-03-04,2025-03-10,Standard Class,CUST-1053,Corporate,West,Plymouth,Furniture,Bookcases,5,746.6,0.15,3173.05,167.64
ORD-105928,2025-03-04,2025-03-06,Standard Class,CUST-1614,Corporate,West,Cardiff,Technology,Machines,2,379.05,0.2,606.48,91.0
ORD-104708,2025-03-04,2025-03-06,Same Day,CUST-1046,Consumer,West,Cardiff,Office Supplies,Art,1,89.34,0.1,80.41,14.08
ORD-100696,2025-03-05,2025-03-08,Standard Class,CUST-1292,Consumer,Central,Coventry,Technology,Phones,1,1487.77,0.0,1487.77,187.35
ORD-104901,2025-03-05,2025-03-07,Standard Class,CUST-1346,Consumer,North,Sheffield,Technology,Accessories,1,43.26,0.0,43.26,6.89
ORD-102840,2025-03-05,2025-03-07,Second Class,CUST-1053,Consumer,South,Reading,Technology,Copiers,2,59.1,0.0,118.2,-1.53
ORD-105849,2025-03-05,2025-03-08,Standard Class,CUST-1732,Consumer,East,Cambridge,Furniture,Furnishings,1,181.51,0.1,163.36,7.19
ORD-102961,2025-03-06,2025-03-10,First Class,CUST-2083,Consumer,South,Reading,Technology,Phones,3,652.82,0.1,1762.61,173.08
ORD-103703,2025-03-06,2025-03-10,Standard Class,CUST-1613,Corporate,North,Sheffield,Technology,Accessories,4,1337.21,0.0,5348.84,811.93
ORD-101282,2025-03-06,2025-03-09,Standard Class,CUST-2037,Consumer,East,Norwich,Furniture,Chairs,2,868.07,0.1,1562.53,26.92
ORD-100122,2025-03-07,2025-03-10,Standard Class,CUST-2397,Corporate,North,Newcastle,Furniture,Tables,1,290.61,0.1,261.55,11.89
ORD-105164,2025-03-07,2025-03-10,First Class,CUST-2491,Consumer,Central,Nottingham,Office Supplies,Labels,3,75.06,0.3,157.63,0.57
ORD-105687,2025-03-07,2025-03-12,Second Class,CUST-1126,Consumer,Central,Leicester,Office Supplies,Labels,4,104.7,0.1,376.92,77.4
ORD-101772,2025-03-07,2025-03-11,Standard Class,CUST-1815,Home Office,West,Exeter,Office Supplies,Storage,2,68.32,0.15,116.14,-3.6
ORD-105548,2025-03-07,2025-03-12,Standard Class,CUST-1311,Corporate,West,Bristol,Office Supplies,Storage,1,99.83,0.0,99.83,10.46
ORD-100439,2025-03-07,2025-03-12,Standard Class,CUST-2412,Consumer,South,Southampton,Office Supplies,Storage,3,76.2,0.1,205.74,43.72
ORD-104407,2025-03-08,2025-03-10,Second Class,CUST-1569,Home Office,North,Sheffield,Office Supplies,Storage,1,40.18,0.15,34.15,0.38
ORD-105727,2025-03-08,2025-03-11,Second Class,CUST-1852,Consumer,Central,Nottingham,Office Supplies,Labels,1,39.24,0.2,31.39,3.31
ORD-105691,2025-03-08,2025-03-13,Second Class,CUST-2334,Corporate,North,Leeds,Office Supplies,Paper,1,119.05,0.0,119.05,32.77
ORD-105581,2025-03-08,2025-03-09,Second Class,CUST-1809,Consumer,West,Bristol,Office Supplies,Art,1,20.28,0.2,16.22,2.14
ORD-103428,2025-03-08,2025-03-13,Second Class,CUST-1178,Consumer,North,Sheffield,Office Supplies,Art,3,67.56,0.0,202.68,39.46
ORD-104055,2025-03-08,2025-03-10,Standard Class,CUST-1391,Consumer,West,Plymouth,Technology,Phones,1,1390.29,0.0,1390.29,331.36
ORD-102999,2025-03-08,2025-03-13,Standard Class,CUST-1575,Corporate,Central,Leicester,Office Supplies,Labels,1,67.15,0.5,33.58,-2.04
ORD-102145,2025-03-08,2025-03-14,Second Class,CUST-1377,Home Office,West,Bristol,Furniture,Furnishings,1,336.43,0.1,302.79,10.0
ORD-102956,2025-03-08,2025-03-14,Standard Class,CUST-1832,Home Office,East,Peterborough,Office Supplies,Storage,1,49.08,0.3,34.36,5.09
ORD-102378,2025-03-08,2025-03-11,First Class,CUST-2234,Consumer,East,Norwich,Furniture,Bookcases,3,339.56,0.3,713.08,-134.01
ORD-103370,2025-03-08,2025-03-11,Standard Class,CUST-2381,Corporate,North,Newcastle,Technology,Copiers,4,1433.9,0.1,5162.04,1041.96
ORD-105672,2025-03-08,2025-03-11,Standard Class,CUST-1045,Consumer,South,Reading,Office Supplies,Paper,1,34.58,0.3,24.21,0.06
ORD-104215,2025-03-08,2025-03-12,Second Class,CUST-1395,Consumer,West,Plymouth,Technology,Copiers,1,1247.37,0.1,1122.63,-25.94
ORD-103587,2025-03-09,2025-03-10,Standard Class,CUST-1563,Consumer,West,Plymouth,Technology,Machines,3,360.41,0.2,864.98,-121.6
ORD-100709,2025-03-09,2025-03-13,First Class,CUST-1159,Home Office,East,Norwich,Office Supplies,Art,4,107.03,0.1,385.31,72.14
ORD-100946,2025-03-09,2025-03-15,Standard Class,CUST-1626,Corporate,North,Sheffield,Technology,Machines,3,885.48,0.0,2656.44,29.67
ORD-106420,2025-03-09,2025-03-13,Standard Class,CUST-1714,Consumer,West,Plymouth,Furniture,Bookcases,1,194.32,0.0,194.32,34.55
ORD-100569,2025-03-09,2025-03-11,First Class,CUST-1045,Consumer,East,Peterborough,Office Supplies,Binders,4,37.82,0.2,121.02,-7.34
ORD-105855,2025-03-09,2025-03-12,First Class,CUST-1703,Home Office,Central,Nottingham,Furniture,Tables,4,671.82,0.15,2284.19,-127.07
ORD-104599,2025-03-09,2025-03-12,Second Class,CUST-1989,Consumer,West,Exeter,Furniture,Bookcases,4,163.02,0.0,652.08,57.14
ORD-103153,2025-03-10,2025-03-11,Standard Class,CUST-1369,Corporate,West,Exeter,Furniture,Furnishings,1,185.45,0.0,185.45,13.73
ORD-103986,2025-03-10,2025-03-14,Standard Class,CUST-1509,Corporate,North,Leeds,Technology,Machines,3,1614.84,0.0,4844.52,1413.98
ORD-101943,2025-03-10,2025-03-12,Standard Class,CUST-1079,Home Office,South,Brighton,Furniture,Furnishings,2,247.78,0.0,495.56,-22.31
ORD-104917,2025-03-10,2025-03-13,Standard Class,CUST-1010,Consumer,Central,Coventry,Office Supplies,Art,2,101.87,0.2,162.99,10.56
ORD-101610,2025-03-11,2025-03-14,Same Day,CUST-1367,Consumer,Central,Coventry,Office Supplies,Storage,4,66.29,0.1,238.64,44.1
ORD-100162,2025-03-11,2025-03-14,Standard Class,CUST-1904,Consumer,North,Manchester,Technology,Copiers,2,1369.53,0.0,2739.06,68.31
ORD-100148,2025-03-12,2025-03-15,Standard Class,CUST-2492,Home Office,North,Newcastle,Office Supplies,Storage,2,87.48,0.3,122.47,5.87
ORD-103311,2025-03-12,2025-03-18,Standard Class,CUST-1429,Corporate,East,Cambridge,Furniture,Chairs,3,597.71,0.0,1793.13,201.06
ORD-106108,2025-03-12,2025-03-16,Second Class,CUST-1341,Consumer,Central,Nottingham,Office Supplies,Art,1,14.74,0.0,14.74,1.27
ORD-101018,2025-03-12,2025-03-17,Standard Class,CUST-2455,Home Office,East,Ipswich,Furniture,Bookcases,1,501.53,0.0,501.53,25.27
ORD-100947,2025-03-12,2025-03-14,First Class,CUST-1515,Consumer,West,Bristol,Office Supplies,Art,1,33.01,0.0,33.01,11.21
ORD-104384,2025-03-12,2025-03-14,Second Class,CUST-1131,Consumer,Central,Coventry,Office Supplies,Paper,2,85.75,0.0,171.5,51.6
ORD-102159,2025-03-12,2025-03-18,Standard Class,CUST-2205,Corporate,West,Plymouth,Furniture,Tables,4,828.24,0.0,3312.96,372.19
ORD-100654,2025-03-12,2025-03-17,Standard Class,CUST-1299,Home Office,Central,Coventry,Office Supplies,Art,1,3.19,0.1,2.87,0.27
ORD-101680,2025-03-12,2025-03-15,First Class,CUST-1795,Consumer,Central,Birmingham,Technology,Copiers,2,1281.45,0.0,2562.9,473.61
ORD-105510,2025-03-12,2025-03-14,First Class,CUST-1953,Consumer,East,Ipswich,Technology,Machines,3,1704.16,0.1,4601.23,-155.43
ORD-104067,2025-03-13,2025-03-14,Standard Class,CUST-1370,Consumer,Central,Nottingham,Office Supplies,Art,2,99.14,0.15,168.54,-3.16
ORD-102335,2025-03-13,2025-03-17,Standard Class,CUST-1983,Consumer,North,Sheffield,Furniture,Bookcases,3,769.9,0.3,1616.79,-199.85
ORD-100788,2025-03-13,2025-03-19,First Class,CUST-2455,Home Office,South,Reading,Technology,Copiers,4,877.45,0.0,3509.8,319.38
ORD-105699,2025-03-13,2025-03-18,Second Class,CUST-2098,Corporate,South,Southampton,Office Supplies,Binders,1,53.7,0.1,48.33,5.59
ORD-101377,2025-03-13,2025-03-16,Standard Class,CUST-1405,Consumer,North,Sheffield,Office Supplies,Art,2,16.78,0.0,33.56,8.98
ORD-100622,2025-03-13,2025-03-15,Same Day,CUST-1664,Corporate,West,Bristol,Furniture,Tables,3,278.02,0.0,834.06,93.6
ORD-104680,2025-03-13,2025-03-19,Standard Class,CUST-2222,Consumer,Central,Nottingham,Office Supplies,Storage,4,16.88,0.15,57.39,3.41
ORD-100296,2025-03-13,2025-03-18,Standard Class,CUST-1760,Consumer,North,Leeds,Office Supplies,Paper,3,56.58,0.0,169.74,39.75
ORD-101416,2025-03-13,2025-03-18,Standard Class,CUST-1241,Consumer,West,Cardiff,Office Supplies,Storage,5,87.57,0.2,350.28,4.62
ORD-100783,2025-03-14,2025-03-18,Standard Class,CUST-2104,Consumer,East,Ipswich,Technology,Accessories,3,1386.3,0.1,3743.01,-573.56
ORD-100536,2025-03-14,2025-03-20,Standard Class,CUST-2293,Home Office,North,Leeds,Furniture,Chairs,3,488.97,0.1,1320.22,108.29
ORD-103183,2025-03-14,2025-03-20,Standard Class,CUST-1933,Consumer,South,Reading,Technology,Phones,3,913.27,0.15,2328.84,-131.5
ORD-103759,2025-03-14,2025-03-15,Standard Class,CUST-1849,Home Office,West,Cardiff,Office Supplies,Labels,3,99.16,0.4,178.49,-0.52
ORD-100279,2025-03-14,2025-03-17,Standard Class,CUST-2095,Home Office,East,Peterborough,Furniture,Chairs,3,490.83,0.3,1030.74,-141.58
ORD-104432,2025-03-15,2025-03-19,Second Class,CUST-2378,Corporate,East,Cambridge,Office Supplies,Storage,4,111.58,0.0,446.32,79.41
ORD-100094,2025-03-15,2025-03-21,Same Day,CUST-2008,Consumer,East,Ipswich,Technology,Machines,2,1612.03,0.0,3224.06,-47.58
ORD-104790,2025-03-15,2025-03-21,Standard Class,CUST-1442,Consumer,North,Leeds,Office Supplies,Labels,1,30.86,0.15,26.23,0.4
ORD-106009,2025-03-15,2025-03-19,First Class,CUST-1999,Home Office,West,Exeter,Technology,Machines,1,677.12,0.0,677.12,61.94
ORD-100156,2025-03-16,2025-03-19,Standard Class,CUST-1895,Corporate,West,Exeter,Technology,Accessories,1,1590.79,0.0,1590.79,367.71
ORD-103515,2025-03-16,2025-03-23,Standard Class,CUST-1973,Home Office,West,Cardiff,Office Supplies,Binders,2,32.62,0.15,55.45,6.91
ORD-102828,2025-03-16,2025-03-18,Second Class,CUST-1778,Consumer,East,Ipswich,Office Supplies,Paper,1,85.19,0.15,72.41,5.25
ORD-101338,2025-03-16,2025-03-19,First Class,CUST-1693,Consumer,West,Exeter,Furniture,Chairs,1,438.72,0.0,438.72,11.88
ORD-105022,2025-03-16,2025-03-18,Standard Class,CUST-1346,Home Office,North,Newcastle,Office Supplies,Paper,1,26.13,0.1,23.52,1.77
ORD-104814,2025-03-16,2025-03-19,Second Class,CUST-1327,Home Office,North,Manchester,Furniture,Chairs,2,81.08,0.1,145.94,6.07
ORD-104066,2025-03-17,2025-03-20,Standard Class,CUST-1532,Corporate,Central,Coventry,Furniture,Bookcases,4,188.43,0.1,678.35,25.41
ORD-106025,2025-03-17,2025-03-19,Standard Class,CUST-1242,Corporate,West,Exeter,Technology,Machines,1,1553.9,0.2,1243.12,-115.39
ORD-106331,2025-03-18,2025-03-25,First Class,CUST-2239,Corporate,North,Manchester,Technology,Machines,2,1224.3,0.3,1714.02,6.53
ORD-100051,2025-03-18,2025-03-25,Standard Class,CUST-1822,Consumer,East,Norwich,Furniture,Chairs,1,216.72,0.0,216.72,-2.19
ORD-100628,2025-03-18,2025-03-23,Standard Class,CUST-1782,Corporate,North,Newcastle,Office Supplies,Paper,1,36.05,0.1,32.45,6.79
ORD-101040,2025-03-18,2025-03-24,Standard Class,CUST-1400,Consumer,West,Cardiff,Furniture,Tables,2,847.94,0.2,1356.7,-58.71
ORD-102598,2025-03-18,2025-03-21,Standard Class,CUST-1216,Corporate,West,Exeter,Furniture,Bookcases,1,845.29,0.0,845.29,0.01
ORD-103172,2025-03-18,2025-03-22,Standard Class,CUST-2262,Home Office,East,Ipswich,Technology,Machines,1,863.25,0.0,863.25,169.5
ORD-101711,2025-03-18,2025-03-23,First Class,CUST-1977,Consumer,East,Cambridge,Technology,Phones,2,675.59,0.0,1351.18,-44.34
ORD-103989,2025-03-19,2025-03-24,First Class,CUST-2370,Consumer,East,Peterborough,Office Supplies,Binders,3,12.78,0.1,34.51,8.69
ORD-106013,2025-03-19,2025-03-24,Standard Class,CUST-2456,Home Office,Central,Birmingham,Office Supplies,Labels,3,41.84,0.5,62.76,-13.64
ORD-104741,2025-03-19,2025-03-22,Second Class,CUST-2163,Home Office,South,Southampton,Technology,Phones,6,762.08,0.3,3200.74,101.3
ORD-103575,2025-03-19,2025-03-24,Second Class,CUST-1578,Consumer,West,Exeter,Office Supplies,Art,3,106.64,0.0,319.92,87.0
ORD-102230,2025-03-19,2025-03-25,Standard Class,CUST-2147,Consumer,Central,Nottingham,Office Supplies,Storage,1,118.22,0.0,118.22,21.76
ORD-102795,2025-03-19,2025-03-23,Second Class,CUST-1287,Consumer,East,Norwich,Office Supplies,Storage,3,34.51,0.0,103.53,5.18
ORD-100347,2025-03-19,2025-03-20,Standard Class,CUST-2375,Consumer,West,Exeter,Technology,Copiers,2,562.52,0.2,900.03,54.26
ORD-105949,2025-03-19,2025-03-24,Standard Class,CUST-1133,Corporate,Central,Leicester,Technology,Copiers,1,117.14,0.2,93.71,4.46
ORD-100941,2025-03-19,2025-03-24,First Class,CUST-1218,Corporate,East,Cambridge,Furniture,Furnishings,3,812.29,0.0,2436.87,71.76
ORD-105941,2025-03-19,2025-03-25,Standard Class,CUST-1369,Corporate,East,Cambridge,Office Supplies,Storage,1,81.16,0.15,68.99,6.72
ORD-101828,2025-03-19,2025-03-25,Standard Class,CUST-2324,Home Office,South,Reading,Office Supplies,Binders,1,106.56,0.0,106.56,24.68
ORD-106034,2025-03-20,2025-03-22,Same Day,CUST-1602,Consumer,South,Portsmouth,Office Supplies,Paper,3,106.73,0.3,224.13,26.09
ORD-105580,2025-03-20,2025-03-22,Standard Class,CUST-2229,Home Office,East,Cambridge,Technology,Copiers,1,1149.68,0.2,919.74,79.19
ORD-102367,2025-03-20,2025-03-23,Standard Class,CUST-1498,Home Office,North,Leeds,Office Supplies,Paper,5,59.13,0.0,295.65,17.26
ORD-103284,2025-03-20,2025-03-24,First Class,CUST-1384,Corporate,Central,Birmingham,Technology,Phones,1,1329.71,0.3,930.8,-103.16
ORD-104565,2025-03-20,2025-03-24,First Class,CUST-2123,Consumer,South,Brighton,Technology,Phones,2,1268.49,0.0,2536.98,151.02
ORD-100412,2025-03-20,2025-03-24,Standard Class,CUST-1896,Corporate,South,Brighton,Furniture,Tables,4,888.82,0.0,3555.28,238.99
ORD-105547,2025-03-20,2025-03-24,Standard Class,CUST-1995,Consumer,South,Portsmouth,Technology,Phones,2,1474.09,0.1,2653.36,-360.8
ORD-104967,2025-03-20,2025-03-24,Standard Class,CUST-1252,Home Office,Central,Birmingham,Furniture,Bookcases,3,60.18,0.0,180.54,22.47
ORD-103122,2025-03-21,2025-03-24,Standard Class,CUST-1958,Consumer,North,Newcastle,Technology,Copiers,1,572.55,0.0,572.55,-1.52
ORD-103924,2025-03-21,2025-03-25,Second Class,CUST-1200,Home Office,West,Exeter,Furniture,Furnishings,2,630.62,0.15,1072.05,-96.34
ORD-100798,2025-03-21,2025-03-25,Standard Class,CUST-1569,Consumer,West,Exeter,Furniture,Bookcases,1,567.13,0.2,453.7,-16.08
ORD-101195,2025-03-21,2025-03-26,First Class,CUST-1906,Consumer,East,Ipswich,Office Supplies,Binders,3,30.16,0.1,81.43,20.08
ORD-100900,2025-03-21,2025-03-26,Second Class,CUST-2447,Corporate,North,Leeds,Furniture,Bookcases,3,407.93,0.0,1223.79,159.61
ORD-101888,2025-03-21,2025-03-24,Standard Class,CUST-2365,Consumer,West,Plymouth,Furniture,Furnishings,1,224.8,0.15,191.08,-14.95
ORD-101249,2025-03-21,2025-03-24,Standard Class,CUST-1028,Consumer,Central,Leicester,Office Supplies,Storage,4,78.52,0.0,314.08,66.79
ORD-104946,2025-03-21,2025-03-24,Standard Class,CUST-1204,Corporate,East,Peterborough,Furniture,Furnishings,1,129.88,0.1,116.89,6.41
ORD-106071,2025-03-21,2025-03-26,First Class,CUST-1597,Consumer,North,Sheffield,Office Supplies,Storage,3,46.81,0.1,126.39,17.8
ORD-100293,2025-03-21,2025-03-23,Second Class,CUST-2387,Corporate,West,Exeter,Office Supplies,Art,2,48.64,0.0,97.28,6.18
ORD-102432,2025-03-22,2025-03-27,Standard Class,CUST-2147,Corporate,South,Portsmouth,Furniture,Furnishings,1,492.95,0.3,345.06,-64.69
ORD-101060,2025-03-22,2025-03-25,Standard Class,CUST-1471,Consumer,South,Portsmouth,Office Supplies,Storage,2,42.49,0.1,76.48,14.72
ORD-102302,2025-03-22,2025-03-24,Second Class,CUST-2175,Consumer,East,Cambridge,Office Supplies,Binders,1,27.27,0.1,24.54,3.16
ORD-101086,2025-03-22,2025-03-27,Standard Class,CUST-1984,Consumer,North,Leeds,Office Supplies,Labels,1,101.6,0.0,101.6,13.76
ORD-102081,2025-03-22,2025-03-24,First Class,CUST-2112,Home Office,Central,Leicester,Technology,Phones,4,233.82,0.0,935.28,-49.47
ORD-100642,2025-03-22,2025-03-27,Same Day,CUST-2396,Consumer,West,Exeter,Furniture,Furnishings,1,211.76,0.0,211.76,5.37
ORD-101974,2025-03-22,2025-03-24,First Class,CUST-1669,Consumer,East,Norwich,Furniture,Chairs,1,781.97,0.0,781.97,-38.84
ORD-106101,2025-03-23,2025-03-26,Same Day,CUST-1949,Corporate,North,Sheffield,Furniture,Chairs,2,498.05,0.0,996.1,84.55
ORD-103137,2025-03-23,2025-03-25,First Class,CUST-1676,Corporate,East,Norwich,Office Supplies,Paper,2,100.43,0.2,160.69,4.69
ORD-104577,2025-03-23,2025-03-28,Same Day,CUST-1155,Consumer,East,Peterborough,Technology,Accessories,1,312.42,0.5,156.21,-27.31
ORD-106298,2025-03-23,2025-03-26,Second Class,CUST-1450,Consumer,South,Brighton,Office Supplies,Storage,6,100.53,0.1,542.86,14.86
ORD-105310,2025-03-23,2025-03-25,Standard Class,CUST-1437,Corporate,North,Newcastle,Technology,Accessories,2,1182.65,0.0,2365.3,517.02
ORD-102508,2025-03-23,2025-03-26,Second Class,CUST-1968,Corporate,West,Bristol,Technology,Phones,1,1560.61,0.0,1560.61,246.86
ORD-101461,2025-03-23,2025-03-25,Standard Class,CUST-1512,Consumer,West,Exeter,Technology,Accessories,2,580.41,0.15,986.7,98.09
ORD-101025,2025-03-23,2025-03-28,Second Class,CUST-2241,Consumer,North,Sheffield,Technology,Accessories,2,1057.67,0.0,2115.34,47.73
ORD-102229,2025-03-23,2025-03-27,Standard Class,CUST-2000,Corporate,West,Plymouth,Technology,Phones,1,641.19,0.0,641.19,183.62
ORD-103958,2025-03-24,2025-03-26,Standard Class,CUST-1619,Home Office,North,Manchester,Technology,Accessories,1,964.41,0.0,964.41,-77.34
ORD-101617,2025-03-24,2025-03-28,First Class,CUST-1545,Consumer,South,Brighton,Office Supplies,Binders,1,91.98,0.4,55.19,0.21
ORD-100599,2025-03-24,2025-03-29,Standard Class,CUST-1484,Corporate,North,Newcastle,Office Supplies,Binders,3,43.25,0.0,129.75,45.28
ORD-100107,2025-03-24,2025-03-26,Standard Class,CUST-2299,Consumer,Central,Leicester,Furniture,Tables,2,343.08,0.2,548.93,-38.92
ORD-101215,2025-03-24,2025-03-27,Standard Class,CUST-2432,Home Office,West,Plymouth,Furniture,Bookcases,2,312.91,0.0,625.82,39.22
ORD-103682,2025-03-24,2025-03-31,Standard Class,CUST-1777,Consumer,South,Southampton,Technology,Accessories,3,547.1,0.4,984.78,21.07
ORD-104185,2025-03-24,2025-03-31,Same Day,CUST-2249,Consumer,South,Brighton,Technology,Accessories,1,1716.28,0.3,1201.4,-304.6
ORD-106404,2025-03-24,2025-03-29,Standard Class,CUST-1592,Consumer,East,Peterborough,Office Supplies,Paper,1,73.8,0.2,59.04,11.83
ORD-104638,2025-03-24,2025-03-28,First Class,CUST-2021,Consumer,East,Cambridge,Technology,Phones,1,1128.88,0.0,1128.88,6.41
ORD-105448,2025-03-24,2025-03-30,Standard Class,CUST-2451,Corporate,East,Ipswich,Office Supplies,Paper,1,15.68,0.4,9.41,-0.35
ORD-100235,2025-03-25,2025-03-28,Second Class,CUST-2415,Corporate,Central,Nottingham,Office Supplies,Storage,6,41.05,0.4,147.78,12.48
ORD-105430,2025-03-25,2025-03-28,Standard Class,CUST-1463,Consumer,North,Leeds,Furniture,Tables,1,765.67,0.5,382.83,-67.5
ORD-103460,2025-03-25,2025-03-27,Standard Class,CUST-2032,Consumer,East,Peterborough,Technology,Copiers,5,109.37,0.1,492.17,11.54
ORD-103527,2025-03-25,2025-03-29,Standard Class,CUST-1077,Home Office,West,Exeter,Technology,Machines,1,1009.67,0.4,605.8,-152.55
ORD-100288,2025-03-25,2025-03-31,Same Day,CUST-1057,Home Office,South,Southampton,Office Supplies,Art,4,89.47,0.0,357.88,48.13
ORD-100116,2025-03-25,2025-03-26,Standard Class,CUST-1890,Corporate,South,Reading,Furniture,Furnishings,3,702.5,0.2,1686.0,-8.15
ORD-104772,2025-03-25,2025-04-01,Standard Class,CUST-1479,Corporate,Central,Leicester,Technology,Machines,1,1339.75,0.0,1339.75,21.7
ORD-100860,2025-03-25,2025-03-28,Standard Class,CUST-2442,Consumer,Central,Leicester,Technology,Accessories,2,511.07,0.0,1022.14,232.71
ORD-104985,2025-03-25,2025-03-28,Second Class,CUST-1711,Home Office,North,Manchester,Office Supplies,Paper,1,20.79,0.0,20.79,2.66
ORD-102656,2025-03-25,2025-04-01,Standard Class,CUST-1033,Consumer,East,Norwich,Technology,Phones,3,1059.84,0.0,3179.52,-230.35
ORD-105275,2025-03-25,2025-03-29,Second Class,CUST-2330,Consumer,East,Peterborough,Furniture,Bookcases,2,172.85,0.0,345.7,-14.93
ORD-104119,2025-03-25,2025-04-01,Standard Class,CUST-1688,Corporate,East,Cambridge,Furniture,Furnishings,1,577.53,0.1,519.78,22.52
ORD-104271,2025-03-26,2025-03-28,Second Class,CUST-1760,Corporate,North,Sheffield,Technology,Phones,6,1402.41,0.0,8414.46,578.15
ORD-101549,2025-03-26,2025-04-01,Standard Class,CUST-2011,Consumer,West,Plymouth,Technology,Accessories,2,1604.68,0.1,2888.42,519.58
ORD-106310,2025-03-26,2025-03-29,First Class,CUST-1294,Consumer,East,Ipswich,Office Supplies,Art,4,119.81,0.1,431.32,0.7
ORD-105209,2025-03-26,2025-03-29,Second Class,CUST-2156,Consumer,North,Sheffield,Office Supplies,Storage,3,78.65,0.0,235.95,42.26
ORD-102909,2025-03-26,2025-03-30,Standard Class,CUST-1902,Consumer,West,Exeter,Office Supplies,Labels,1,51.27,0.15,43.58,0.59
ORD-106098,2025-03-27,2025-03-29,Second Class,CUST-1695,Consumer,South,Southampton,Technology,Accessories,2,1743.13,0.0,3486.26,156.41
ORD-102215,2025-03-27,2025-04-03,Standard Class,CUST-1186,Consumer,West,Bristol,Technology,Machines,3,1130.24,0.1,3051.65,-272.78
ORD-100305,2025-03-27,2025-03-30,Standard Class,CUST-1075,Consumer,Central,Nottingham,Technology,Accessories,3,831.57,0.2,1995.77,357.34
ORD-102238,2025-03-27,2025-03-30,Standard Class,CUST-2495,Consumer,East,Norwich,Office Supplies,Paper,2,53.93,0.15,91.68,3.64
ORD-103916,2025-03-27,2025-03-29,First Class,CUST-1684,Consumer,Central,Nottingham,Technology,Accessories,2,538.85,0.2,862.16,29.43
ORD-101634,2025-03-27,2025-03-31,First Class,CUST-1156,Corporate,North,Manchester,Furniture,Chairs,5,567.37,0.0,2836.85,404.04
ORD-103593,2025-03-27,2025-03-29,Standard Class,CUST-1580,Consumer,North,Sheffield,Office Supplies,Art,4,112.43,0.0,449.72,130.93
ORD-102532,2025-03-27,2025-03-30,First Class,CUST-2114,Corporate,South,Reading,Technology,Phones,1,1155.22,0.0,1155.22,137.67
ORD-103882,2025-03-27,2025-03-29,Standard Class,CUST-1604,Corporate,Central,Nottingham,Office Supplies,Labels,2,84.95,0.4,101.94,-16.23
ORD-106474,2025-03-27,2025-03-28,Standard Class,CUST-1835,Consumer,North,Leeds,Technology,Machines,3,560.92,0.1,1514.48,-183.81
ORD-101959,2025-03-27,2025-04-02,First Class,CUST-2140,Consumer,Central,Coventry,Office Supplies,Art,1,80.43,0.4,48.26,1.04
ORD-101295,2025-03-27,2025-03-30,Second Class,CUST-2429,Consumer,South,Reading,Technology,Accessories,1,1413.16,0.0,1413.16,301.07
ORD-103775,2025-03-27,2025-04-02,Standard Class,CUST-2356,Consumer,Central,Coventry,Technology,Copiers,5,1258.36,0.0,6291.8,1056.71
ORD-101663,2025-03-28,2025-04-01,Standard Class,CUST-2055,Home Office,South,Brighton,Office Supplies,Paper,4,88.27,0.0,353.08,105.73
ORD-104190,2025-03-28,2025-03-30,First Class,CUST-2060,Home Office,Central,Leicester,Technology,Accessories,4,412.19,0.2,1319.01,69.68
ORD-105079,2025-03-28,2025-04-04,Same Day,CUST-1692,Consumer,East,Ipswich,Office Supplies,Paper,6,93.0,0.0,558.0,175.24
ORD-104945,2025-03-28,2025-04-02,Standard Class,CUST-1782,Consumer,East,Peterborough,Technology,Phones,1,411.48,0.0,411.48,-38.18
ORD-103402,2025-03-28,2025-04-01,Standard Class,CUST-1675,Consumer,East,Ipswich,Office Supplies,Art,2,90.19,0.1,162.34,16.95
ORD-100793,2025-03-28,2025-04-02,First Class,CUST-2180,Consumer,West,Plymouth,Furniture,Chairs,3,813.68,0.3,1708.73,-9.24
ORD-102379,2025-03-28,2025-04-01,Same Day,CUST-1943,Consumer,East,Cambridge,Technology,Machines,2,581.82,0.5,581.82,-14.92
ORD-104659,2025-03-28,2025-03-31,Standard Class,CUST-1122,Consumer,North,Leeds,Technology,Copiers,1,204.91,0.1,184.42,34.31
ORD-100994,2025-03-28,2025-03-30,Standard Class,CUST-1214,Consumer,West,Bristol,Office Supplies,Art,1,84.46,0.0,84.46,24.93
ORD-100867,2025-03-28,2025-03-30,First Class,CUST-2074,Consumer,West,Bristol,Furniture,Bookcases,3,336.44,0.1,908.39,-87.04
ORD-101889,2025-03-28,2025-04-01,First Class,CUST-1974,Corporate,West,Bristol,Technology,Copiers,1,211.42,0.1,190.28,29.37
ORD-105090,2025-03-28,2025-03-30,Standard Class,CUST-1932,Home Office,North,Manchester,Office Supplies,Binders,6,33.36,0.1,180.14,52.04
ORD-106094,2025-03-28,2025-03-31,Standard Class,CUST-1110,Consumer,East,Ipswich,Technology,Machines,3,1490.26,0.3,3129.55,-49.21
ORD-105340,2025-03-29,2025-03-31,Standard Class,CUST-1589,Consumer,West,Exeter,Office Supplies,Paper,1,54.34,0.1,48.91,1.69
ORD-106138,2025-03-29,2025-04-02,Second Class,CUST-1987,Consumer,East,Peterborough,Office Supplies,Storage,1,67.1,0.0,67.1,12.6
ORD-100087,2025-03-29,2025-03-31,Standard Class,CUST-2312,Home Office,Central,Birmingham,Technology,Copiers,5,1039.09,0.15,4416.13,121.49
ORD-100114,2025-03-29,2025-04-04,Second Class,CUST-1827,Consumer,South,Southampton,Technology,Copiers,1,1143.62,0.15,972.08,34.39
ORD-101349,2025-03-29,2025-03-31,Second Class,CUST-1242,Consumer,West,Plymouth,Office Supplies,Paper,1,71.23,0.0,71.23,14.14
ORD-101353,2025-03-29,2025-04-02,First Class,CUST-1995,Corporate,East,Peterborough,Office Supplies,Binders,1,29.88,0.0,29.88,2.75
ORD-103540,2025-03-29,2025-04-03,Same Day,CUST-1748,Corporate,North,Manchester,Furniture,Furnishings,1,787.77,0.1,708.99,12.45
ORD-106186,2025-03-30,2025-04-01,Second Class,CUST-2058,Consumer,East,Ipswich,Technology,Machines,2,804.94,0.2,1287.9,-103.98
ORD-102312,2025-03-30,2025-04-03,Standard Class,CUST-2317,Consumer,South,Southampton,Office Supplies,Binders,1,84.95,0.1,76.45,6.49
ORD-101170,2025-03-30,2025-04-02,Standard Class,CUST-2149,Corporate,East,Peterborough,Office Supplies,Paper,1,11.99,0.0,11.99,3.01
ORD-106398,2025-03-30,2025-04-02,Standard Class,CUST-1777,Corporate,East,Ipswich,Office Supplies,Labels,5,34.35,0.1,154.58,8.25
ORD-101566,2025-03-30,2025-04-03,Standard Class,CUST-1485,Corporate,West,Cardiff,Office Supplies,Paper,4,114.51,0.0,458.04,76.68
ORD-105827,2025-03-30,2025-04-02,Standard Class,CUST-1572,Consumer,Central,Coventry,Furniture,Furnishings,3,280.82,0.0,842.46,40.93
ORD-105284,2025-03-31,2025-04-04,Same Day,CUST-2480,Corporate,East,Norwich,Office Supplies,Binders,3,109.56,0.0,328.68,47.62
ORD-103249,2025-03-31,2025-04-03,Second Class,CUST-1819,Home Office,West,Bristol,Technology,Accessories,2,1290.46,0.4,1548.55,42.23
ORD-103368,2025-03-31,2025-04-05,Standard Class,CUST-2353,Consumer,South,Brighton,Furniture,Chairs,3,384.25,0.0,1152.75,154.27
ORD-101920,2025-03-31,2025-04-05,First Class,CUST-1960,Consumer,West,Plymouth,Office Supplies,Paper,1,104.05,0.2,83.24,8.4
ORD-101585,2025-03-31,2025-04-04,Standard Class,CUST-1547,Consumer,East,Cambridge,Office Supplies,Labels,1,34.33,0.0,34.33,8.62
ORD-101783,2025-03-31,2025-04-05,First Class,CUST-1161,Consumer,West,Exeter,Furniture,Tables,1,109.17,0.1,98.25,7.72
ORD-102627,2025-03-31,2025-04-02,First Class,CUST-1647,Corporate,North,Manchester,Office Supplies,Paper,2,38.64,0.15,65.69,11.4
ORD-100030,2025-04-01,2025-04-05,Second Class,CUST-1595,Consumer,West,Cardiff,Office Supplies,Labels,3,30.87,0.0,92.61,19.48
ORD-105217,2025-04-01,2025-04-04,First Class,CUST-1655,Corporate,South,Portsmouth,Furniture,Furnishings,2,66.48,0.0,132.96,1.64
ORD-102372,2025-04-01,2025-04-06,First Class,CUST-1602,Consumer,West,Cardiff,Technology,Phones,4,904.22,0.1,3255.19,555.89
ORD-102218,2025-04-01,2025-04-07,Standard Class,CUST-1237,Consumer,Central,Nottingham,Office Supplies,Labels,4,35.31,0.3,98.87,-5.85
ORD-105507,2025-04-01,2025-04-05,Standard Class,CUST-2210,Consumer,South,Southampton,Office Supplies,Art,1,31.31,0.0,31.31,1.91
ORD-105721,2025-04-01,2025-04-03,Standard Class,CUST-1741,Consumer,East,Norwich,Furniture,Chairs,2,433.38,0.1,780.08,-18.37
ORD-105815,2025-04-01,2025-04-04,First Class,CUST-1544,Consumer,North,Newcastle,Office Supplies,Labels,3,14.06,0.15,35.85,-0.03
ORD-102959,2025-04-01,2025-04-03,Standard Class,CUST-1743,Consumer,East,Peterborough,Furniture,Furnishings,5,522.77,0.1,2352.47,-254.3
ORD-106307,2025-04-01,2025-04-03,Standard Class,CUST-2043,Consumer,West,Plymouth,Furniture,Tables,3,277.44,0.1,749.09,47.75
ORD-105147,2025-04-01,2025-04-06,First Class,CUST-1836,Corporate,South,Southampton,Technology,Accessories,2,76.38,0.0,152.76,25.69
ORD-105838,2025-04-02,2025-04-05,Standard Class,CUST-2116,Home Office,North,Leeds,Furniture,Tables,1,501.05,0.0,501.05,85.76
ORD-101062,2025-04-02,2025-04-05,Standard Class,CUST-2209,Consumer,South,Southampton,Technology,Phones,1,533.62,0.5,266.81,-47.12
ORD-102250,2025-04-02,2025-04-04,Second Class,CUST-1731,Corporate,West,Bristol,Technology,Copiers,1,1573.81,0.15,1337.74,-69.15
ORD-105946,2025-04-02,2025-04-06,First Class,CUST-2173,Corporate,East,Norwich,Technology,Phones,1,1270.93,0.3,889.65,-207.18
ORD-101231,2025-04-02,2025-04-05,First Class,CUST-2163,Corporate,West,Bristol,Office Supplies,Art,4,42.99,0.0,171.96,10.41
ORD-100303,2025-04-02,2025-04-03,Second Class,CUST-2116,Home Office,West,Plymouth,Technology,Machines,1,1699.14,0.0,1699.14,-96.77
ORD-102322,2025-04-02,2025-04-07,Standard Class,CUST-1583,Home Office,Central,Nottingham,Furniture,Bookcases,1,449.49,0.1,404.54,-11.49
ORD-104534,2025-04-02,2025-04-07,Standard Class,CUST-2212,Consumer,West,Exeter,Technology,Machines,2,643.25,0.2,1029.2,-198.44
ORD-104606,2025-04-02,2025-04-06,Standard Class,CUST-2377,Consumer,East,Ipswich,Furniture,Furnishings,1,857.38,0.1,771.64,-13.81
ORD-102898,2025-04-02,2025-04-03,Standard Class,CUST-1884,Consumer,East,Cambridge,Office Supplies,Storage,2,48.98,0.5,48.98,2.3
ORD-102868,2025-04-02,2025-04-07,Standard Class,CUST-1105,Corporate,South,Brighton,Office Supplies,Art,1,30.83,0.5,15.41,-2.01
ORD-103777,2025-04-03,2025-04-08,Standard Class,CUST-1386,Consumer,East,Ipswich,Technology,Copiers,1,1373.34,0.0,1373.34,82.32
ORD-102923,2025-04-03,2025-04-05,Standard Class,CUST-1182,Consumer,East,Cambridge,Furniture,Chairs,2,733.9,0.3,1027.46,-216.88
ORD-105595,2025-04-03,2025-04-04,Standard Class,CUST-1447,Consumer,North,Manchester,Furniture,Bookcases,2,705.71,0.2,1129.14,-71.68
ORD-101850,2025-04-03,2025-04-08,Standard Class,CUST-2375,Corporate,West,Bristol,Furniture,Tables,3,762.68,0.0,2288.04,125.26
ORD-102255,2025-04-03,2025-04-07,First Class,CUST-1579,Consumer,Central,Nottingham,Office Supplies,Storage,1,41.52,0.1,37.37,9.12
ORD-100843,2025-04-03,2025-04-06,Second Class,CUST-1475,Home Office,East,Norwich,Technology,Copiers,5,627.66,0.0,3138.3,321.99
ORD-104732,2025-04-04,2025-04-09,Standard Class,CUST-1128,Corporate,West,Exeter,Office Supplies,Art,2,76.56,0.0,153.12,24.9
ORD-106184,2025-04-04,2025-04-07,First Class,CUST-2161,Home Office,South,Portsmouth,Technology,Machines,1,205.26,0.0,205.26,9.16
ORD-100681,2025-04-04,2025-04-06,Standard Class,CUST-2443,Corporate,North,Newcastle,Technology,Machines,1,333.09,0.4,199.85,0.37
ORD-101852,2025-04-04,2025-04-08,Standard Class,CUST-1515,Consumer,South,Reading,Office Supplies,Storage,4,27.21,0.5,54.42,1.09
ORD-102452,2025-04-04,2025-04-08,Standard Class,CUST-2242,Home Office,West,Exeter,Office Supplies,Storage,1,96.52,0.0,96.52,19.66
ORD-100461,2025-04-04,2025-04-07,First Class,CUST-2122,Corporate,West,Bristol,Technology,Copiers,1,612.37,0.0,612.37,180.78
ORD-102902,2025-04-04,2025-04-08,Standard Class,CUST-1600,Home Office,East,Peterborough,Office Supplies,Labels,1,77.82,0.0,77.82,12.74
ORD-104298,2025-04-04,2025-04-08,Standard Class,CUST-1623,Home Office,East,Peterborough,Furniture,Furnishings,2,393.5,0.2,629.6,-79.4
ORD-103073,2025-04-04,2025-04-07,First Class,CUST-1257,Corporate,Central,Coventry,Furniture,Chairs,4,471.45,0.0,1885.8,-88.46
ORD-101162,2025-04-04,2025-04-08,Second Class,CUST-1704,Consumer,West,Plymouth,Technology,Copiers,2,614.7,0.1,1106.46,89.78
ORD-102651,2025-04-04,2025-04-08,Standard Class,CUST-2481,Consumer,West,Bristol,Furniture,Tables,2,71.29,0.2,114.06,4.92
ORD-104419,2025-04-05,2025-04-11,Second Class,CUST-2068,Home Office,Central,Leicester,Furniture,Furnishings,1,652.13,0.2,521.7,-12.45
ORD-102135,2025-04-05,2025-04-09,First Class,CUST-2309,Consumer,Central,Leicester,Office Supplies,Art,2,47.43,0.1,85.37,17.54
ORD-105621,2025-04-05,2025-04-09,First Class,CUST-2147,Consumer,Central,Nottingham,Office Supplies,Art,3,90.17,0.2,216.41,-14.39
ORD-102760,2025-04-05,2025-04-07,Same Day,CUST-1151,Corporate,South,Brighton,Technology,Accessories,3,188.18,0.2,451.63,-31.35
ORD-102866,2025-04-05,2025-04-09,Standard Class,CUST-1771,Consumer,South,Reading,Technology,Accessories,3,553.41,0.3,1162.16,-248.39
ORD-102423,2025-04-05,2025-04-06,Standard Class,CUST-1188,Consumer,Central,Nottingham,Furniture,Chairs,3,697.85,0.1,1884.2,205.89
ORD-104168,2025-04-05,2025-04-08,Standard Class,CUST-1857,Home Office,East,Norwich,Technology,Copiers,5,1207.01,0.15,5129.79,-650.76
ORD-101103,2025-04-06,2025-04-10,Standard Class,CUST-2420,Home Office,South,Portsmouth,Technology,Accessories,2,480.42,0.0,960.84,59.26
ORD-101054,2025-04-06,2025-04-10,Same Day,CUST-1586,Consumer,East,Ipswich,Technology,Machines,4,282.79,0.0,1131.16,309.27
ORD-106156,2025-04-06,2025-04-08,Second Class,CUST-1291,Consumer,Central,Birmingham,Furniture,Furnishings,3,580.9,0.0,1742.7,-42.88
ORD-104935,2025-04-06,2025-04-09,Standard Class,CUST-1749,Home Office,Central,Coventry,Furniture,Tables,5,886.73,0.0,4433.65,366.18
ORD-104554,2025-04-06,2025-04-08,Second Class,CUST-2016,Corporate,North,Newcastle,Furniture,Furnishings,1,442.25,0.1,398.03,34.9
ORD-100451,2025-04-06,2025-04-09,Standard Class,CUST-2052,Home Office,North,Leeds,Technology,Accessories,1,1328.47,0.1,1195.62,-89.33
ORD-100223,2025-04-06,2025-04-10,Standard Class,CUST-1270,Consumer,East,Peterborough,Furniture,Furnishings,4,233.94,0.0,935.76,-31.94
ORD-105203,2025-04-07,2025-04-11,Standard Class,CUST-1516,Consumer,South,Portsmouth,Office Supplies,Binders,6,43.44,0.2,208.51,6.76
ORD-101316,2025-04-07,2025-04-13,Second Class,CUST-1023,Consumer,East,Cambridge,Technology,Machines,2,821.18,0.0,1642.36,39.2
ORD-100543,2025-04-07,2025-04-09,Standard Class,CUST-2089,Corporate,East,Cambridge,Office Supplies,Binders,3,99.87,0.2,239.69,-13.99
ORD-105565,2025-04-07,2025-04-12,Standard Class,CUST-1547,Home Office,South,Southampton,Office Supplies,Paper,1,19.22,0.2,15.38,1.63
ORD-100584,2025-04-07,2025-04-12,Standard Class,CUST-1916,Home Office,North,Manchester,Technology,Accessories,1,1101.87,0.4,661.12,-3.46
ORD-101830,2025-04-07,2025-04-11,First Class,CUST-2086,Consumer,North,Sheffield,Office Supplies,Storage,1,60.97,0.4,36.58,-0.09
ORD-104635,2025-04-07,2025-04-12,Second Class,CUST-1398,Corporate,South,Brighton,Technology,Machines,4,1278.52,0.0,5114.08,-507.16
ORD-101405,2025-04-07,2025-04-12,Standard Class,CUST-1763,Consumer,South,Reading,Office Supplies,Storage,4,19.09,0.3,53.45,7.7
ORD-101717,2025-04-07,2025-04-10,Standard Class,CUST-1110,Consumer,West,Exeter,Technology,Accessories,1,397.88,0.0,397.88,62.13
ORD-105110,2025-04-07,2025-04-11,First Class,CUST-1490,Corporate,South,Portsmouth,Furniture,Chairs,4,887.49,0.1,3194.96,-57.13
ORD-101132,2025-04-08,2025-04-12,Standard Class,CUST-2237,Consumer,Central,Nottingham,Office Supplies,Binders,2,7.97,0.1,14.35,1.66
ORD-103782,2025-04-08,2025-04-10,Standard Class,CUST-1885,Consumer,North,Newcastle,Furniture,Tables,1,529.67,0.0,529.67,78.29
ORD-101225,2025-04-08,2025-04-11,Standard Class,CUST-1697,Consumer,South,Portsmouth,Technology,Phones,1,1727.8,0.2,1382.24,-50.56
ORD-100703,2025-04-08,2025-04-13,Standard Class,CUST-1475,Consumer,East,Norwich,Furniture,Furnishings,2,617.59,0.1,1111.66,10.02
ORD-100194,2025-04-09,2025-04-16,Standard Class,CUST-1736,Corporate,East,Ipswich,Office Supplies,Art,6,9.96,0.0,59.76,14.47
ORD-104608,2025-04-09,2025-04-11,Standard Class,CUST-2228,Consumer,North,Manchester,Technology,Machines,2,1326.48,0.15,2255.02,451.85
ORD-101598,2025-04-09,2025-04-15,Standard Class,CUST-1818,Consumer,West,Plymouth,Technology,Copiers,1,1441.12,0.0,1441.12,395.49
ORD-105936,2025-04-09,2025-04-13,Standard Class,CUST-1658,Consumer,Central,Leicester,Office Supplies,Storage,1,115.57,0.0,115.57,24.03
ORD-103654,2025-04-09,2025-04-13,Second Class,CUST-1211,Corporate,West,Bristol,Furniture,Tables,6,118.18,0.0,709.08,-2.98
ORD-101251,2025-04-09,2025-04-12,Standard Class,CUST-2458,Consumer,West,Bristol,Furniture,Bookcases,2,806.53,0.0,1613.06,256.41
ORD-102493,2025-04-10,2025-04-13,Second Class,CUST-1134,Consumer,East,Cambridge,Technology,Copiers,1,1473.77,0.0,1473.77,48.44
ORD-105632,2025-04-10,2025-04-12,Standard Class,CUST-1483,Home Office,East,Norwich,Furniture,Furnishings,1,310.56,0.0,310.56,46.81
ORD-105435,2025-04-10,2025-04-15,Standard Class,CUST-2092,Consumer,East,Peterborough,Furniture,Chairs,6,802.88,0.4,2890.37,-805.98
ORD-104509,2025-04-10,2025-04-16,Standard Class,CUST-1741,Consumer,East,Norwich,Technology,Copiers,1,1270.89,0.2,1016.71,-196.47
ORD-104639,2025-04-10,2025-04-13,First Class,CUST-1633,Corporate,South,Portsmouth,Furniture,Tables,2,761.76,0.15,1294.99,-42.86
ORD-101485,2025-04-11,2025-04-15,Standard Class,CUST-1811,Corporate,South,Southampton,Technology,Phones,1,1644.04,0.3,1150.83,124.66
ORD-101182,2025-04-11,2025-04-15,Same Day,CUST-1993,Home Office,East,Peterborough,Office Supplies,Art,6,95.78,0.5,287.34,5.09
ORD-101554,2025-04-11,2025-04-15,Standard Class,CUST-2482,Consumer,North,Manchester,Technology,Accessories,4,558.66,0.0,2234.64,572.78
ORD-104857,2025-04-11,2025-04-14,Standard Class,CUST-2465,Consumer,East,Ipswich,Technology,Phones,1,350.18,0.1,315.16,38.62
ORD-102013,2025-04-11,2025-04-13,Standard Class,CUST-1991,Consumer,Central,Leicester,Technology,Copiers,6,143.11,0.3,601.06,-82.84
ORD-104477,2025-04-12,2025-04-16,Second Class,CUST-2336,Home Office,North,Sheffield,Furniture,Chairs,3,848.29,0.0,2544.87,-38.87
ORD-105776,2025-04-12,2025-04-15,Second Class,CUST-1114,Consumer,North,Newcastle,Office Supplies,Labels,5,33.42,0.0,167.1,13.21
ORD-105773,2025-04-12,2025-04-15,First Class,CUST-1761,Consumer,North,Newcastle,Furniture,Tables,4,500.19,0.0,2000.76,335.04
ORD-100558,2025-04-12,2025-04-15,Standard Class,CUST-2074,Corporate,East,Ipswich,Office Supplies,Storage,3,35.28,0.3,74.09,8.55
ORD-104176,2025-04-12,2025-04-16,First Class,CUST-1520,Corporate,Central,Birmingham,Technology,Copiers,2,1260.07,0.1,2268.13,414.64
ORD-100468,2025-04-12,2025-04-16,Standard Class,CUST-1991,Corporate,West,Cardiff,Office Supplies,Art,2,102.83,0.3,143.96,-14.43
ORD-105577,2025-04-12,2025-04-16,Standard Class,CUST-1388,Home Office,South,Brighton,Office Supplies,Storage,2,62.21,0.0,124.42,31.89
ORD-103836,2025-04-12,2025-04-16,Standard Class,CUST-1349,Corporate,South,Portsmouth,Technology,Accessories,4,630.35,0.2,2017.12,-356.67
ORD-101573,2025-04-13,2025-04-14,Standard Class,CUST-1244,Consumer,South,Southampton,Office Supplies,Paper,4,107.57,0.0,430.28,75.8
ORD-101350,2025-04-13,2025-04-15,Same Day,CUST-2112,Corporate,East,Peterborough,Furniture,Tables,2,637.23,0.1,1147.01,5.3
ORD-105426,2025-04-13,2025-04-19,Standard Class,CUST-1820,Consumer,East,Norwich,Office Supplies,Binders,2,111.1,0.0,222.2,76.66
ORD-103569,2025-04-14,2025-04-19,Second Class,CUST-2172,Consumer,North,Manchester,Furniture,Chairs,1,101.18,0.0,101.18,14.64
ORD-101321,2025-04-14,2025-04-19,First Class,CUST-2450,Corporate,North,Leeds,Technology,Copiers,3,344.12,0.1,929.12,161.64
ORD-103983,2025-04-14,2025-04-18,Second Class,CUST-1626,Consumer,North,Leeds,Technology,Accessories,3,582.93,0.2,1399.03,217.87
ORD-101354,2025-04-14,2025-04-16,Standard Class,CUST-1827,Consumer,North,Sheffield,Office Supplies,Paper,5,48.77,0.0,243.85,40.59
ORD-101361,2025-04-15,2025-04-22,Standard Class,CUST-1432,Consumer,South,Southampton,Office Supplies,Labels,1,60.4,0.15,51.34,-0.97
ORD-104088,2025-04-15,2025-04-19,Standard Class,CUST-1504,Corporate,West,Plymouth,Technology,Machines,1,587.88,0.0,587.88,36.93
ORD-103824,2025-04-15,2025-04-18,Standard Class,CUST-1424,Home Office,West,Cardiff,Office Supplies,Paper,6,20.53,0.15,104.7,-3.1
ORD-104114,2025-04-15,2025-04-20,Standard Class,CUST-1461,Consumer,East,Ipswich,Furniture,Chairs,3,182.7,0.3,383.67,-39.24
ORD-104137,2025-04-15,2025-04-18,Standard Class,CUST-1770,Corporate,South,Portsmouth,Office Supplies,Binders,3,80.43,0.1,217.16,10.29
ORD-103408,2025-04-16,2025-04-20,Standard Class,CUST-2001,Consumer,East,Norwich,Office Supplies,Art,2,69.82,0.15,118.69,-2.12
ORD-103319,2025-04-16,2025-04-20,Standard Class,CUST-2495,Consumer,South,Southampton,Office Supplies,Storage,3,76.24,0.2,182.98,26.33
ORD-104099,2025-04-16,2025-04-19,Standard Class,CUST-2408,Consumer,East,Peterborough,Office Supplies,Labels,2,83.37,0.2,133.39,-7.91
ORD-103632,2025-04-16,2025-04-23,Standard Class,CUST-1612,Consumer,East,Ipswich,Technology,Accessories,4,1127.5,0.0,4510.0,436.45
ORD-101314,2025-04-16,2025-04-20,Standard Class,CUST-1454,Consumer,South,Reading,Technology,Machines,1,484.69,0.3,339.28,-25.09
ORD-102210,2025-04-16,2025-04-20,Second Class,CUST-1853,Corporate,Central,Coventry,Furniture,Tables,1,110.42,0.1,99.38,-7.62
ORD-104907,2025-04-16,2025-04-19,First Class,CUST-1028,Corporate,East,Norwich,Technology,Accessories,1,291.13,0.0,291.13,25.7
ORD-100290,2025-04-16,2025-04-22,Standard Class,CUST-1509,Corporate,North,Manchester,Furniture,Furnishings,6,435.24,0.1,2350.3,-125.2
ORD-102945,2025-04-16,2025-04-20,Second Class,CUST-1756,Consumer,East,Peterborough,Technology,Machines,4,985.55,0.3,2759.54,-302.14
ORD-106451,2025-04-16,2025-04-20,Second Class,CUST-1870,Consumer,Central,Birmingham,Office Supplies,Labels,2,88.82,0.3,124.35,-3.68
ORD-100562,2025-04-16,2025-04-22,Standard Class,CUST-2036,Consumer,North,Leeds,Furniture,Furnishings,1,69.52,0.1,62.57,7.13
ORD-104570,2025-04-16,2025-04-21,Standard Class,CUST-2355,Consumer,North,Manchester,Technology,Accessories,1,1685.43,0.15,1432.62,-223.58
ORD-100595,2025-04-17,2025-04-18,Standard Class,CUST-1122,Corporate,South,Southampton,Furniture,Furnishings,2,635.77,0.2,1017.23,-168.24
ORD-101771,2025-04-17,2025-04-20,First Class,CUST-2202,Consumer,West,Cardiff,Office Supplies,Labels,1,57.63,0.0,57.63,5.69
ORD-100016,2025-04-17,2025-04-18,Standard Class,CUST-2415,Corporate,North,Leeds,Office Supplies,Storage,3,30.76,0.0,92.28,25.28
ORD-100812,2025-04-17,2025-04-21,First Class,CUST-1936,Home Office,Central,Coventry,Office Supplies,Storage,4,56.72,0.0,226.88,36.55
ORD-101571,2025-04-17,2025-04-21,First Class,CUST-2409,Consumer,North,Newcastle,Office Supplies,Labels,4,64.1,0.4,153.84,-26.24
ORD-100572,2025-04-17,2025-04-23,Standard Class,CUST-1813,Corporate,South,Brighton,Office Supplies,Binders,2,58.08,0.15,98.74,23.91
ORD-106438,2025-04-17,2025-04-19,Second Class,CUST-1907,Consumer,South,Portsmouth,Furniture,Bookcases,1,88.28,0.1,79.45,4.9
ORD-102557,2025-04-17,2025-04-23,Standard Class,CUST-1265,Consumer,East,Peterborough,Office Supplies,Paper,4,53.54,0.0,214.16,16.36
ORD-101995,2025-04-17,2025-04-23,Standard Class,CUST-1398,Home Office,East,Cambridge,Office Supplies,Paper,2,115.02,0.3,161.03,-5.99
ORD-104558,2025-04-17,2025-04-19,First Class,CUST-2408,Corporate,East,Peterborough,Office Supplies,Storage,1,45.59,0.2,36.47,-2.13
ORD-103397,2025-04-17,2025-04-18,Standard Class,CUST-2159,Corporate,South,Brighton,Technology,Accessories,6,1144.97,0.0,6869.82,-404.84
ORD-106134,2025-04-17,2025-04-21,Standard Class,CUST-1970,Consumer,West,Cardiff,Technology,Phones,2,1555.13,0.1,2799.23,552.58
ORD-105756,2025-04-18,2025-04-23,First Class,CUST-1568,Home Office,East,Ipswich,Technology,Copiers,2,675.63,0.3,945.88,85.7
ORD-102002,2025-04-18,2025-04-21,Second Class,CUST-2208,Corporate,Central,Birmingham,Office Supplies,Art,1,116.76,0.0,116.76,14.57
ORD-104552,2025-04-18,2025-04-19,Standard Class,CUST-1761,Consumer,East,Peterborough,Office Supplies,Storage,4,49.84,0.4,119.62,2.71
ORD-104438,2025-04-19,2025-04-25,Standard Class,CUST-1159,Consumer,East,Norwich,Furniture,Chairs,1,653.18,0.0,653.18,45.56
ORD-105703,2025-04-19,2025-04-24,First Class,CUST-2457,Corporate,West,Cardiff,Technology,Accessories,1,982.78,0.1,884.5,117.87
ORD-105021,2025-04-19,2025-04-21,First Class,CUST-2242,Corporate,North,Newcastle,Furniture,Bookcases,2,526.37,0.0,1052.74,138.91
ORD-102913,2025-04-19,2025-04-22,Same Day,CUST-2056,Corporate,East,Cambridge,Furniture,Tables,1,502.25,0.0,502.25,39.17
ORD-105402,2025-04-19,2025-04-22,Second Class,CUST-1168,Corporate,East,Peterborough,Office Supplies,Paper,1,19.36,0.1,17.42,3.53
ORD-106285,2025-04-19,2025-04-26,Standard Class,CUST-1546,Home Office,North,Leeds,Furniture,Chairs,3,583.37,0.15,1487.59,91.22
ORD-105544,2025-04-19,2025-04-22,Same Day,CUST-1921,Corporate,West,Plymouth,Office Supplies,Labels,1,109.3,0.0,109.3,24.51
ORD-104955,2025-04-19,2025-04-23,First Class,CUST-1506,Consumer,West,Plymouth,Technology,Phones,5,997.71,0.0,4988.55,748.31
ORD-105523,2025-04-19,2025-04-22,First Class,CUST-1191,Consumer,East,Ipswich,Office Supplies,Art,1,13.27,0.4,7.96,-0.87
ORD-106228,2025-04-19,2025-04-25,Second Class,CUST-2303,Corporate,West,Plymouth,Technology,Copiers,2,277.22,0.1,499.0,43.45
ORD-105847,2025-04-19,2025-04-24,First Class,CUST-1611,Home Office,South,Brighton,Furniture,Bookcases,4,472.84,0.0,1891.36,-36.94
ORD-100167,2025-04-20,2025-04-23,First Class,CUST-1895,Consumer,North,Leeds,Furniture,Chairs,3,220.66,0.15,562.68,-22.41
ORD-102354,2025-04-20,2025-04-22,Standard Class,CUST-1205,Consumer,South,Brighton,Technology,Accessories,2,621.56,0.3,870.18,-49.0
ORD-104485,2025-04-20,2025-04-27,Standard Class,CUST-1264,Consumer,East,Peterborough,Office Supplies,Storage,3,114.59,0.0,343.77,45.46
ORD-102878,2025-04-20,2025-04-24,Second Class,CUST-1489,Consumer,East,Norwich,Office Supplies,Art,4,36.7,0.15,124.78,11.26
ORD-101343,2025-04-20,2025-04-22,Second Class,CUST-1342,Consumer,North,Sheffield,Office Supplies,Binders,5,79.18,0.1,356.31,57.09
ORD-102861,2025-04-20,2025-04-23,Standard Class,CUST-2028,Home Office,West,Plymouth,Furniture,Chairs,3,72.89,0.0,218.67,33.76
ORD-106006,2025-04-20,2025-04-26,First Class,CUST-1780,Consumer,North,Manchester,Furniture,Tables,4,556.98,0.5,1113.96,-173.6
ORD-103948,2025-04-20,2025-04-22,Standard Class,CUST-1475,Consumer,North,Newcastle,Technology,Accessories,2,1083.02,0.1,1949.44,-4.83
ORD-103409,2025-04-20,2025-04-27,Standard Class,CUST-2189,Consumer,North,Newcastle,Technology,Phones,1,1500.56,0.3,1050.39,-136.57
ORD-103894,2025-04-21,2025-04-26,Standard Class,CUST-2317,Consumer,East,Peterborough,Technology,Accessories,2,1364.11,0.15,2318.99,445.27
ORD-103482,2025-04-21,2025-04-23,First Class,CUST-1073,Consumer,South,Reading,Furniture,Chairs,2,400.34,0.1,720.61,-51.49
ORD-105415,2025-04-21,2025-04-26,Standard Class,CUST-1636,Corporate,North,Sheffield,Technology,Accessories,1,1506.16,0.1,1355.54,97.22
ORD-104473,2025-04-21,2025-04-24,Standard Class,CUST-2169,Corporate,East,Cambridge,Office Supplies,Storage,2,37.47,0.3,52.46,5.05
ORD-101036,2025-04-21,2025-04-27,Standard Class,CUST-2042,Home Office,South,Brighton,Office Supplies,Paper,1,82.49,0.1,74.24,8.97
ORD-100393,2025-04-21,2025-04-25,Standard Class,CUST-2317,Consumer,Central,Coventry,Furniture,Chairs,4,385.78,0.0,1543.12,180.05
ORD-104813,2025-04-21,2025-04-27,Second Class,CUST-1020,Consumer,South,Southampton,Furniture,Tables,3,122.72,0.2,294.53,-5.34
ORD-102497,2025-04-21,2025-04-26,First Class,CUST-2023,Home Office,North,Leeds,Technology,Machines,3,94.62,0.1,255.47,-7.34
ORD-104454,2025-04-21,2025-04-23,Standard Class,CUST-1250,Consumer,North,Manchester,Technology,Copiers,1,577.94,0.1,520.15,-16.61
ORD-102352,2025-04-22,2025-04-25,Second Class,CUST-1395,Consumer,East,Peterborough,Technology,Phones,2,1012.76,0.1,1822.97,357.56
ORD-102288,2025-04-22,2025-04-27,Standard Class,CUST-1380,Corporate,East,Ipswich,Technology,Machines,3,1544.41,0.2,3706.58,-502.43
ORD-100442,2025-04-22,2025-04-27,Standard Class,CUST-1015,Consumer,West,Cardiff,Furniture,Furnishings,1,833.76,0.5,416.88,-124.59
ORD-105954,2025-04-22,2025-04-26,Standard Class,CUST-1713,Consumer,West,Cardiff,Office Supplies,Binders,2,81.71,0.0,163.42,31.48
ORD-100921,2025-04-22,2025-04-28,First Class,CUST-2112,Home Office,South,Portsmouth,Technology,Accessories,2,1026.7,0.2,1642.72,-182.01
ORD-104902,2025-04-22,2025-04-25,Standard Class,CUST-2320,Consumer,East,Peterborough,Furniture,Tables,2,163.51,0.15,277.97,21.45
ORD-102684,2025-04-22,2025-04-24,Second Class,CUST-1074,Corporate,West,Exeter,Technology,Copiers,5,408.43,0.2,1633.72,-183.08
ORD-101048,2025-04-22,2025-04-26,Standard Class,CUST-1910,Consumer,South,Portsmouth,Technology,Accessories,2,1289.24,0.0,2578.48,699.01
ORD-104160,2025-04-23,2025-04-24,Second Class,CUST-1565,Home Office,Central,Nottingham,Office Supplies,Binders,2,47.48,0.15,80.72,-2.91
ORD-101375,2025-04-23,2025-04-27,Second Class,CUST-2451,Home Office,Central,Birmingham,Technology,Accessories,5,318.8,0.0,1594.0,185.82
ORD-103614,2025-04-23,2025-04-28,Standard Class,CUST-1467,Consumer,West,Plymouth,Technology,Machines,4,330.51,0.1,1189.84,162.05
ORD-103357,2025-04-23,2025-04-26,Standard Class,CUST-1437,Corporate,East,Peterborough,Technology,Machines,1,1100.22,0.1,990.2,201.64
ORD-100720,2025-04-23,2025-04-26,Standard Class,CUST-1119,Home Office,West,Exeter,Furniture,Bookcases,1,708.7,0.1,637.83,-21.63
ORD-104220,2025-04-23,2025-04-27,Standard Class,CUST-1825,Consumer,West,Cardiff,Technology,Accessories,4,1060.92,0.3,2970.58,232.22
ORD-102802,2025-04-23,2025-04-28,Standard Class,CUST-2285,Consumer,North,Newcastle,Technology,Copiers,6,1308.76,0.0,7852.56,1116.18
ORD-101790,2025-04-24,2025-04-26,Standard Class,CUST-1932,Corporate,West,Exeter,Furniture,Furnishings,3,484.36,0.1,1307.77,84.96
ORD-100389,2025-04-24,2025-04-27,Standard Class,CUST-2294,Home Office,Central,Leicester,Furniture,Bookcases,2,199.02,0.15,338.33,-5.71
ORD-101067,2025-04-24,2025-04-29,Same Day,CUST-1046,Consumer,North,Leeds,Furniture,Chairs,4,668.17,0.0,2672.68,425.47
ORD-104697,2025-04-24,2025-04-28,Standard Class,CUST-2283,Corporate,South,Southampton,Furniture,Bookcases,5,815.13,0.0,4075.65,-87.6
ORD-100286,2025-04-25,2025-05-01,Standard Class,CUST-1505,Corporate,North,Newcastle,Furniture,Chairs,1,537.51,0.15,456.88,-41.81
ORD-102252,2025-04-25,2025-04-27,Standard Class,CUST-2264,Corporate,North,Sheffield,Furniture,Chairs,1,306.41,0.15,260.45,16.0
ORD-104754,2025-04-25,2025-04-29,Standard Class,CUST-2216,Consumer,South,Brighton,Furniture,Bookcases,5,755.83,0.2,3023.32,-510.69
ORD-101164,2025-04-25,2025-04-27,Standard Class,CUST-1290,Corporate,South,Reading,Office Supplies,Binders,2,26.18,0.1,47.12,13.62
ORD-103341,2025-04-25,2025-04-28,Standard Class,CUST-2182,Consumer,East,Peterborough,Office Supplies,Storage,2,93.63,0.3,131.08,-13.07
ORD-102227,2025-04-25,2025-04-29,Standard Class,CUST-2053,Consumer,West,Plymouth,Technology,Phones,1,1571.67,0.1,1414.5,325.55
ORD-105508,2025-04-25,2025-04-29,First Class,CUST-1034,Corporate,North,Manchester,Office Supplies,Art,2,19.63,0.0,39.26,2.54
ORD-105439,2025-04-26,2025-05-03,Second Class,CUST-2069,Consumer,West,Bristol,Furniture,Bookcases,2,279.81,0.0,559.62,-2.13
ORD-105816,2025-04-26,2025-05-01,Standard Class,CUST-1450,Corporate,West,Cardiff,Technology,Phones,4,1041.72,0.0,4166.88,-325.24
ORD-102542,2025-04-26,2025-04-30,Standard Class,CUST-1052,Consumer,South,Reading,Technology,Phones,1,1663.69,0.15,1414.14,269.7
ORD-103147,2025-04-26,2025-04-30,Standard Class,CUST-1991,Home Office,North,Newcastle,Furniture,Chairs,3,168.39,0.4,303.1,-65.42
ORD-106040,2025-04-27,2025-05-02,Standard Class,CUST-1754,Corporate,West,Exeter,Furniture,Tables,3,181.64,0.1,490.43,-17.83
ORD-100762,2025-04-27,2025-05-02,Second Class,CUST-2165,Corporate,North,Sheffield,Office Supplies,Binders,3,76.15,0.5,114.22,-10.27
ORD-102279,2025-04-27,2025-05-01,First Class,CUST-2105,Consumer,Central,Leicester,Technology,Phones,6,773.79,0.0,4642.74,67.47
ORD-101071,2025-04-27,2025-04-30,Second Class,CUST-1467,Home Office,South,Brighton,Furniture,Chairs,5,695.55,0.0,3477.75,495.84
ORD-102614,2025-04-27,2025-04-30,Standard Class,CUST-1426,Consumer,South,Southampton,Office Supplies,Art,1,106.93,0.0,106.93,37.42
ORD-100425,2025-04-27,2025-04-30,Standard Class,CUST-2264,Consumer,North,Leeds,Office Supplies,Art,3,4.47,0.15,11.4,0.17
ORD-105998,2025-04-27,2025-05-01,Same Day,CUST-1006,Corporate,East,Cambridge,Technology,Accessories,1,719.11,0.0,719.11,120.13
ORD-101422,2025-04-27,2025-05-02,Standard Class,CUST-2008,Corporate,South,Southampton,Technology,Machines,1,1229.98,0.2,983.98,-19.31
ORD-101718,2025-04-27,2025-04-30,Standard Class,CUST-1764,Corporate,North,Newcastle,Technology,Machines,2,515.12,0.15,875.7,60.65
ORD-106492,2025-04-27,2025-05-01,First Class,CUST-2066,Consumer,East,Norwich,Office Supplies,Art,1,114.2,0.2,91.36,18.52
ORD-103970,2025-04-28,2025-05-03,Standard Class,CUST-1012,Consumer,West,Exeter,Office Supplies,Storage,3,64.3,0.15,163.97,10.98
ORD-106045,2025-04-28,2025-05-01,Standard Class,CUST-2018,Consumer,North,Manchester,Furniture,Chairs,1,653.83,0.0,653.83,117.5
ORD-106319,2025-04-28,2025-05-01,Standard Class,CUST-1939,Consumer,North,Leeds,Office Supplies,Art,1,36.41,0.3,25.49,2.71
ORD-100854,2025-04-28,2025-05-03,Standard Class,CUST-1842,Home Office,West,Plymouth,Office Supplies,Storage,5,66.94,0.1,301.23,17.08
ORD-105501,2025-04-28,2025-04-29,Standard Class,CUST-1613,Corporate,West,Bristol,Furniture,Bookcases,1,672.02,0.2,537.62,-34.28
ORD-101133,2025-04-28,2025-05-05,Same Day,CUST-2466,Corporate,North,Manchester,Furniture,Chairs,4,526.79,0.1,1896.44,155.62
ORD-105975,2025-04-28,2025-05-05,Standard Class,CUST-1901,Consumer,South,Reading,Furniture,Tables,1,99.19,0.1,89.27,4.71
ORD-106429,2025-04-28,2025-05-01,First Class,CUST-1842,Consumer,East,Peterborough,Furniture,Chairs,2,174.22,0.3,243.91,-51.59
ORD-101465,2025-04-28,2025-04-30,Standard Class,CUST-1845,Consumer,East,Cambridge,Office Supplies,Paper,5,44.32,0.0,221.6,62.41
ORD-104911,2025-04-28,2025-05-03,Standard Class,CUST-2060,Home Office,North,Manchester,Technology,Phones,1,182.46,0.1,164.21,-25.92
ORD-103900,2025-04-28,2025-05-03,Standard Class,CUST-1948,Consumer,North,Sheffield,Technology,Copiers,6,1653.56,0.1,8929.22,-798.24
ORD-101378,2025-04-28,2025-05-03,Same Day,CUST-2314,Consumer,South,Brighton,Office Supplies,Storage,1,110.13,0.0,110.13,8.9
ORD-104981,2025-04-29,2025-05-02,Standard Class,CUST-2329,Corporate,Central,Nottingham,Technology,Machines,1,352.02,0.1,316.82,-43.65
ORD-100259,2025-04-29,2025-05-04,Standard Class,CUST-1489,Consumer,South,Reading,Furniture,Furnishings,1,568.55,0.1,511.69,34.84
ORD-100260,2025-04-29,2025-05-04,Standard Class,CUST-1649,Consumer,South,Southampton,Technology,Accessories,1,1089.59,0.3,762.71,51.45
ORD-105246,2025-04-29,2025-05-02,Standard Class,CUST-1657,Consumer,South,Portsmouth,Technology,Machines,6,1581.39,0.0,9488.34,1225.94
ORD-105798,2025-04-29,2025-05-04,Standard Class,CUST-2137,Corporate,East,Cambridge,Technology,Accessories,2,250.01,0.0,500.02,140.56
ORD-105429,2025-04-29,2025-05-02,Standard Class,CUST-1382,Consumer,South,Southampton,Technology,Accessories,1,1097.95,0.0,1097.95,151.25
ORD-103411,2025-04-29,2025-05-06,First Class,CUST-1892,Consumer,West,Plymouth,Furniture,Tables,4,448.24,0.1,1613.66,100.36
ORD-103443,2025-04-29,2025-05-03,Standard Class,CUST-2119,Consumer,North,Leeds,Office Supplies,Binders,2,55.25,0.0,110.5,35.47
ORD-104161,2025-04-29,2025-05-04,First Class,CUST-1111,Consumer,East,Norwich,Office Supplies,Binders,1,55.95,0.0,55.95,17.59
ORD-105610,2025-04-29,2025-05-02,Standard Class,CUST-1839,Consumer,South,Brighton,Office Supplies,Art,4,115.01,0.0,460.04,108.11
ORD-103957,2025-04-30,2025-05-04,Standard Class,CUST-1657,Corporate,South,Portsmouth,Technology,Machines,5,1377.2,0.0,6886.0,1909.81
ORD-102994,2025-04-30,2025-05-03,Standard Class,CUST-1439,Consumer,Central,Leicester,Technology,Machines,3,689.58,0.3,1448.12,46.54
ORD-103786,2025-04-30,2025-05-03,Standard Class,CUST-1271,Consumer,East,Cambridge,Technology,Accessories,1,972.38,0.2,777.9,9.17
ORD-103965,2025-04-30,2025-05-03,Standard Class,CUST-1530,Corporate,North,Newcastle,Technology,Accessories,1,227.0,0.0,227.0,26.05
ORD-105991,2025-04-30,2025-05-04,Standard Class,CUST-1716,Home Office,North,Manchester,Furniture,Bookcases,2,235.03,0.1,423.05,0.23
ORD-106095,2025-04-30,2025-05-04,Standard Class,CUST-1845,Home Office,Central,Coventry,Office Supplies,Paper,5,115.85,0.5,289.62,-4.81
ORD-104315,2025-05-01,2025-05-05,First Class,CUST-2025,Corporate,South,Portsmouth,Office Supplies,Art,4,76.33,0.1,274.79,63.3
ORD-104106,2025-05-01,2025-05-03,First Class,CUST-2157,Corporate,North,Leeds,Office Supplies,Paper,1,4.53,0.15,3.85,0.06
ORD-106363,2025-05-01,2025-05-05,Standard Class,CUST-1542,Consumer,West,Plymouth,Office Supplies,Labels,3,18.13,0.1,48.95,9.89
ORD-105452,2025-05-01,2025-05-04,Standard Class,CUST-2105,Corporate,East,Cambridge,Office Supplies,Art,2,3.62,0.0,7.24,0.45
ORD-105642,2025-05-01,2025-05-03,Standard Class,CUST-1415,Corporate,South,Portsmouth,Office Supplies,Storage,1,111.13,0.0,111.13,12.84
ORD-103213,2025-05-01,2025-05-05,Standard Class,CUST-1150,Home Office,South,Portsmouth,Technology,Accessories,3,954.89,0.0,2864.67,361.44
ORD-102728,2025-05-02,2025-05-07,Standard Class,CUST-1068,Consumer,East,Cambridge,Office Supplies,Storage,5,83.08,0.15,353.09,66.15
ORD-103244,2025-05-02,2025-05-05,First Class,CUST-1844,Home Office,West,Exeter,Office Supplies,Labels,1,9.72,0.2,7.78,0.18
ORD-102673,2025-05-02,2025-05-06,Second Class,CUST-2154,Consumer,North,Sheffield,Technology,Accessories,3,894.27,0.1,2414.53,99.52
ORD-102540,2025-05-02,2025-05-07,Standard Class,CUST-1732,Corporate,West,Plymouth,Office Supplies,Storage,1,12.56,0.0,12.56,2.27
ORD-102390,2025-05-03,2025-05-07,Standard Class,CUST-1930,Consumer,South,Brighton,Technology,Copiers,5,1185.63,0.4,3556.89,-1058.01
ORD-101583,2025-05-03,2025-05-06,Second Class,CUST-2268,Consumer,South,Reading,Furniture,Furnishings,1,726.91,0.4,436.15,-37.09
ORD-105304,2025-05-03,2025-05-06,Second Class,CUST-2173,Home Office,West,Bristol,Technology,Phones,5,1359.87,0.1,6119.42,492.89
ORD-105929,2025-05-03,2025-05-10,Second Class,CUST-2433,Corporate,South,Southampton,Office Supplies,Art,1,25.47,0.0,25.47,7.21
ORD-100214,2025-05-03,2025-05-07,Standard Class,CUST-1452,Consumer,Central,Nottingham,Office Supplies,Storage,1,92.05,0.0,92.05,30.81
ORD-102992,2025-05-03,2025-05-07,Standard Class,CUST-1133,Home Office,East,Norwich,Furniture,Bookcases,6,541.44,0.15,2761.34,89.47
ORD-105354,2025-05-03,2025-05-07,Standard Class,CUST-1139,Consumer,South,Brighton,Furniture,Bookcases,5,264.29,0.2,1057.16,-176.81
ORD-101746,2025-05-03,2025-05-10,First Class,CUST-1907,Consumer,South,Brighton,Furniture,Chairs,2,581.26,0.15,988.14,39.35
ORD-103351,2025-05-03,2025-05-07,Standard Class,CUST-2273,Consumer,East,Peterborough,Office Supplies,Storage,2,33.34,0.0,66.68,20.18
ORD-102676,2025-05-04,2025-05-09,First Class,CUST-1244,Corporate,South,Brighton,Office Supplies,Binders,4,58.72,0.4,140.93,-18.22
ORD-102925,2025-05-04,2025-05-08,Standard Class,CUST-1110,Corporate,North,Manchester,Furniture,Bookcases,3,486.7,0.0,1460.1,0.43
ORD-100824,2025-05-04,2025-05-08,First Class,CUST-2370,Corporate,Central,Leicester,Technology,Machines,3,1567.04,0.1,4231.01,595.52
ORD-106381,2025-05-04,2025-05-08,Same Day,CUST-1983,Consumer,West,Plymouth,Furniture,Tables,1,414.01,0.3,289.81,-45.76
ORD-103485,2025-05-04,2025-05-09,Standard Class,CUST-2278,Corporate,Central,Coventry,Office Supplies,Binders,4,20.91,0.15,71.09,13.66
ORD-103457,2025-05-04,2025-05-08,Standard Class,CUST-1223,Consumer,North,Manchester,Technology,Accessories,1,135.51,0.1,121.96,-17.28
ORD-101140,2025-05-04,2025-05-06,Second Class,CUST-1405,Consumer,East,Peterborough,Office Supplies,Paper,1,68.45,0.4,41.07,-4.03
ORD-100277,2025-05-04,2025-05-06,Second Class,CUST-1678,Corporate,East,Norwich,Furniture,Chairs,3,784.25,0.0,2352.75,173.5
ORD-102788,2025-05-04,2025-05-08,First Class,CUST-2213,Consumer,South,Southampton,Office Supplies,Binders,1,45.68,0.0,45.68,5.11
ORD-105459,2025-05-04,2025-05-08,Standard Class,CUST-1672,Home Office,South,Brighton,Technology,Phones,2,910.63,0.4,1092.76,-137.18
ORD-104035,2025-05-05,2025-05-09,Standard Class,CUST-2414,Consumer,East,Norwich,Technology,Copiers,3,221.89,0.2,532.54,58.69
ORD-104729,2025-05-05,2025-05-07,Standard Class,CUST-1915,Consumer,North,Sheffield,Office Supplies,Binders,1,39.88,0.1,35.89,1.72
ORD-103146,2025-05-05,2025-05-09,Second Class,CUST-1217,Consumer,Central,Coventry,Technology,Copiers,1,1443.0,0.0,1443.0,43.71
ORD-100695,2025-05-05,2025-05-08,Standard Class,CUST-1482,Corporate,North,Newcastle,Furniture,Tables,4,386.98,0.0,1547.92,87.21
ORD-104921,2025-05-05,2025-05-07,Standard Class,CUST-1930,Consumer,North,Leeds,Office Supplies,Art,3,85.69,0.15,218.51,20.2
ORD-100001,2025-05-06,2025-05-07,Standard Class,CUST-1189,Consumer,Central,Birmingham,Office Supplies,Labels,3,19.32,0.0,57.96,9.27
ORD-105960,2025-05-06,2025-05-10,Standard Class,CUST-1293,Consumer,North,Manchester,Furniture,Furnishings,3,613.92,0.0,1841.76,96.41
ORD-104721,2025-05-06,2025-05-12,Same Day,CUST-1126,Consumer,West,Exeter,Technology,Machines,3,721.33,0.0,2163.99,-63.17
ORD-106162,2025-05-06,2025-05-11,Standard Class,CUST-1494,Corporate,South,Brighton,Technology,Phones,4,1417.68,0.2,4536.58,-144.53
ORD-104523,2025-05-07,2025-05-10,Second Class,CUST-1766,Consumer,Central,Coventry,Office Supplies,Binders,2,97.52,0.0,195.04,63.6
ORD-103512,2025-05-07,2025-05-10,First Class,CUST-2064,Consumer,East,Cambridge,Furniture,Bookcases,2,281.75,0.15,478.97,-32.03
ORD-101778,2025-05-07,2025-05-10,Standard Class,CUST-1537,Consumer,West,Cardiff,Office Supplies,Storage,1,53.83,0.0,53.83,10.7
ORD-104684,2025-05-07,2025-05-11,Standard Class,CUST-2223,Corporate,Central,Leicester,Office Supplies,Labels,2,84.78,0.0,169.56,48.17
ORD-104906,2025-05-08,2025-05-10,Standard Class,CUST-1043,Consumer,East,Norwich,Technology,Phones,2,819.27,0.1,1474.69,352.78
ORD-102631,2025-05-08,2025-05-11,Standard Class,CUST-1598,Consumer,North,Newcastle,Technology,Machines,2,990.9,0.0,1981.8,21.98
ORD-101174,2025-05-08,2025-05-11,Standard Class,CUST-2077,Consumer,West,Exeter,Office Supplies,Binders,6,109.6,0.0,657.6,184.93
ORD-101520,2025-05-08,2025-05-12,Standard Class,CUST-1671,Consumer,South,Reading,Technology,Accessories,2,1408.86,0.4,1690.63,-126.12
ORD-102222,2025-05-08,2025-05-10,Standard Class,CUST-1899,Corporate,West,Exeter,Office Supplies,Binders,2,59.4,0.0,118.8,18.94
ORD-101792,2025-05-08,2025-05-09,First Class,CUST-1279,Consumer,East,Cambridge,Office Supplies,Paper,4,66.25,0.0,265.0,20.89
ORD-105172,2025-05-09,2025-05-16,Standard Class,CUST-1795,Consumer,Central,Leicester,Office Supplies,Labels,1,33.82,0.0,33.82,5.36
ORD-106467,2025-05-09,2025-05-15,First Class,CUST-1177,Consumer,West,Bristol,Technology,Accessories,3,1380.88,0.3,2899.85,-496.17
ORD-105309,2025-05-09,2025-05-13,First Class,CUST-1200,Consumer,South,Southampton,Office Supplies,Paper,1,10.28,0.1,9.25,1.42
ORD-106068,2025-05-09,2025-05-13,Second Class,CUST-1853,Corporate,East,Ipswich,Technology,Accessories,1,275.45,0.0,275.45,47.76
ORD-102031,2025-05-09,2025-05-12,Standard Class,CUST-2191,Consumer,North,Leeds,Furniture,Tables,2,650.1,0.2,1040.16,-82.91
ORD-102704,2025-05-09,2025-05-12,Standard Class,CUST-1315,Consumer,Central,Nottingham,Technology,Phones,3,1268.3,0.1,3424.41,754.71
ORD-104165,2025-05-09,2025-05-14,Standard Class,CUST-2439,Corporate,Central,Coventry,Office Supplies,Paper,3,54.06,0.2,129.74,-8.58
ORD-103224,2025-05-09,2025-05-13,Standard Class,CUST-1927,Consumer,East,Ipswich,Office Supplies,Art,1,96.25,0.15,81.81,9.16
ORD-101749,2025-05-09,2025-05-14,First Class,CUST-1372,Consumer,Central,Leicester,Office Supplies,Binders,3,35.78,0.2,85.87,4.99
ORD-106154,2025-05-10,2025-05-15,Second Class,CUST-1351,Corporate,West,Exeter,Furniture,Chairs,1,296.24,0.2,236.99,-19.68
ORD-101521,2025-05-10,2025-05-14,Standard Class,CUST-1260,Consumer,Central,Nottingham,Office Supplies,Storage,2,113.78,0.0,227.56,32.23
ORD-100698,2025-05-10,2025-05-12,Standard Class,CUST-1874,Consumer,North,Manchester,Office Supplies,Labels,1,87.29,0.15,74.2,4.44
ORD-104115,2025-05-10,2025-05-12,Standard Class,CUST-1194,Corporate,Central,Nottingham,Furniture,Bookcases,4,163.14,0.1,587.3,-22.69
ORD-101493,2025-05-11,2025-05-14,Standard Class,CUST-1569,Corporate,East,Peterborough,Technology,Machines,5,1673.49,0.15,7112.33,-1301.18
ORD-101420,2025-05-11,2025-05-13,First Class,CUST-1213,Consumer,West,Cardiff,Technology,Copiers,2,1186.87,0.1,2136.37,279.74
ORD-105151,2025-05-11,2025-05-13,Second Class,CUST-1687,Consumer,North,Newcastle,Furniture,Tables,1,148.58,0.0,148.58,12.5
ORD-103704,2025-05-11,2025-05-15,Standard Class,CUST-1130,Consumer,West,Cardiff,Furniture,Furnishings,2,236.18,0.2,377.89,-5.44
ORD-105223,2025-05-11,2025-05-18,Standard Class,CUST-1974,Consumer,West,Cardiff,Office Supplies,Storage,1,22.02,0.2,17.62,3.74
ORD-104425,2025-05-11,2025-05-16,Standard Class,CUST-1541,Consumer,East,Norwich,Furniture,Furnishings,1,69.6,0.0,69.6,-0.74
ORD-100423,2025-05-12,2025-05-17,Standard Class,CUST-2116,Consumer,North,Sheffield,Office Supplies,Paper,5,82.23,0.0,411.15,29.06
ORD-104574,2025-05-12,2025-05-16,Standard Class,CUST-1586,Consumer,West,Plymouth,Furniture,Bookcases,3,612.44,0.2,1469.86,-224.52
ORD-102506,2025-05-12,2025-05-18,Same Day,CUST-2324,Home Office,Central,Coventry,Office Supplies,Paper,4,99.08,0.1,356.69,19.12
ORD-105974,2025-05-12,2025-05-14,First Class,CUST-2309,Home Office,West,Bristol,Technology,Copiers,4,522.99,0.1,1882.76,-159.89
ORD-102675,2025-05-12,2025-05-16,Standard Class,CUST-1188,Home Office,East,Norwich,Technology,Machines,1,876.32,0.0,876.32,225.96
ORD-103637,2025-05-12,2025-05-17,Standard Class,CUST-1653,Consumer,South,Southampton,Office Supplies,Labels,2,92.04,0.1,165.67,2.38
ORD-105312,2025-05-12,2025-05-16,Standard Class,CUST-1931,Consumer,West,Cardiff,Furniture,Furnishings,4,454.41,0.5,908.82,-206.72
ORD-106333,2025-05-12,2025-05-16,Standard Class,CUST-1444,Corporate,North,Sheffield,Office Supplies,Labels,6,57.63,0.0,345.78,104.39
ORD-101951,2025-05-12,2025-05-13,Second Class,CUST-1361,Consumer,South,Reading,Office Supplies,Labels,4,118.79,0.2,380.13,26.84
ORD-102456,2025-05-12,2025-05-14,Standard Class,CUST-1987,Corporate,West,Exeter,Office Supplies,Paper,1,51.47,0.0,51.47,13.12
ORD-101130,2025-05-13,2025-05-17,Second Class,CUST-1982,Home Office,East,Peterborough,Office Supplies,Binders,6,69.78,0.1,376.81,58.59
ORD-103404,2025-05-13,2025-05-16,Second Class,CUST-2261,Consumer,East,Ipswich,Technology,Machines,2,1239.8,0.0,2479.6,7.19
ORD-104583,2025-05-13,2025-05-17,First Class,CUST-1391,Consumer,North,Manchester,Office Supplies,Storage,5,54.54,0.15,231.79,46.72
ORD-105351,2025-05-13,2025-05-16,Standard Class,CUST-2044,Corporate,North,Manchester,Furniture,Furnishings,1,648.48,0.1,583.63,-25.57
ORD-106128,2025-05-13,2025-05-20,Standard Class,CUST-2022,Corporate,Central,Birmingham,Office Supplies,Art,1,39.92,0.4,23.95,2.29
ORD-103814,2025-05-14,2025-05-18,First Class,CUST-1954,Consumer,West,Cardiff,Technology,Accessories,2,882.01,0.3,1234.81,-310.46
ORD-106306,2025-05-14,2025-05-15,Standard Class,CUST-1903,Corporate,East,Ipswich,Technology,Accessories,4,487.9,0.3,1366.12,-220.36
ORD-101976,2025-05-14,2025-05-17,Same Day,CUST-1031,Consumer,West,Plymouth,Office Supplies,Art,1,70.59,0.0,70.59,19.3
ORD-106166,2025-05-14,2025-05-21,Same Day,CUST-1813,Consumer,Central,Leicester,Office Supplies,Paper,2,119.46,0.3,167.24,-2.74
ORD-104709,2025-05-14,2025-05-18,First Class,CUST-1449,Home Office,West,Bristol,Office Supplies,Paper,2,92.18,0.0,184.36,56.96
ORD-101235,2025-05-14,2025-05-18,Second Class,CUST-1940,Consumer,South,Brighton,Furniture,Bookcases,3,91.72,0.0,275.16,12.42
ORD-106388,2025-05-14,2025-05-20,First Class,CUST-1801,Consumer,North,Sheffield,Technology,Phones,4,413.79,0.0,1655.16,282.8
ORD-102079,2025-05-15,2025-05-18,Standard Class,CUST-2201,Corporate,Central,Coventry,Furniture,Bookcases,2,304.37,0.0,608.74,-10.57
ORD-100906,2025-05-15,2025-05-22,Same Day,CUST-1562,Home Office,Central,Birmingham,Technology,Copiers,3,1436.37,0.2,3447.29,-268.42
ORD-103864,2025-05-15,2025-05-21,Second Class,CUST-2121,Corporate,West,Cardiff,Office Supplies,Paper,3,35.05,0.1,94.64,6.0
ORD-100097,2025-05-15,2025-05-20,Standard Class,CUST-1800,Consumer,South,Southampton,Furniture,Chairs,2,564.02,0.0,1128.04,123.91
ORD-100210,2025-05-15,2025-05-20,Standard Class,CUST-1982,Corporate,South,Southampton,Office Supplies,Storage,4,82.04,0.1,295.34,70.57
ORD-104870,2025-05-15,2025-05-19,Standard Class,CUST-1469,Consumer,Central,Leicester,Technology,Phones,1,1294.88,0.1,1165.39,-36.73
ORD-105054,2025-05-15,2025-05-16,Standard Class,CUST-1374,Corporate,North,Newcastle,Technology,Copiers,2,136.01,0.1,244.82,26.56
ORD-103071,2025-05-15,2025-05-17,Standard Class,CUST-1573,Corporate,West,Bristol,Office Supplies,Binders,5,25.86,0.15,109.91,25.84
ORD-104990,2025-05-15,2025-05-18,Standard Class,CUST-1165,Consumer,South,Reading,Office Supplies,Art,2,50.45,0.2,80.72,11.38
ORD-106187,2025-05-15,2025-05-19,Standard Class,CUST-2019,Corporate,East,Cambridge,Furniture,Bookcases,4,525.4,0.0,2101.6,171.21
ORD-100610,2025-05-16,2025-05-18,First Class,CUST-1716,Consumer,East,Norwich,Technology,Copiers,2,805.13,0.0,1610.26,138.28
ORD-102916,2025-05-16,2025-05-19,Standard Class,CUST-1954,Corporate,East,Cambridge,Office Supplies,Labels,1,33.78,0.2,27.02,4.54
ORD-101616,2025-05-16,2025-05-20,Same Day,CUST-2011,Home Office,North,Manchester,Office Supplies,Paper,4,28.81,0.1,103.72,5.94
ORD-100614,2025-05-16,2025-05-19,First Class,CUST-1904,Consumer,Central,Birmingham,Office Supplies,Binders,2,60.4,0.3,84.56,6.92
ORD-100581,2025-05-16,2025-05-20,Standard Class,CUST-1796,Consumer,South,Southampton,Furniture,Furnishings,4,606.66,0.15,2062.64,-130.25
ORD-104689,2025-05-16,2025-05-22,Standard Class,CUST-2098,Consumer,South,Portsmouth,Technology,Phones,1,943.44,0.2,754.75,-55.06
ORD-105925,2025-05-16,2025-05-19,Standard Class,CUST-2092,Corporate,North,Sheffield,Office Supplies,Storage,1,78.72,0.3,55.1,-2.9
ORD-104157,2025-05-16,2025-05-18,Standard Class,CUST-1087,Consumer,West,Plymouth,Furniture,Bookcases,2,814.81,0.0,1629.62,187.53
ORD-101530,2025-05-16,2025-05-21,Standard Class,CUST-1290,Corporate,North,Sheffield,Furniture,Furnishings,2,477.83,0.1,860.09,-16.89
ORD-101382,2025-05-16,2025-05-18,Second Class,CUST-1623,Consumer,North,Manchester,Office Supplies,Labels,4,29.89,0.2,95.65,0.05
ORD-103011,2025-05-17,2025-05-19,Second Class,CUST-1895,Home Office,North,Sheffield,Office Supplies,Paper,1,5.56,0.1,5.0,1.45
ORD-105715,2025-05-17,2025-05-20,First Class,CUST-1777,Consumer,East,Ipswich,Office Supplies,Art,1,22.89,0.1,20.6,1.35
ORD-102646,2025-05-17,2025-05-21,Standard Class,CUST-2342,Corporate,South,Brighton,Furniture,Tables,2,312.6,0.1,562.68,-33.16
ORD-102957,2025-05-18,2025-05-22,Standard Class,CUST-1000,Corporate,East,Ipswich,Technology,Machines,1,211.52,0.0,211.52,30.87
ORD-100478,2025-05-18,2025-05-23,Standard Class,CUST-1934,Consumer,North,Leeds,Furniture,Tables,6,206.9,0.15,1055.19,-105.64
ORD-104124,2025-05-18,2025-05-21,Standard Class,CUST-1189,Consumer,West,Plymouth,Office Supplies,Storage,2,106.72,0.15,181.42,14.23
ORD-104434,2025-05-18,2025-05-20,Standard Class,CUST-2252,Consumer,North,Manchester,Furniture,Chairs,3,267.64,0.0,802.92,7.31
ORD-103858,2025-05-18,2025-05-24,First Class,CUST-1695,Consumer,West,Cardiff,Office Supplies,Labels,6,48.2,0.1,260.28,9.94
ORD-106299,2025-05-18,2025-05-23,Standard Class,CUST-2128,Consumer,East,Ipswich,Office Supplies,Labels,1,81.97,0.4,49.18,-4.09
ORD-103851,2025-05-18,2025-05-23,Standard Class,CUST-1929,Corporate,East,Cambridge,Technology,Copiers,1,444.89,0.15,378.16,44.2
ORD-104718,2025-05-18,2025-05-25,Standard Class,CUST-2374,Home Office,East,Ipswich,Furniture,Tables,1,682.63,0.15,580.24,48.04
ORD-101148,2025-05-19,2025-05-20,First Class,CUST-2161,Home Office,East,Peterborough,Technology,Machines,2,814.17,0.2,1302.67,98.91
ORD-106337,2025-05-19,2025-05-26,Standard Class,CUST-1671,Corporate,West,Plymouth,Office Supplies,Binders,6,55.85,0.1,301.59,42.0
ORD-104575,2025-05-19,2025-05-25,Standard Class,CUST-1554,Corporate,North,Manchester,Technology,Phones,2,1244.5,0.15,2115.65,-308.48
ORD-101646,2025-05-19,2025-05-22,Standard Class,CUST-1109,Home Office,North,Newcastle,Technology,Accessories,2,455.04,0.0,910.08,208.59
ORD-106023,2025-05-19,2025-05-22,Standard Class,CUST-1552,Consumer,South,Brighton,Office Supplies,Art,2,13.26,0.1,23.87,0.57
ORD-103660,2025-05-19,2025-05-22,Same Day,CUST-2401,Consumer,Central,Birmingham,Furniture,Furnishings,3,358.71,0.0,1076.13,111.29
ORD-106173,2025-05-19,2025-05-26,First Class,CUST-1146,Consumer,North,Manchester,Office Supplies,Paper,1,53.14,0.0,53.14,13.53
ORD-106175,2025-05-19,2025-05-26,Standard Class,CUST-2489,Consumer,East,Peterborough,Office Supplies,Storage,3,62.75,0.2,150.6,-8.51
ORD-103479,2025-05-19,2025-05-24,Second Class,CUST-1536,Consumer,South,Brighton,Technology,Accessories,2,1041.34,0.5,1041.34,-353.01
ORD-100578,2025-05-20,2025-05-22,First Class,CUST-1491,Consumer,East,Ipswich,Furniture,Bookcases,3,241.55,0.0,724.65,35.71
ORD-101460,2025-05-20,2025-05-27,Standard Class,CUST-1711,Consumer,South,Reading,Technology,Accessories,1,422.83,0.0,422.83,119.05
ORD-100826,2025-05-20,2025-05-25,Second Class,CUST-2443,Consumer,North,Sheffield,Office Supplies,Labels,4,84.15,0.4,201.96,5.09
ORD-101385,2025-05-20,2025-05-24,Standard Class,CUST-1338,Consumer,North,Sheffield,Office Supplies,Binders,5,22.47,0.0,112.35,10.74
ORD-103009,2025-05-20,2025-05-24,Standard Class,CUST-2197,Consumer,North,Manchester,Office Supplies,Storage,1,112.67,0.1,101.4,12.21
ORD-100049,2025-05-20,2025-05-23,First Class,CUST-1024,Corporate,North,Newcastle,Office Supplies,Paper,1,65.63,0.0,65.63,10.03
ORD-106092,2025-05-20,2025-05-25,First Class,CUST-1526,Home Office,East,Norwich,Technology,Phones,4,524.22,0.0,2096.88,127.99
ORD-101153,2025-05-20,2025-05-24,Standard Class,CUST-2466,Consumer,Central,Leicester,Office Supplies,Art,3,107.34,0.0,322.02,36.92
ORD-104704,2025-05-20,2025-05-23,Standard Class,CUST-1684,Consumer,East,Cambridge,Furniture,Tables,2,457.92,0.0,915.84,75.66
ORD-102622,2025-05-21,2025-05-24,Second Class,CUST-1661,Corporate,West,Plymouth,Furniture,Furnishings,2,736.77,0.15,1252.51,64.96
ORD-100875,2025-05-21,2025-05-24,Second Class,CUST-1038,Consumer,South,Southampton,Office Supplies,Storage,4,81.88,0.0,327.52,108.02
ORD-104548,2025-05-21,2025-05-25,Standard Class,CUST-1087,Home Office,North,Manchester,Technology,Machines,1,1767.38,0.0,1767.38,373.61
ORD-104263,2025-05-21,2025-05-23,Standard Class,CUST-1061,Consumer,North,Manchester,Furniture,Tables,3,476.52,0.3,1000.69,-191.88
ORD-104706,2025-05-21,2025-05-25,Standard Class,CUST-1724,Consumer,West,Cardiff,Office Supplies,Binders,3,59.63,0.15,152.06,11.29
ORD-100961,2025-05-22,2025-05-24,Second Class,CUST-1943,Consumer,East,Cambridge,Technology,Phones,5,1532.82,0.4,4598.46,-518.82
ORD-100266,2025-05-22,2025-05-25,Standard Class,CUST-2148,Corporate,North,Leeds,Technology,Phones,4,1124.66,0.1,4048.78,363.77
ORD-106172,2025-05-22,2025-05-25,Second Class,CUST-2159,Consumer,South,Southampton,Office Supplies,Labels,2,38.45,0.15,65.37,7.47
ORD-106481,2025-05-22,2025-05-25,Second Class,CUST-2487,Home Office,Central,Birmingham,Office Supplies,Storage,5,79.6,0.15,338.3,-4.02
ORD-101694,2025-05-22,2025-05-26,Second Class,CUST-1139,Corporate,West,Cardiff,Office Supplies,Labels,4,94.49,0.0,377.96,50.49
ORD-102203,2025-05-22,2025-05-27,Second Class,CUST-1124,Consumer,East,Norwich,Furniture,Bookcases,1,790.92,0.15,672.28,5.26
ORD-100476,2025-05-22,2025-05-23,Standard Class,CUST-1402,Consumer,West,Exeter,Furniture,Chairs,4,786.85,0.15,2675.29,73.12
ORD-103026,2025-05-22,2025-05-24,Standard Class,CUST-1205,Corporate,East,Ipswich,Furniture,Furnishings,1,432.04,0.1,388.84,-18.8
ORD-100420,2025-05-22,2025-05-25,Standard Class,CUST-2227,Home Office,Central,Coventry,Furniture,Bookcases,1,812.27,0.4,487.36,-91.63
ORD-100324,2025-05-22,2025-05-25,Same Day,CUST-1192,Home Office,East,Peterborough,Furniture,Bookcases,2,133.63,0.0,267.26,41.43
ORD-101697,2025-05-23,2025-05-27,Second Class,CUST-2259,Corporate,Central,Coventry,Technology,Copiers,1,907.88,0.1,817.09,-117.46
ORD-100697,2025-05-23,2025-05-27,Second Class,CUST-2160,Consumer,Central,Coventry,Office Supplies,Art,3,114.63,0.2,275.11,47.07
ORD-106355,2025-05-23,2025-05-26,Standard Class,CUST-1433,Consumer,South,Reading,Technology,Phones,3,1145.11,0.2,2748.26,-115.83
ORD-103114,2025-05-23,2025-05-25,First Class,CUST-1529,Consumer,North,Leeds,Furniture,Tables,4,763.79,0.3,2138.61,-345.49
ORD-101791,2025-05-23,2025-05-29,First Class,CUST-1302,Consumer,South,Reading,Office Supplies,Paper,2,88.53,0.0,177.06,33.53
ORD-100557,2025-05-24,2025-05-28,Standard Class,CUST-1868,Home Office,West,Bristol,Furniture,Chairs,4,495.39,0.1,1783.4,-67.2
ORD-101468,2025-05-24,2025-05-31,First Class,CUST-1218,Consumer,West,Bristol,Office Supplies,Storage,2,119.38,0.1,214.88,2.23
ORD-104359,2025-05-24,2025-05-27,Standard Class,CUST-1012,Home Office,West,Cardiff,Furniture,Tables,1,528.07,0.0,528.07,-3.64
ORD-102576,2025-05-24,2025-05-27,Second Class,CUST-2493,Home Office,North,Newcastle,Office Supplies,Storage,4,41.08,0.0,164.32,20.87
ORD-100738,2025-05-25,2025-05-30,Standard Class,CUST-1565,Corporate,North,Sheffield,Office Supplies,Labels,1,57.37,0.15,48.76,-0.56
ORD-100054,2025-05-25,2025-05-29,Same Day,CUST-1784,Consumer,North,Leeds,Office Supplies,Labels,1,97.76,0.0,97.76,24.88
ORD-102720,2025-05-25,2025-05-30,Standard Class,CUST-1913,Consumer,North,Manchester,Office Supplies,Paper,3,66.33,0.15,169.14,7.21
ORD-103588,2025-05-25,2025-05-27,Standard Class,CUST-2153,Consumer,West,Cardiff,Office Supplies,Paper,1,20.16,0.15,17.14,0.63
ORD-101250,2025-05-25,2025-05-30,Standard Class,CUST-1756,Corporate,West,Plymouth,Furniture,Furnishings,3,452.21,0.1,1220.97,-27.87
ORD-105322,2025-05-25,2025-05-29,Same Day,CUST-2369,Consumer,South,Portsmouth,Technology,Copiers,4,735.56,0.15,2500.9,235.62
ORD-100284,2025-05-25,2025-06-01,Standard Class,CUST-2224,Consumer,West,Bristol,Technology,Accessories,1,629.23,0.1,566.31,48.73
ORD-104224,2025-05-25,2025-05-28,Standard Class,CUST-1755,Corporate,East,Peterborough,Office Supplies,Paper,1,19.3,0.0,19.3,2.27
ORD-100844,2025-05-25,2025-05-26,Second Class,CUST-2106,Consumer,West,Exeter,Technology,Accessories,2,523.57,0.3,733.0,-116.07
ORD-100820,2025-05-25,2025-05-29,Second Class,CUST-2374,Consumer,North,Newcastle,Technology,Copiers,1,1036.72,0.0,1036.72,-100.01
ORD-105066,2025-05-26,2025-05-30,Standard Class,CUST-1081,Consumer,East,Cambridge,Furniture,Tables,2,831.39,0.1,1496.5,-69.08
ORD-104735,2025-05-26,2025-05-31,Second Class,CUST-2276,Home Office,South,Southampton,Furniture,Chairs,2,89.6,0.0,179.2,8.11
ORD-106142,2025-05-26,2025-05-29,Standard Class,CUST-1282,Home Office,North,Leeds,Furniture,Chairs,5,623.07,0.1,2803.82,-230.88
ORD-102362,2025-05-26,2025-06-02,Standard Class,CUST-1220,Corporate,South,Brighton,Office Supplies,Storage,1,47.98,0.3,33.59,1.13
ORD-106303,2025-05-27,2025-06-01,Standard Class,CUST-2364,Home Office,East,Cambridge,Furniture,Furnishings,3,373.89,0.0,1121.67,-53.32
ORD-100591,2025-05-27,2025-06-02,First Class,CUST-2361,Home Office,North,Sheffield,Technology,Accessories,2,435.58,0.2,696.93,-68.42
ORD-103337,2025-05-27,2025-06-01,First Class,CUST-1436,Consumer,South,Portsmouth,Furniture,Bookcases,3,201.36,0.0,604.08,7.15
ORD-103040,2025-05-27,2025-06-01,Second Class,CUST-1306,Consumer,East,Norwich,Technology,Copiers,3,701.09,0.0,2103.27,-157.42
ORD-101323,2025-05-27,2025-05-31,Standard Class,CUST-1167,Consumer,North,Manchester,Furniture,Tables,2,131.01,0.1,235.82,24.66
ORD-102754,2025-05-27,2025-05-30,First Class,CUST-2098,Corporate,West,Exeter,Office Supplies,Labels,1,7.43,0.2,5.94,1.32
ORD-104797,2025-05-27,2025-06-01,Standard Class,CUST-2041,Consumer,South,Reading,Office Supplies,Storage,1,46.38,0.1,41.74,4.98
ORD-102430,2025-05-27,2025-05-31,Second Class,CUST-1487,Consumer,Central,Nottingham,Office Supplies,Binders,1,40.04,0.0,40.04,5.99
ORD-100579,2025-05-27,2025-05-30,Standard Class,CUST-1852,Corporate,South,Southampton,Furniture,Chairs,1,601.6,0.0,601.6,67.88
ORD-105913,2025-05-28,2025-05-31,Standard Class,CUST-1929,Consumer,East,Peterborough,Technology,Phones,1,630.72,0.2,504.58,-16.3
ORD-104005,2025-05-28,2025-06-01,Standard Class,CUST-2148,Consumer,East,Norwich,Furniture,Furnishings,4,676.27,0.3,1893.56,-336.37
ORD-105303,2025-05-28,2025-05-31,Second Class,CUST-2178,Corporate,East,Peterborough,Furniture,Furnishings,2,343.11,0.0,686.22,-23.23
ORD-102052,2025-05-28,2025-06-01,Second Class,CUST-2037,Home Office,Central,Leicester,Furniture,Furnishings,1,265.43,0.1,238.89,-11.14
ORD-101642,2025-05-28,2025-05-31,Standard Class,CUST-1801,Consumer,South,Southampton,Technology,Accessories,1,310.61,0.1,279.55,-43.42
ORD-101596,2025-05-28,2025-06-01,Standard Class,CUST-2034,Consumer,West,Bristol,Furniture,Bookcases,2,803.45,0.0,1606.9,58.05
ORD-103762,2025-05-29,2025-06-01,First Class,CUST-2483,Consumer,South,Southampton,Office Supplies,Binders,1,88.4,0.1,79.56,-0.65
ORD-105012,2025-05-29,2025-06-01,Second Class,CUST-1643,Corporate,Central,Leicester,Office Supplies,Labels,2,76.57,0.0,153.14,30.33
ORD-103868,2025-05-29,2025-06-02,Standard Class,CUST-1535,Consumer,East,Norwich,Technology,Accessories,1,856.25,0.2,685.0,-28.27
ORD-100454,2025-05-29,2025-06-03,Standard Class,CUST-1615,Home Office,East,Ipswich,Office Supplies,Binders,3,76.71,0.1,207.12,6.9
ORD-104897,2025-05-29,2025-05-31,Standard Class,CUST-1931,Consumer,West,Cardiff,Furniture,Furnishings,1,528.64,0.15,449.34,-15.15
ORD-100226,2025-05-29,2025-05-31,Standard Class,CUST-2135,Corporate,North,Sheffield,Furniture,Bookcases,3,572.09,0.3,1201.39,-50.28
ORD-101662,2025-05-30,2025-06-03,First Class,CUST-2356,Corporate,South,Portsmouth,Technology,Machines,1,362.42,0.1,326.18,-43.18
ORD-105417,2025-05-30,2025-06-03,First Class,CUST-1845,Corporate,North,Leeds,Office Supplies,Binders,4,79.41,0.4,190.58,-23.69
ORD-105677,2025-05-30,2025-06-03,Standard Class,CUST-1618,Consumer,Central,Leicester,Office Supplies,Paper,1,82.37,0.1,74.13,5.85
ORD-101001,2025-05-30,2025-06-05,Standard Class,CUST-1310,Consumer,West,Bristol,Furniture,Tables,3,178.3,0.0,534.9,42.36
ORD-100470,2025-05-30,2025-06-01,Standard Class,CUST-1185,Corporate,East,Peterborough,Furniture,Chairs,2,744.29,0.4,893.15,-153.52
ORD-101187,2025-05-30,2025-06-04,Standard Class,CUST-2476,Home Office,South,Reading,Technology,Accessories,4,590.22,0.15,2006.75,408.25
ORD-100664,2025-05-30,2025-06-03,Standard Class,CUST-1545,Consumer,Central,Leicester,Furniture,Chairs,1,208.38,0.0,208.38,35.39
ORD-104344,2025-05-30,2025-06-03,First Class,CUST-2454,Consumer,Central,Coventry,Technology,Copiers,4,1313.33,0.0,5253.32,1549.82
ORD-102843,2025-05-30,2025-06-01,Standard Class,CUST-1669,Consumer,South,Brighton,Furniture,Chairs,1,763.85,0.0,763.85,-18.02
ORD-106356,2025-05-30,2025-06-01,Standard Class,CUST-2263,Home Office,South,Southampton,Technology,Phones,3,1271.17,0.2,3050.81,383.08
ORD-100104,2025-05-30,2025-06-04,Standard Class,CUST-1294,Corporate,East,Cambridge,Technology,Copiers,2,1100.98,0.1,1981.76,311.5
ORD-103481,2025-05-30,2025-06-04,Standard Class,CUST-1528,Home Office,South,Brighton,Office Supplies,Art,1,37.1,0.2,29.68,2.75
ORD-101684,2025-05-31,2025-06-07,Standard Class,CUST-1380,Corporate,Central,Leicester,Office Supplies,Labels,1,23.5,0.2,18.8,0.94
ORD-105202,2025-05-31,2025-06-04,Standard Class,CUST-1656,Consumer,East,Cambridge,Technology,Phones,6,1381.7,0.0,8290.2,1418.33
ORD-106274,2025-05-31,2025-06-04,Second Class,CUST-2147,Consumer,South,Reading,Office Supplies,Binders,1,106.09,0.2,84.87,19.46
ORD-102615,2025-05-31,2025-06-06,Standard Class,CUST-2480,Consumer,South,Southampton,Technology,Phones,4,481.86,0.0,1927.44,577.44
ORD-100743,2025-05-31,2025-06-02,Standard Class,CUST-1800,Home Office,East,Norwich,Technology,Accessories,3,972.9,0.0,2918.7,105.39
ORD-105499,2025-05-31,2025-06-03,Standard Class,CUST-1231,Consumer,Central,Coventry,Furniture,Bookcases,1,887.08,0.2,709.66,-117.88
ORD-103279,2025-05-31,2025-06-06,Standard Class,CUST-1613,Consumer,Central,Nottingham,Office Supplies,Labels,4,56.32,0.0,225.28,24.82
ORD-104837,2025-05-31,2025-06-05,Standard Class,CUST-2267,Corporate,East,Cambridge,Office Supplies,Labels,5,20.89,0.2,83.56,-2.13
ORD-101982,2025-05-31,2025-06-07,Second Class,CUST-2237,Corporate,North,Newcastle,Office Supplies,Art,5,16.33,0.0,81.65,6.31
ORD-106126,2025-05-31,2025-06-03,Standard Class,CUST-1152,Corporate,West,Cardiff,Technology,Copiers,2,1455.92,0.15,2475.06,-438.95
ORD-102182,2025-05-31,2025-06-07,Second Class,CUST-1569,Consumer,East,Peterborough,Furniture,Chairs,2,609.05,0.0,1218.1,-31.24
ORD-103335,2025-06-01,2025-06-02,Second Class,CUST-2075,Consumer,South,Brighton,Office Supplies,Paper,3,64.19,0.0,192.57,43.5
ORD-101027,2025-06-01,2025-06-04,Standard Class,CUST-2157,Home Office,East,Peterborough,Furniture,Tables,1,405.97,0.15,345.07,-39.62
ORD-103592,2025-06-01,2025-06-06,Second Class,CUST-2443,Consumer,East,Ipswich,Technology,Phones,1,616.4,0.0,616.4,135.81
ORD-103945,2025-06-01,2025-06-04,Standard Class,CUST-1480,Corporate,West,Plymouth,Office Supplies,Storage,6,36.61,0.0,219.66,25.76
ORD-100500,2025-06-01,2025-06-05,Same Day,CUST-1393,Consumer,North,Leeds,Office Supplies,Binders,3,34.39,0.1,92.85,19.17
ORD-103956,2025-06-01,2025-06-04,Second Class,CUST-2244,Consumer,East,Peterborough,Furniture,Bookcases,5,572.38,0.15,2432.62,143.91
ORD-105180,2025-06-01,2025-06-03,Second Class,CUST-2130,Consumer,South,Brighton,Furniture,Chairs,5,450.88,0.15,1916.24,91.08
ORD-105570,2025-06-01,2025-06-05,Same Day,CUST-1779,Home Office,East,Norwich,Furniture,Tables,2,492.06,0.0,984.12,24.5
ORD-104051,2025-06-02,2025-06-07,Second Class,CUST-1824,Corporate,North,Manchester,Furniture,Furnishings,1,630.06,0.0,630.06,-22.05
ORD-103120,2025-06-02,2025-06-07,Second Class,CUST-1622,Corporate,South,Brighton,Technology,Phones,3,596.48,0.3,1252.61,-124.37
ORD-100920,2025-06-02,2025-06-07,Standard Class,CUST-2157,Consumer,South,Reading,Furniture,Furnishings,2,363.56,0.15,618.05,-82.18
ORD-100272,2025-06-02,2025-06-09,Standard Class,CUST-1824,Home Office,West,Plymouth,Technology,Copiers,1,408.8,0.15,347.48,17.8
ORD-103997,2025-06-02,2025-06-06,Standard Class,CUST-1486,Consumer,North,Sheffield,Office Supplies,Storage,2,3.19,0.0,6.38,0.51
ORD-102144,2025-06-02,2025-06-04,Standard Class,CUST-2070,Home Office,East,Norwich,Furniture,Tables,1,116.53,0.0,116.53,1.08
ORD-100730,2025-06-02,2025-06-05,Standard Class,CUST-2111,Home Office,East,Ipswich,Furniture,Tables,3,377.55,0.0,1132.65,-54.22
ORD-103867,2025-06-02,2025-06-06,Standard Class,CUST-1045,Consumer,West,Cardiff,Office Supplies,Labels,6,93.66,0.15,477.67,44.26
ORD-106125,2025-06-02,2025-06-08,Standard Class,CUST-2283,Corporate,West,Plymouth,Office Supplies,Paper,1,70.07,0.0,70.07,21.92
ORD-105895,2025-06-02,2025-06-03,Standard Class,CUST-2208,Home Office,West,Bristol,Technology,Accessories,5,927.44,0.0,4637.2,1150.24
ORD-105743,2025-06-03,2025-06-05,First Class,CUST-2283,Corporate,West,Cardiff,Office Supplies,Binders,1,111.84,0.1,100.66,24.95
ORD-104557,2025-06-03,2025-06-05,Standard Class,CUST-1064,Home Office,North,Leeds,Office Supplies,Paper,2,58.04,0.15,98.67,17.16
ORD-100480,2025-06-04,2025-06-08,Standard Class,CUST-2035,Consumer,West,Exeter,Furniture,Bookcases,1,803.87,0.0,803.87,122.96
ORD-103496,2025-06-04,2025-06-09,Second Class,CUST-2187,Consumer,East,Cambridge,Technology,Machines,3,1058.38,0.5,1587.57,-371.29
ORD-101958,2025-06-04,2025-06-06,Standard Class,CUST-1956,Consumer,South,Reading,Technology,Phones,3,1626.97,0.4,2928.55,-16.37
ORD-104646,2025-06-04,2025-06-09,Standard Class,CUST-2493,Home Office,Central,Nottingham,Technology,Accessories,1,594.72,0.5,297.36,-14.04
ORD-104926,2025-06-04,2025-06-08,Standard Class,CUST-1635,Consumer,Central,Coventry,Furniture,Tables,1,260.27,0.2,208.22,-4.01
ORD-105829,2025-06-04,2025-06-10,Standard Class,CUST-2212,Consumer,Central,Coventry,Technology,Copiers,1,1742.1,0.0,1742.1,303.68
ORD-100736,2025-06-04,2025-06-09,First Class,CUST-2088,Corporate,South,Southampton,Office Supplies,Labels,1,110.43,0.2,88.34,19.76
ORD-100405,2025-06-04,2025-06-06,Standard Class,CUST-1587,Corporate,Central,Leicester,Office Supplies,Paper,3,55.02,0.2,132.05,-0.2
ORD-101057,2025-06-05,2025-06-07,Standard Class,CUST-1655,Consumer,North,Manchester,Technology,Machines,2,1238.62,0.0,2477.24,171.44
ORD-101051,2025-06-05,2025-06-10,Same Day,CUST-2412,Consumer,North,Sheffield,Office Supplies,Art,2,18.35,0.4,22.02,2.32
ORD-104189,2025-06-05,2025-06-10,Standard Class,CUST-1654,Consumer,East,Norwich,Office Supplies,Binders,6,103.97,0.0,623.82,74.79
ORD-103113,2025-06-05,2025-06-12,Standard Class,CUST-2358,Home Office,West,Plymouth,Technology,Copiers,3,1235.62,0.2,2965.49,170.23
ORD-105473,2025-06-05,2025-06-10,Standard Class,CUST-2317,Home Office,West,Plymouth,Technology,Phones,2,624.09,0.15,1060.95,51.2
ORD-101396,2025-06-06,2025-06-11,Second Class,CUST-1635,Consumer,West,Plymouth,Technology,Copiers,2,930.42,0.0,1860.84,227.2
ORD-103297,2025-06-06,2025-06-12,First Class,CUST-1736,Home Office,West,Plymouth,Furniture,Bookcases,3,153.55,0.2,368.52,-41.19
ORD-100917,2025-06-06,2025-06-08,Standard Class,CUST-1378,Home Office,South,Southampton,Office Supplies,Labels,3,9.05,0.0,27.15,2.22
ORD-100912,2025-06-06,2025-06-09,Second Class,CUST-1933,Corporate,South,Southampton,Technology,Machines,3,1292.45,0.0,3877.35,112.18
ORD-105812,2025-06-06,2025-06-10,First Class,CUST-1534,Consumer,South,Southampton,Technology,Accessories,2,933.03,0.15,1586.15,99.24
ORD-103141,2025-06-06,2025-06-12,Standard Class,CUST-2332,Consumer,Central,Nottingham,Office Supplies,Art,1,32.56,0.1,29.3,0.26
ORD-101548,2025-06-06,2025-06-10,Standard Class,CUST-1241,Consumer,North,Newcastle,Furniture,Furnishings,3,289.49,0.15,738.2,14.78
ORD-103248,2025-06-06,2025-06-10,Second Class,CUST-2250,Corporate,West,Cardiff,Furniture,Tables,2,384.87,0.15,654.28,6.23
ORD-101928,2025-06-06,2025-06-08,Second Class,CUST-1486,Consumer,South,Portsmouth,Office Supplies,Labels,1,18.16,0.0,18.16,5.11
ORD-102932,2025-06-06,2025-06-07,Standard Class,CUST-1952,Consumer,Central,Birmingham,Technology,Machines,2,530.99,0.15,902.68,44.48
ORD-105755,2025-06-07,2025-06-09,Second Class,CUST-1065,Consumer,Central,Nottingham,Furniture,Bookcases,1,220.98,0.0,220.98,-1.09
ORD-105857,2025-06-07,2025-06-11,Standard Class,CUST-2373,Consumer,West,Plymouth,Office Supplies,Art,2,39.6,0.0,79.2,7.47
ORD-104107,2025-06-07,2025-06-12,Standard Class,CUST-2440,Consumer,East,Ipswich,Office Supplies,Binders,1,20.01,0.15,17.01,-0.61
ORD-103940,2025-06-07,2025-06-11,Standard Class,CUST-2350,Corporate,South,Reading,Technology,Machines,1,1671.45,0.2,1337.16,-176.9
ORD-105801,2025-06-07,2025-06-12,Standard Class,CUST-2371,Consumer,South,Reading,Furniture,Bookcases,2,380.07,0.0,760.14,73.97
ORD-100992,2025-06-07,2025-06-10,First Class,CUST-1662,Corporate,North,Newcastle,Technology,Machines,1,368.7,0.0,368.7,71.18
ORD-105195,2025-06-07,2025-06-10,Standard Class,CUST-1851,Consumer,West,Exeter,Office Supplies,Paper,3,64.67,0.4,116.41,-12.56
ORD-100095,2025-06-07,2025-06-11,Standard Class,CUST-1692,Consumer,East,Peterborough,Furniture,Chairs,2,505.5,0.0,1011.0,134.73
ORD-103162,2025-06-07,2025-06-10,Standard Class,CUST-1338,Home Office,Central,Leicester,Furniture,Bookcases,2,521.07,0.1,937.93,24.22
ORD-105187,2025-06-08,2025-06-11,Second Class,CUST-1792,Corporate,North,Sheffield,Technology,Copiers,1,257.99,0.0,257.99,76.71
ORD-101733,2025-06-08,2025-06-15,Second Class,CUST-2211,Consumer,Central,Birmingham,Office Supplies,Paper,1,72.23,0.0,72.23,20.05
ORD-105070,2025-06-08,2025-06-10,Standard Class,CUST-2437,Consumer,West,Exeter,Office Supplies,Storage,6,29.2,0.0,175.2,52.65
ORD-103391,2025-06-08,2025-06-12,Standard Class,CUST-1193,Consumer,South,Reading,Technology,Accessories,1,839.18,0.0,839.18,-79.25
ORD-103643,2025-06-08,2025-06-15,Standard Class,CUST-1227,Consumer,East,Peterborough,Office Supplies,Art,3,45.93,0.15,117.12,9.18
ORD-101900,2025-06-08,2025-06-14,Standard Class,CUST-2439,Consumer,East,Peterborough,Technology,Accessories,2,408.67,0.1,735.61,163.78
ORD-101702,2025-06-08,2025-06-11,Standard Class,CUST-1304,Consumer,West,Cardiff,Furniture,Furnishings,5,378.39,0.0,1891.95,87.29
ORD-100278,2025-06-08,2025-06-14,Standard Class,CUST-2041,Corporate,South,Portsmouth,Office Supplies,Labels,2,101.07,0.0,202.14,62.25
ORD-106234,2025-06-08,2025-06-10,Same Day,CUST-2324,Consumer,East,Peterborough,Office Supplies,Labels,2,73.97,0.1,133.15,28.74
ORD-105853,2025-06-08,2025-06-13,Standard Class,CUST-1896,Consumer,West,Exeter,Technology,Accessories,1,1102.96,0.3,772.07,71.13
ORD-100090,2025-06-08,2025-06-15,Standard Class,CUST-1571,Corporate,East,Ipswich,Office Supplies,Labels,3,66.33,0.4,119.39,-10.44
ORD-105536,2025-06-09,2025-06-11,Standard Class,CUST-1770,Consumer,Central,Nottingham,Furniture,Furnishings,1,535.66,0.1,482.09,37.72
ORD-105358,2025-06-09,2025-06-11,First Class,CUST-1683,Corporate,East,Norwich,Technology,Copiers,4,74.17,0.15,252.18,-6.54
ORD-101874,2025-06-09,2025-06-15,First Class,CUST-2194,Home Office,East,Peterborough,Office Supplies,Storage,1,96.42,0.0,96.42,7.07
ORD-100690,2025-06-09,2025-06-12,Standard Class,CUST-1238,Corporate,East,Norwich,Office Supplies,Storage,1,110.27,0.1,99.24,3.59
ORD-103879,2025-06-09,2025-06-14,Same Day,CUST-2087,Home Office,North,Leeds,Office Supplies,Binders,2,118.58,0.3,166.01,-17.48
ORD-104288,2025-06-09,2025-06-15,Second Class,CUST-1358,Home Office,North,Manchester,Office Supplies,Storage,1,28.83,0.3,20.18,-1.23
ORD-104256,2025-06-09,2025-06-14,Standard Class,CUST-2143,Corporate,East,Cambridge,Technology,Accessories,3,1285.28,0.0,3855.84,298.65
ORD-104695,2025-06-09,2025-06-14,Standard Class,CUST-1817,Corporate,North,Sheffield,Office Supplies,Paper,2,64.05,0.0,128.1,31.97
ORD-102826,2025-06-10,2025-06-13,First Class,CUST-2377,Consumer,East,Peterborough,Office Supplies,Paper,3,64.19,0.4,115.54,-16.52
ORD-103640,2025-06-10,2025-06-17,Standard Class,CUST-1911,Consumer,South,Brighton,Furniture,Bookcases,2,816.77,0.5,816.77,-181.36
ORD-105622,2025-06-10,2025-06-17,Standard Class,CUST-1806,Home Office,South,Brighton,Office Supplies,Labels,6,12.64,0.5,37.92,0.15
ORD-104386,2025-06-11,2025-06-16,Second Class,CUST-1107,Home Office,North,Manchester,Technology,Machines,2,200.83,0.2,321.33,-54.75
ORD-104915,2025-06-11,2025-06-17,Standard Class,CUST-1015,Consumer,North,Manchester,Technology,Machines,1,982.49,0.15,835.12,56.07
ORD-101556,2025-06-11,2025-06-16,Standard Class,CUST-2284,Consumer,Central,Nottingham,Office Supplies,Labels,2,20.9,0.1,37.62,7.42
ORD-103765,2025-06-11,2025-06-13,Standard Class,CUST-2249,Home Office,East,Norwich,Furniture,Bookcases,4,438.39,0.15,1490.53,-152.95
ORD-101775,2025-06-11,2025-06-15,Second Class,CUST-2185,Corporate,East,Ipswich,Technology,Accessories,1,1314.96,0.15,1117.72,134.38
ORD-105524,2025-06-12,2025-06-15,Standard Class,CUST-1257,Home Office,North,Newcastle,Technology,Copiers,4,479.84,0.1,1727.42,-136.48
ORD-103633,2025-06-12,2025-06-18,Same Day,CUST-1609,Consumer,East,Ipswich,Technology,Phones,4,442.53,0.15,1504.6,-67.63
ORD-104117,2025-06-12,2025-06-17,Standard Class,CUST-1065,Consumer,East,Ipswich,Technology,Machines,2,629.64,0.1,1133.35,-69.07
ORD-103007,2025-06-12,2025-06-16,Standard Class,CUST-2016,Corporate,East,Norwich,Office Supplies,Paper,1,55.73,0.0,55.73,18.62
ORD-104112,2025-06-12,2025-06-19,Standard Class,CUST-2103,Consumer,North,Manchester,Office Supplies,Labels,3,52.55,0.4,94.59,-14.13
ORD-102668,2025-06-13,2025-06-15,Standard Class,CUST-1034,Consumer,West,Exeter,Furniture,Chairs,2,766.31,0.15,1302.73,81.34
ORD-101470,2025-06-13,2025-06-19,Standard Class,CUST-2405,Consumer,Central,Coventry,Furniture,Tables,5,227.25,0.15,965.81,7.93
ORD-102871,2025-06-13,2025-06-14,Second Class,CUST-1152,Consumer,West,Plymouth,Technology,Copiers,4,639.14,0.1,2300.9,452.6
ORD-105198,2025-06-13,2025-06-16,First Class,CUST-1594,Consumer,East,Peterborough,Furniture,Furnishings,1,476.7,0.1,429.03,30.97
ORD-102922,2025-06-13,2025-06-18,Standard Class,CUST-1660,Corporate,North,Manchester,Furniture,Bookcases,2,703.06,0.0,1406.12,248.95
ORD-105144,2025-06-13,2025-06-18,Standard Class,CUST-1011,Consumer,East,Peterborough,Technology,Copiers,1,1291.61,0.1,1162.45,-27.81
ORD-100609,2025-06-13,2025-06-16,Standard Class,CUST-1899,Home Office,West,Bristol,Technology,Copiers,2,193.73,0.0,387.46,25.33
ORD-105339,2025-06-13,2025-06-19,Second Class,CUST-1372,Corporate,Central,Birmingham,Office Supplies,Binders,1,86.14,0.0,86.14,13.1
ORD-105394,2025-06-13,2025-06-17,Second Class,CUST-1130,Corporate,North,Leeds,Technology,Copiers,2,1365.67,0.2,2185.07,-268.56
ORD-100121,2025-06-14,2025-06-18,Standard Class,CUST-1661,Consumer,West,Plymouth,Office Supplies,Binders,1,104.7,0.1,94.23,14.19
ORD-101979,2025-06-14,2025-06-18,Standard Class,CUST-2433,Consumer,West,Exeter,Furniture,Bookcases,1,832.52,0.2,666.02,-28.53
ORD-101050,2025-06-14,2025-06-16,Same Day,CUST-1175,Home Office,North,Manchester,Office Supplies,Paper,6,7.58,0.4,27.29,2.98
ORD-102346,2025-06-14,2025-06-18,Standard Class,CUST-1503,Consumer,East,Cambridge,Furniture,Furnishings,3,423.73,0.0,1271.19,20.46
ORD-101750,2025-06-14,2025-06-17,Standard Class,CUST-2315,Home Office,East,Norwich,Technology,Accessories,2,523.57,0.1,942.43,206.14
ORD-104538,2025-06-14,2025-06-19,Standard Class,CUST-1504,Consumer,West,Bristol,Office Supplies,Paper,2,34.79,0.1,62.62,1.08
ORD-101937,2025-06-14,2025-06-20,First Class,CUST-1734,Corporate,North,Sheffield,Office Supplies,Art,3,114.37,0.0,343.11,23.41
ORD-101433,2025-06-15,2025-06-19,Standard Class,CUST-1997,Corporate,North,Manchester,Office Supplies,Labels,2,31.4,0.1,56.52,13.73
ORD-102539,2025-06-15,2025-06-18,Standard Class,CUST-2215,Consumer,South,Southampton,Technology,Phones,1,870.67,0.1,783.6,-29.74
ORD-101156,2025-06-15,2025-06-16,Standard Class,CUST-2099,Consumer,West,Bristol,Technology,Phones,5,901.82,0.0,4509.1,1115.88
ORD-105107,2025-06-15,2025-06-18,Standard Class,CUST-1408,Consumer,Central,Coventry,Furniture,Chairs,2,692.77,0.1,1246.99,111.45
ORD-100837,2025-06-15,2025-06-18,Second Class,CUST-1917,Corporate,Central,Nottingham,Office Supplies,Binders,1,28.74,0.0,28.74,7.61
ORD-104664,2025-06-15,2025-06-22,Standard Class,CUST-1525,Consumer,East,Cambridge,Office Supplies,Storage,1,46.07,0.0,46.07,2.83
ORD-104819,2025-06-15,2025-06-19,Standard Class,CUST-1667,Consumer,East,Peterborough,Office Supplies,Art,1,56.16,0.1,50.54,5.97
ORD-102862,2025-06-15,2025-06-21,Standard Class,CUST-1565,Corporate,East,Ipswich,Furniture,Bookcases,2,871.71,0.0,1743.42,-44.97
ORD-103388,2025-06-15,2025-06-20,Same Day,CUST-1041,Consumer,South,Reading,Technology,Phones,2,1726.05,0.2,2761.68,-153.23
ORD-102058,2025-06-15,2025-06-17,First Class,CUST-1281,Corporate,East,Ipswich,Technology,Copiers,3,1560.94,0.0,4682.82,338.22
ORD-103473,2025-06-15,2025-06-18,Standard Class,CUST-1889,Home Office,North,Newcastle,Office Supplies,Art,1,25.72,0.0,25.72,7.21
ORD-101000,2025-06-16,2025-06-20,Same Day,CUST-1497,Consumer,West,Bristol,Office Supplies,Binders,2,75.92,0.15,129.06,16.0
ORD-103813,2025-06-16,2025-06-20,Standard Class,CUST-1933,Corporate,North,Leeds,Technology,Phones,2,31.77,0.0,63.54,-3.13
ORD-101448,2025-06-16,2025-06-21,Same Day,CUST-1943,Consumer,West,Plymouth,Furniture,Bookcases,2,503.86,0.0,1007.72,74.8
ORD-100615,2025-06-16,2025-06-20,Same Day,CUST-1234,Consumer,South,Portsmouth,Technology,Machines,1,1438.02,0.0,1438.02,139.32
ORD-100566,2025-06-16,2025-06-19,Standard Class,CUST-1225,Consumer,North,Leeds,Office Supplies,Labels,2,44.53,0.0,89.06,30.21
ORD-106498,2025-06-16,2025-06-22,Standard Class,CUST-2471,Corporate,South,Southampton,Technology,Phones,1,1753.91,0.15,1490.82,-179.9
ORD-103544,2025-06-16,2025-06-17,Standard Class,CUST-2114,Home Office,North,Manchester,Technology,Accessories,1,864.38,0.0,864.38,-1.63
ORD-103971,2025-06-17,2025-06-22,Same Day,CUST-1692,Consumer,North,Newcastle,Office Supplies,Labels,1,112.58,0.3,78.81,7.96
ORD-103620,2025-06-17,2025-06-22,Standard Class,CUST-1904,Consumer,East,Peterborough,Technology,Accessories,1,423.96,0.0,423.96,46.41
ORD-104050,2025-06-17,2025-06-21,Standard Class,CUST-1936,Consumer,West,Plymouth,Furniture,Furnishings,2,857.88,0.3,1201.03,-68.97
ORD-103134,2025-06-17,2025-06-19,Standard Class,CUST-1089,Home Office,West,Cardiff,Office Supplies,Binders,3,4.12,0.1,11.12,1.47
ORD-106012,2025-06-17,2025-06-24,Standard Class,CUST-1812,Corporate,North,Manchester,Technology,Phones,2,1574.47,0.2,2519.15,-320.62
ORD-101476,2025-06-18,2025-06-25,Standard Class,CUST-2183,Consumer,North,Newcastle,Furniture,Bookcases,3,829.7,0.0,2489.1,-13.4
ORD-105360,2025-06-18,2025-06-22,Same Day,CUST-1111,Home Office,East,Norwich,Technology,Copiers,1,542.54,0.15,461.16,70.14
ORD-105243,2025-06-18,2025-06-22,Standard Class,CUST-2088,Consumer,South,Reading,Furniture,Chairs,1,128.48,0.1,115.63,5.83
ORD-101358,2025-06-18,2025-06-24,Second Class,CUST-1808,Consumer,South,Brighton,Technology,Copiers,3,922.34,0.15,2351.97,-284.35
ORD-100096,2025-06-19,2025-06-23,Second Class,CUST-2013,Consumer,West,Bristol,Furniture,Bookcases,2,228.44,0.1,411.19,-39.16
ORD-104331,2025-06-19,2025-06-21,Standard Class,CUST-1643,Consumer,Central,Nottingham,Technology,Phones,1,123.9,0.0,123.9,21.46
ORD-104566,2025-06-20,2025-06-23,Standard Class,CUST-1584,Consumer,East,Cambridge,Office Supplies,Storage,1,84.5,0.0,84.5,10.85
ORD-106150,2025-06-20,2025-06-23,Same Day,CUST-1462,Consumer,South,Southampton,Furniture,Tables,1,607.57,0.1,546.81,31.96
ORD-101003,2025-06-20,2025-06-25,Standard Class,CUST-1618,Consumer,West,Exeter,Office Supplies,Art,3,31.54,0.2,75.7,3.24
ORD-100350,2025-06-20,2025-06-23,Standard Class,CUST-2264,Consumer,Central,Birmingham,Technology,Phones,1,1043.58,0.0,1043.58,-91.45
ORD-102974,2025-06-20,2025-06-23,Standard Class,CUST-1216,Corporate,South,Reading,Office Supplies,Art,3,48.0,0.3,100.8,2.79
ORD-103699,2025-06-20,2025-06-22,Standard Class,CUST-2137,Corporate,East,Norwich,Furniture,Tables,4,529.97,0.4,1271.93,-217.33
ORD-100102,2025-06-20,2025-06-23,Second Class,CUST-2375,Corporate,Central,Nottingham,Technology,Phones,2,1010.77,0.15,1718.31,-169.46
ORD-103853,2025-06-20,2025-06-24,Second Class,CUST-2179,Corporate,East,Peterborough,Technology,Phones,5,143.73,0.0,718.65,197.43
ORD-101603,2025-06-20,2025-06-25,Standard Class,CUST-1003,Consumer,Central,Birmingham,Office Supplies,Labels,2,72.5,0.0,145.0,44.14
ORD-102261,2025-06-21,2025-06-26,Standard Class,CUST-1515,Consumer,North,Newcastle,Technology,Machines,5,1375.57,0.15,5846.17,-138.12
ORD-104145,2025-06-21,2025-06-25,Standard Class,CUST-2490,Consumer,Central,Leicester,Office Supplies,Binders,2,52.0,0.1,93.6,18.59
ORD-102004,2025-06-21,2025-06-23,Standard Class,CUST-2481,Home Office,North,Newcastle,Technology,Machines,2,1759.94,0.2,2815.9,201.19
ORD-105184,2025-06-21,2025-06-27,Same Day,CUST-1096,Corporate,South,Reading,Office Supplies,Storage,2,119.68,0.0,239.36,59.12
ORD-105591,2025-06-21,2025-06-23,Same Day,CUST-2060,Consumer,North,Manchester,Furniture,Bookcases,6,194.13,0.1,1048.3,-66.15
ORD-103920,2025-06-21,2025-06-25,Second Class,CUST-2227,Consumer,North,Manchester,Office Supplies,Labels,4,29.15,0.0,116.6,19.88
ORD-105932,2025-06-21,2025-06-25,Standard Class,CUST-2316,Consumer,Central,Coventry,Office Supplies,Binders,1,39.46,0.0,39.46,3.32
ORD-102581,2025-06-22,2025-06-25,First Class,CUST-1780,Corporate,West,Bristol,Office Supplies,Art,1,117.32,0.0,117.32,31.38
ORD-101692,2025-06-22,2025-06-26,Standard Class,CUST-2260,Consumer,East,Peterborough,Furniture,Furnishings,1,615.5,0.3,430.85,-21.28
ORD-102531,2025-06-22,2025-06-25,Standard Class,CUST-1075,Corporate,East,Peterborough,Technology,Machines,6,1296.45,0.1,7000.83,-584.35
ORD-103170,2025-06-22,2025-06-29,Standard Class,CUST-1697,Corporate,West,Exeter,Technology,Accessories,1,1285.48,0.0,1285.48,-21.5
ORD-101700,2025-06-22,2025-06-23,First Class,CUST-1530,Corporate,East,Cambridge,Technology,Copiers,5,1699.16,0.0,8495.8,2361.21
ORD-101403,2025-06-22,2025-06-25,Standard Class,CUST-1084,Home Office,South,Portsmouth,Office Supplies,Art,2,31.05,0.0,62.1,5.17
ORD-100118,2025-06-22,2025-06-26,Same Day,CUST-2062,Consumer,East,Cambridge,Office Supplies,Paper,4,64.13,0.0,256.52,78.96
ORD-102881,2025-06-22,2025-06-25,Second Class,CUST-2338,Consumer,East,Norwich,Furniture,Furnishings,2,100.75,0.3,141.05,-26.67
ORD-105058,2025-06-22,2025-06-26,Second Class,CUST-1288,Consumer,South,Southampton,Technology,Copiers,2,1383.5,0.3,1936.9,77.95
ORD-101836,2025-06-23,2025-06-26,Same Day,CUST-1780,Consumer,South,Brighton,Furniture,Furnishings,6,562.17,0.0,3373.02,4.39
ORD-100251,2025-06-23,2025-06-25,Standard Class,CUST-1194,Corporate,South,Portsmouth,Furniture,Bookcases,6,408.38,0.2,1960.22,59.66
ORD-106107,2025-06-23,2025-06-26,First Class,CUST-2142,Corporate,West,Exeter,Furniture,Chairs,3,764.14,0.0,2292.42,253.6
ORD-103381,2025-06-23,2025-06-27,Standard Class,CUST-2411,Corporate,North,Newcastle,Technology,Accessories,1,52.57,0.2,42.06,1.32
ORD-100346,2025-06-23,2025-06-29,Standard Class,CUST-1418,Consumer,North,Leeds,Technology,Machines,2,947.31,0.5,947.31,-327.69
ORD-105471,2025-06-23,2025-06-27,Standard Class,CUST-1943,Corporate,South,Brighton,Furniture,Tables,4,487.24,0.0,1948.96,222.4
ORD-101326,2025-06-23,2025-06-24,First Class,CUST-1108,Corporate,Central,Leicester,Technology,Phones,2,1170.06,0.1,2106.11,194.83
ORD-102739,2025-06-23,2025-06-28,Second Class,CUST-1088,Consumer,West,Exeter,Furniture,Tables,1,460.3,0.0,460.3,33.17
ORD-105466,2025-06-23,2025-06-27,Second Class,CUST-1661,Consumer,Central,Leicester,Office Supplies,Art,1,105.17,0.0,105.17,34.24
ORD-101899,2025-06-23,2025-06-26,First Class,CUST-1209,Consumer,Central,Leicester,Furniture,Chairs,3,786.1,0.4,1414.98,-369.45
ORD-100852,2025-06-23,2025-06-26,Standard Class,CUST-2349,Corporate,Central,Leicester,Furniture,Furnishings,5,678.79,0.1,3054.55,63.98
ORD-105307,2025-06-24,2025-06-27,Second Class,CUST-1175,Consumer,North,Sheffield,Technology,Copiers,1,1151.82,0.0,1151.82,297.19
ORD-100086,2025-06-24,2025-07-01,Standard Class,CUST-1913,Corporate,Central,Birmingham,Office Supplies,Binders,2,46.6,0.0,93.2,24.89
ORD-105513,2025-06-24,2025-06-30,Standard Class,CUST-1288,Consumer,North,Sheffield,Office Supplies,Storage,1,21.78,0.2,17.42,-0.9
ORD-101798,2025-06-24,2025-06-29,Standard Class,CUST-1762,Corporate,South,Portsmouth,Technology,Phones,2,763.12,0.0,1526.24,-43.94
ORD-102094,2025-06-24,2025-06-26,Standard Class,CUST-2207,Corporate,Central,Leicester,Furniture,Tables,1,468.95,0.15,398.61,29.13
ORD-102953,2025-06-24,2025-06-28,Standard Class,CUST-2080,Corporate,West,Bristol,Office Supplies,Art,1,67.93,0.0,67.93,4.14
ORD-104843,2025-06-24,2025-06-26,Second Class,CUST-1381,Consumer,North,Leeds,Office Supplies,Binders,1,33.48,0.0,33.48,5.51
ORD-103805,2025-06-24,2025-06-27,Standard Class,CUST-1683,Consumer,East,Peterborough,Office Supplies,Art,3,78.68,0.1,212.44,13.2
ORD-103751,2025-06-25,2025-06-30,Second Class,CUST-1240,Consumer,West,Cardiff,Technology,Phones,1,525.41,0.3,367.79,-78.0
ORD-103932,2025-06-25,2025-07-02,Standard Class,CUST-2276,Corporate,Central,Leicester,Technology,Phones,4,222.83,0.1,802.19,26.51
ORD-104868,2025-06-25,2025-07-01,Standard Class,CUST-2316,Home Office,North,Leeds,Office Supplies,Art,3,15.11,0.0,45.33,15.82
ORD-103907,2025-06-25,2025-06-27,Standard Class,CUST-1604,Home Office,East,Norwich,Technology,Accessories,3,1741.58,0.0,5224.74,-408.33
ORD-101291,2025-06-25,2025-06-27,Standard Class,CUST-2257,Consumer,South,Reading,Technology,Phones,4,1175.95,0.0,4703.8,1120.13
ORD-106132,2025-06-25,2025-06-29,Standard Class,CUST-1828,Consumer,East,Norwich,Office Supplies,Art,2,112.15,0.3,157.01,5.73
ORD-104247,2025-06-25,2025-06-28,Standard Class,CUST-2053,Corporate,North,Newcastle,Office Supplies,Art,3,18.47,0.3,38.79,-1.3
ORD-106145,2025-06-25,2025-06-29,First Class,CUST-2388,Consumer,East,Ipswich,Office Supplies,Storage,1,107.41,0.0,107.41,14.34
ORD-101242,2025-06-26,2025-06-30,Standard Class,CUST-1557,Corporate,North,Newcastle,Office Supplies,Storage,1,42.21,0.0,42.21,14.65
ORD-103445,2025-06-26,2025-06-28,Standard Class,CUST-1012,Consumer,Central,Coventry,Furniture,Furnishings,4,782.54,0.5,1565.08,-506.12
ORD-103716,2025-06-26,2025-06-30,First Class,CUST-2099,Home Office,East,Ipswich,Furniture,Bookcases,1,111.34,0.2,89.07,-14.28
ORD-105152,2025-06-26,2025-06-30,Standard Class,CUST-1810,Consumer,South,Reading,Technology,Copiers,3,1730.85,0.0,5192.55,746.54
ORD-103586,2025-06-26,2025-06-30,Standard Class,CUST-2414,Consumer,West,Exeter,Office Supplies,Art,1,106.35,0.0,106.35,22.84
ORD-102173,2025-06-26,2025-06-29,Standard Class,CUST-1555,Consumer,East,Peterborough,Technology,Copiers,4,661.31,0.1,2380.72,480.43
ORD-106459,2025-06-27,2025-07-04,Standard Class,CUST-1796,Corporate,South,Southampton,Technology,Machines,1,1135.93,0.0,1135.93,123.22
ORD-104539,2025-06-27,2025-07-02,Second Class,CUST-2485,Corporate,Central,Coventry,Office Supplies,Art,3,48.79,0.1,131.73,2.58
ORD-104510,2025-06-27,2025-06-30,Standard Class,CUST-2125,Corporate,North,Leeds,Technology,Machines,3,680.85,0.15,1736.17,-267.44
ORD-106478,2025-06-27,2025-07-04,Second Class,CUST-1441,Consumer,North,Leeds,Office Supplies,Paper,2,117.31,0.2,187.7,27.98
ORD-104853,2025-06-27,2025-07-02,Second Class,CUST-1380,Consumer,West,Cardiff,Technology,Accessories,3,1475.85,0.2,3542.04,-320.5
ORD-104636,2025-06-27,2025-07-01,Standard Class,CUST-1585,Corporate,East,Norwich,Office Supplies,Storage,1,98.09,0.0,98.09,6.8
ORD-100936,2025-06-27,2025-07-02,Same Day,CUST-1870,Consumer,East,Ipswich,Office Supplies,Storage,4,21.71,0.0,86.84,12.93
ORD-101536,2025-06-28,2025-07-02,Second Class,CUST-1222,Consumer,South,Reading,Office Supplies,Binders,2,25.94,0.5,25.94,0.5
ORD-101397,2025-06-28,2025-07-01,First Class,CUST-1720,Home Office,Central,Coventry,Office Supplies,Storage,3,27.34,0.3,57.41,1.59
ORD-105938,2025-06-28,2025-07-01,Second Class,CUST-1413,Corporate,East,Norwich,Office Supplies,Binders,1,31.96,0.15,27.17,5.1
ORD-104468,2025-06-28,2025-07-01,Standard Class,CUST-1003,Corporate,West,Bristol,Technology,Machines,1,1152.36,0.0,1152.36,2.68
ORD-104564,2025-06-28,2025-07-04,Standard Class,CUST-1350,Consumer,North,Leeds,Furniture,Bookcases,1,563.77,0.4,338.26,-91.93
ORD-102524,2025-06-28,2025-07-03,Standard Class,CUST-1649,Corporate,South,Reading,Technology,Copiers,1,1309.24,0.3,916.47,-107.91
ORD-101190,2025-06-28,2025-07-02,Standard Class,CUST-2165,Consumer,South,Southampton,Furniture,Chairs,1,343.14,0.0,343.14,-5.15
ORD-104074,2025-06-29,2025-07-01,Second Class,CUST-2076,Home Office,North,Manchester,Office Supplies,Paper,1,11.39,0.15,9.68,-0.38
ORD-101077,2025-06-29,2025-07-02,Second Class,CUST-1716,Home Office,South,Portsmouth,Technology,Accessories,3,1442.78,0.0,4328.34,637.21
ORD-102856,2025-06-29,2025-07-03,Standard Class,CUST-1849,Corporate,East,Ipswich,Office Supplies,Storage,4,50.01,0.1,180.04,12.77
ORD-100358,2025-06-30,2025-07-02,Standard Class,CUST-2296,Consumer,Central,Leicester,Furniture,Chairs,1,268.77,0.0,268.77,36.56
ORD-106209,2025-06-30,2025-07-03,Same Day,CUST-2085,Corporate,East,Norwich,Furniture,Tables,2,261.71,0.4,314.05,-87.16
ORD-103536,2025-06-30,2025-07-04,Standard Class,CUST-2294,Corporate,West,Exeter,Technology,Phones,4,579.04,0.1,2084.54,-125.45
ORD-100007,2025-06-30,2025-07-02,Standard Class,CUST-1863,Corporate,West,Bristol,Technology,Machines,2,783.89,0.0,1567.78,-89.12
ORD-100655,2025-06-30,2025-07-02,Standard Class,CUST-1634,Corporate,North,Sheffield,Office Supplies,Storage,2,32.68,0.0,65.36,3.49
ORD-105972,2025-06-30,2025-07-03,Standard Class,CUST-2015,Consumer,Central,Birmingham,Office Supplies,Binders,1,64.2,0.0,64.2,10.29
ORD-101046,2025-06-30,2025-07-03,First Class,CUST-2176,Corporate,West,Plymouth,Office Supplies,Paper,1,54.77,0.0,54.77,12.53
ORD-102155,2025-06-30,2025-07-04,Standard Class,CUST-2299,Corporate,West,Bristol,Technology,Copiers,2,1620.63,0.0,3241.26,-196.75
ORD-103892,2025-06-30,2025-07-03,Standard Class,CUST-1087,Corporate,Central,Birmingham,Office Supplies,Storage,6,29.53,0.3,124.03,5.89
ORD-105828,2025-06-30,2025-07-05,Standard Class,CUST-1245,Home Office,West,Cardiff,Technology,Machines,5,1782.93,0.0,8914.65,2599.63
ORD-102474,2025-06-30,2025-07-04,First Class,CUST-1067,Home Office,South,Reading,Office Supplies,Paper,2,6.58,0.1,11.84,0.52
ORD-100171,2025-06-30,2025-07-05,Same Day,CUST-2298,Consumer,East,Norwich,Furniture,Furnishings,1,654.46,0.5,327.23,-52.36
ORD-104002,2025-07-01,2025-07-06,Second Class,CUST-1933,Home Office,Central,Nottingham,Office Supplies,Art,1,112.46,0.3,78.72,-3.83
ORD-102283,2025-07-01,2025-07-02,Standard Class,CUST-1362,Consumer,North,Leeds,Furniture,Furnishings,3,565.43,0.0,1696.29,260.27
ORD-100981,2025-07-01,2025-07-04,Standard Class,CUST-1222,Consumer,Central,Birmingham,Furniture,Bookcases,1,511.86,0.15,435.08,-39.36
ORD-102722,2025-07-01,2025-07-04,Standard Class,CUST-1394,Home Office,Central,Leicester,Office Supplies,Storage,2,93.68,0.0,187.36,39.02
ORD-101591,2025-07-02,2025-07-06,First Class,CUST-1046,Consumer,South,Brighton,Office Supplies,Binders,6,61.12,0.0,366.72,103.06
ORD-103181,2025-07-02,2025-07-03,Standard Class,CUST-2131,Consumer,North,Leeds,Office Supplies,Storage,1,108.45,0.0,108.45,7.92
ORD-101688,2025-07-02,2025-07-06,Second Class,CUST-2292,Home Office,East,Norwich,Technology,Machines,2,1090.36,0.0,2180.72,334.82
ORD-104607,2025-07-02,2025-07-06,Same Day,CUST-1595,Home Office,East,Norwich,Furniture,Bookcases,2,60.89,0.1,109.6,-6.33
ORD-101856,2025-07-02,2025-07-06,Standard Class,CUST-1493,Consumer,South,Southampton,Furniture,Chairs,3,814.32,0.15,2076.52,22.93
ORD-104514,2025-07-02,2025-07-04,Standard Class,CUST-2018,Home Office,East,Norwich,Technology,Machines,1,1005.16,0.1,904.64,176.74
ORD-105104,2025-07-02,2025-07-04,First Class,CUST-1584,Consumer,Central,Nottingham,Office Supplies,Storage,1,21.37,0.0,21.37,2.46
ORD-104760,2025-07-03,2025-07-06,Second Class,CUST-1137,Consumer,East,Norwich,Technology,Accessories,2,1051.69,0.1,1893.04,235.34
ORD-100313,2025-07-03,2025-07-07,Standard Class,CUST-1588,Consumer,West,Bristol,Office Supplies,Paper,3,45.18,0.15,115.21,4.75
ORD-101101,2025-07-03,2025-07-09,Standard Class,CUST-1614,Consumer,Central,Birmingham,Office Supplies,Labels,1,39.88,0.3,27.92,-0.72
ORD-106056,2025-07-03,2025-07-09,Standard Class,CUST-2164,Consumer,Central,Birmingham,Furniture,Tables,3,265.07,0.0,795.21,89.11
ORD-103086,2025-07-03,2025-07-07,Standard Class,CUST-1253,Corporate,North,Newcastle,Office Supplies,Binders,3,68.95,0.3,144.79,-6.31
ORD-100547,2025-07-03,2025-07-06,Second Class,CUST-2379,Consumer,Central,Birmingham,Office Supplies,Labels,3,3.34,0.0,10.02,2.93
ORD-104672,2025-07-03,2025-07-07,Standard Class,CUST-2348,Corporate,South,Brighton,Furniture,Furnishings,5,881.65,0.15,3747.01,-355.68
ORD-100176,2025-07-03,2025-07-08,Standard Class,CUST-2110,Consumer,South,Portsmouth,Furniture,Furnishings,3,858.45,0.15,2189.05,67.92
ORD-101768,2025-07-03,2025-07-09,First Class,CUST-2437,Consumer,West,Bristol,Office Supplies,Art,5,55.87,0.0,279.35,80.39
ORD-100055,2025-07-03,2025-07-06,Second Class,CUST-1917,Consumer,Central,Coventry,Technology,Accessories,5,346.69,0.0,1733.45,340.53
ORD-101004,2025-07-03,2025-07-07,Second Class,CUST-1088,Consumer,West,Bristol,Office Supplies,Paper,2,4.39,0.0,8.78,1.3
ORD-100243,2025-07-03,2025-07-07,Standard Class,CUST-1508,Corporate,South,Reading,Furniture,Tables,6,304.86,0.2,1463.33,-104.89
ORD-100499,2025-07-03,2025-07-09,Standard Class,CUST-1223,Consumer,North,Sheffield,Furniture,Bookcases,2,383.86,0.3,537.4,-29.43
ORD-105538,2025-07-04,2025-07-08,Standard Class,CUST-2472,Consumer,East,Cambridge,Office Supplies,Binders,2,22.81,0.1,41.06,7.16
ORD-103033,2025-07-04,2025-07-07,Standard Class,CUST-1838,Consumer,North,Newcastle,Furniture,Furnishings,2,270.06,0.1,486.11,39.38
ORD-102308,2025-07-04,2025-07-06,Same Day,CUST-1016,Corporate,North,Sheffield,Furniture,Tables,1,699.13,0.1,629.22,-37.36
ORD-100540,2025-07-04,2025-07-06,Standard Class,CUST-2107,Corporate,Central,Birmingham,Furniture,Furnishings,1,742.05,0.3,519.43,-39.07
ORD-101137,2025-07-04,2025-07-07,Standard Class,CUST-1591,Consumer,South,Southampton,Office Supplies,Paper,4,114.2,0.15,388.28,41.84
ORD-103438,2025-07-04,2025-07-06,Standard Class,CUST-2498,Corporate,West,Plymouth,Office Supplies,Paper,3,114.83,0.0,344.49,76.19
ORD-104141,2025-07-04,2025-07-05,Second Class,CUST-1466,Consumer,East,Peterborough,Furniture,Chairs,2,129.23,0.4,155.08,-13.32
ORD-101287,2025-07-04,2025-07-09,Standard Class,CUST-2192,Consumer,South,Portsmouth,Office Supplies,Storage,2,47.45,0.2,75.92,9.56
ORD-104526,2025-07-05,2025-07-08,First Class,CUST-1243,Consumer,North,Sheffield,Furniture,Chairs,5,628.61,0.2,2514.44,-4.42
ORD-101430,2025-07-05,2025-07-08,Second Class,CUST-2137,Consumer,Central,Leicester,Office Supplies,Paper,1,96.01,0.0,96.01,20.34
ORD-103373,2025-07-05,2025-07-08,Standard Class,CUST-1872,Consumer,South,Brighton,Furniture,Tables,4,861.64,0.0,3446.56,367.52
ORD-105392,2025-07-05,2025-07-09,First Class,CUST-2017,Consumer,West,Cardiff,Office Supplies,Storage,4,33.01,0.1,118.84,25.03
ORD-105371,2025-07-05,2025-07-10,Standard Class,CUST-1604,Home Office,East,Norwich,Furniture,Bookcases,2,128.75,0.15,218.88,-27.91
ORD-102350,2025-07-06,2025-07-09,Second Class,CUST-1488,Consumer,South,Southampton,Technology,Accessories,1,959.24,0.0,959.24,21.73
ORD-104594,2025-07-06,2025-07-08,Standard Class,CUST-2187,Corporate,East,Norwich,Technology,Machines,3,1794.78,0.3,3769.04,-921.01
ORD-103432,2025-07-06,2025-07-12,Standard Class,CUST-2459,Consumer,East,Norwich,Office Supplies,Art,1,95.73,0.0,95.73,32.02
ORD-100772,2025-07-06,2025-07-09,Standard Class,CUST-1589,Home Office,East,Ipswich,Furniture,Bookcases,4,580.71,0.0,2322.84,324.07
ORD-105644,2025-07-06,2025-07-10,Standard Class,CUST-1920,Home Office,West,Exeter,Technology,Copiers,4,271.46,0.0,1085.84,-96.84
ORD-104767,2025-07-06,2025-07-09,Standard Class,CUST-1681,Home Office,North,Leeds,Furniture,Chairs,1,294.39,0.3,206.07,-23.33
ORD-101442,2025-07-06,2025-07-10,Second Class,CUST-2419,Consumer,West,Exeter,Office Supplies,Paper,1,59.18,0.0,59.18,9.72
ORD-102571,2025-07-06,2025-07-08,Second Class,CUST-1867,Consumer,East,Cambridge,Office Supplies,Art,3,112.64,0.4,202.75,5.58
ORD-104460,2025-07-07,2025-07-10,Standard Class,CUST-1722,Home Office,Central,Nottingham,Technology,Copiers,3,1477.96,0.1,3990.49,-628.14
ORD-104893,2025-07-07,2025-07-09,Same Day,CUST-2445,Corporate,East,Ipswich,Office Supplies,Paper,1,105.51,0.1,94.96,2.12
ORD-101240,2025-07-07,2025-07-11,First Class,CUST-1006,Corporate,West,Exeter,Office Supplies,Binders,4,78.32,0.1,281.95,25.21
ORD-100440,2025-07-07,2025-07-10,Same Day,CUST-1636,Home Office,North,Leeds,Office Supplies,Binders,3,24.54,0.0,73.62,21.63
ORD-100339,2025-07-07,2025-07-12,Standard Class,CUST-2317,Consumer,East,Cambridge,Furniture,Chairs,3,265.1,0.1,715.77,-15.34
ORD-104309,2025-07-07,2025-07-11,Standard Class,CUST-1056,Home Office,Central,Coventry,Office Supplies,Art,4,101.57,0.0,406.28,120.47
ORD-102206,2025-07-07,2025-07-13,Standard Class,CUST-1991,Corporate,South,Reading,Technology,Accessories,2,579.13,0.1,1042.43,80.66
ORD-105082,2025-07-07,2025-07-11,Second Class,CUST-1164,Home Office,North,Leeds,Office Supplies,Binders,4,5.76,0.5,11.52,-0.76
ORD-105342,2025-07-07,2025-07-10,Standard Class,CUST-1757,Corporate,West,Plymouth,Office Supplies,Binders,1,18.27,0.0,18.27,1.47
ORD-106061,2025-07-07,2025-07-10,Standard Class,CUST-1974,Consumer,East,Cambridge,Furniture,Chairs,1,576.39,0.0,576.39,-6.47
ORD-102180,2025-07-08,2025-07-09,Standard Class,CUST-1441,Home Office,Central,Coventry,Furniture,Tables,2,285.35,0.4,342.42,-45.58
ORD-103434,2025-07-08,2025-07-12,Standard Class,CUST-2218,Consumer,North,Manchester,Furniture,Tables,1,81.74,0.2,65.39,-0.68
ORD-100726,2025-07-08,2025-07-10,Second Class,CUST-1130,Corporate,South,Southampton,Office Supplies,Labels,1,84.18,0.3,58.93,0.69
ORD-102143,2025-07-09,2025-07-11,Standard Class,CUST-2001,Consumer,East,Peterborough,Office Supplies,Paper,1,113.42,0.0,113.42,28.06
ORD-102468,2025-07-09,2025-07-11,Standard Class,CUST-2416,Consumer,South,Portsmouth,Furniture,Chairs,2,74.59,0.15,126.8,-14.85
ORD-102112,2025-07-09,2025-07-11,Standard Class,CUST-1774,Home Office,Central,Nottingham,Office Supplies,Paper,4,87.74,0.2,280.77,22.03
ORD-106026,2025-07-09,2025-07-11,Standard Class,CUST-1790,Corporate,North,Manchester,Furniture,Furnishings,5,883.83,0.2,3535.32,-313.64
ORD-104079,2025-07-09,2025-07-14,Standard Class,CUST-1109,Corporate,South,Reading,Office Supplies,Art,3,52.38,0.2,125.71,13.26
ORD-105316,2025-07-09,2025-07-12,Standard Class,CUST-1035,Corporate,East,Norwich,Furniture,Chairs,1,385.13,0.0,385.13,59.4
ORD-100089,2025-07-10,2025-07-11,Standard Class,CUST-2247,Corporate,West,Exeter,Technology,Phones,4,1502.04,0.1,5407.34,-851.36
ORD-103497,2025-07-10,2025-07-14,Standard Class,CUST-1053,Consumer,South,Portsmouth,Furniture,Furnishings,2,120.16,0.4,144.19,-35.75
ORD-103768,2025-07-10,2025-07-15,Second Class,CUST-1475,Corporate,South,Portsmouth,Office Supplies,Art,1,116.87,0.2,93.5,13.65
ORD-102941,2025-07-10,2025-07-15,Standard Class,CUST-1476,Consumer,North,Leeds,Technology,Phones,2,966.65,0.4,1159.98,-294.3
ORD-103082,2025-07-10,2025-07-12,Second Class,CUST-1658,Corporate,East,Ipswich,Technology,Accessories,3,1774.24,0.0,5322.72,34.62
ORD-105278,2025-07-10,2025-07-14,Same Day,CUST-1316,Corporate,Central,Nottingham,Office Supplies,Storage,1,52.37,0.2,41.9,1.71
ORD-103385,2025-07-10,2025-07-12,Standard Class,CUST-2295,Corporate,East,Cambridge,Technology,Phones,3,1493.16,0.1,4031.53,554.23
ORD-105101,2025-07-10,2025-07-15,Standard Class,CUST-2037,Corporate,Central,Coventry,Technology,Machines,1,223.91,0.1,201.52,-3.22
ORD-104894,2025-07-11,2025-07-17,Standard Class,CUST-1280,Consumer,North,Leeds,Furniture,Furnishings,2,388.86,0.0,777.72,1.65
ORD-101902,2025-07-11,2025-07-15,Second Class,CUST-1205,Consumer,South,Reading,Office Supplies,Binders,2,98.64,0.0,197.28,50.09
ORD-100455,2025-07-11,2025-07-14,First Class,CUST-1842,Corporate,East,Ipswich,Technology,Copiers,5,366.41,0.15,1557.24,117.94
ORD-103468,2025-07-11,2025-07-17,Standard Class,CUST-1600,Home Office,West,Plymouth,Office Supplies,Binders,1,118.92,0.2,95.14,16.29
ORD-102069,2025-07-11,2025-07-14,Second Class,CUST-1182,Consumer,East,Norwich,Technology,Phones,1,1311.62,0.15,1114.88,121.03
ORD-105663,2025-07-11,2025-07-16,Standard Class,CUST-1156,Home Office,South,Southampton,Furniture,Furnishings,6,708.54,0.0,4251.24,133.73
ORD-100163,2025-07-12,2025-07-18,Second Class,CUST-1219,Consumer,East,Peterborough,Office Supplies,Art,2,107.97,0.0,215.94,43.64
ORD-100856,2025-07-12,2025-07-14,First Class,CUST-2318,Consumer,West,Bristol,Office Supplies,Labels,2,13.93,0.15,23.68,2.53
ORD-100316,2025-07-12,2025-07-17,Same Day,CUST-1880,Consumer,South,Reading,Office Supplies,Storage,3,102.09,0.0,306.27,77.47
ORD-105736,2025-07-12,2025-07-14,Standard Class,CUST-1147,Corporate,South,Southampton,Furniture,Bookcases,2,741.59,0.0,1483.18,4.39
ORD-102440,2025-07-12,2025-07-15,Standard Class,CUST-1112,Consumer,East,Cambridge,Office Supplies,Art,3,31.86,0.1,86.02,24.01
ORD-105511,2025-07-12,2025-07-14,Standard Class,CUST-2119,Consumer,Central,Leicester,Office Supplies,Storage,1,106.77,0.0,106.77,30.82
ORD-103309,2025-07-12,2025-07-15,Standard Class,CUST-2232,Consumer,North,Newcastle,Technology,Copiers,2,1054.75,0.15,1793.08,138.62
ORD-103651,2025-07-13,2025-07-15,Standard Class,CUST-1364,Consumer,South,Brighton,Technology,Accessories,1,1595.74,0.15,1356.38,-118.36
ORD-106267,2025-07-13,2025-07-18,Standard Class,CUST-1273,Corporate,East,Ipswich,Furniture,Furnishings,3,656.51,0.2,1575.62,-189.36
ORD-103770,2025-07-13,2025-07-15,Standard Class,CUST-1407,Corporate,East,Ipswich,Office Supplies,Art,1,118.81,0.1,106.93,15.15
ORD-102336,2025-07-13,2025-07-16,First Class,CUST-2263,Consumer,West,Bristol,Technology,Accessories,1,1653.77,0.0,1653.77,434.99
ORD-105683,2025-07-13,2025-07-19,Standard Class,CUST-2352,Consumer,West,Exeter,Office Supplies,Art,6,106.71,0.0,640.26,35.05
ORD-103112,2025-07-13,2025-07-17,Standard Class,CUST-1642,Home Office,South,Portsmouth,Technology,Phones,2,1493.27,0.2,2389.23,-430.49
ORD-105033,2025-07-13,2025-07-17,Standard Class,CUST-1846,Consumer,North,Leeds,Technology,Phones,4,1237.88,0.0,4951.52,174.45
ORD-101264,2025-07-14,2025-07-19,Second Class,CUST-1106,Corporate,West,Exeter,Office Supplies,Paper,1,108.7,0.0,108.7,13.71
ORD-103200,2025-07-14,2025-07-16,Standard Class,CUST-2365,Consumer,West,Bristol,Office Supplies,Binders,5,118.98,0.0,594.9,185.12
ORD-105328,2025-07-14,2025-07-19,First Class,CUST-2132,Home Office,North,Sheffield,Office Supplies,Storage,2,92.82,0.1,167.08,21.39
ORD-104016,2025-07-15,2025-07-19,Standard Class,CUST-1688,Home Office,North,Sheffield,Furniture,Bookcases,1,147.32,0.1,132.59,-1.49
ORD-101084,2025-07-15,2025-07-21,Same Day,CUST-1041,Corporate,Central,Leicester,Furniture,Chairs,3,127.0,0.1,342.9,13.28
ORD-101845,2025-07-15,2025-07-22,First Class,CUST-1697,Home Office,Central,Leicester,Technology,Machines,1,781.23,0.1,703.11,-77.6
ORD-105150,2025-07-15,2025-07-16,Standard Class,CUST-1737,Consumer,South,Brighton,Technology,Machines,1,507.61,0.15,431.47,-0.06
ORD-104572,2025-07-15,2025-07-22,Standard Class,CUST-1364,Consumer,North,Leeds,Technology,Accessories,5,1461.61,0.0,7308.05,2017.58
ORD-105181,2025-07-15,2025-07-21,Standard Class,CUST-1498,Corporate,West,Bristol,Furniture,Tables,1,652.54,0.15,554.66,24.9
ORD-100329,2025-07-16,2025-07-17,Standard Class,CUST-1522,Corporate,South,Southampton,Technology,Phones,3,727.79,0.2,1746.7,-66.94
ORD-101518,2025-07-16,2025-07-19,Same Day,CUST-2183,Consumer,West,Exeter,Technology,Phones,4,832.32,0.2,2663.42,-380.3
ORD-100996,2025-07-17,2025-07-21,First Class,CUST-1958,Corporate,North,Newcastle,Furniture,Tables,1,702.23,0.0,702.23,25.54
ORD-103085,2025-07-17,2025-07-23,Standard Class,CUST-1110,Home Office,West,Cardiff,Office Supplies,Storage,1,107.49,0.1,96.74,16.45
ORD-105121,2025-07-17,2025-07-21,First Class,CUST-2054,Consumer,South,Southampton,Office Supplies,Labels,2,110.05,0.0,220.1,21.01
ORD-100234,2025-07-18,2025-07-21,Standard Class,CUST-1196,Consumer,East,Norwich,Office Supplies,Art,4,36.43,0.1,131.15,25.66
ORD-105887,2025-07-18,2025-07-21,First Class,CUST-1669,Consumer,North,Leeds,Technology,Accessories,4,731.39,0.0,2925.56,747.66
ORD-104861,2025-07-18,2025-07-20,Standard Class,CUST-1609,Corporate,North,Manchester,Office Supplies,Binders,1,24.33,0.1,21.9,5.63
ORD-103301,2025-07-18,2025-07-22,First Class,CUST-1905,Consumer,East,Norwich,Office Supplies,Binders,4,76.23,0.0,304.92,34.38
ORD-102333,2025-07-18,2025-07-21,First Class,CUST-2475,Corporate,West,Exeter,Technology,Phones,5,1302.34,0.0,6511.7,1620.8
ORD-100003,2025-07-18,2025-07-21,Standard Class,CUST-1702,Home Office,West,Cardiff,Office Supplies,Storage,3,39.47,0.1,106.57,16.41
ORD-104944,2025-07-18,2025-07-22,Standard Class,CUST-1138,Corporate,North,Leeds,Office Supplies,Storage,1,31.33,0.3,21.93,0.67
ORD-100800,2025-07-18,2025-07-24,First Class,CUST-1337,Home Office,South,Brighton,Furniture,Bookcases,1,898.25,0.0,898.25,104.71
ORD-103933,2025-07-18,2025-07-24,Standard Class,CUST-1854,Corporate,East,Ipswich,Office Supplies,Binders,4,115.31,0.1,415.12,0.63
ORD-102572,2025-07-19,2025-07-23,Second Class,CUST-2459,Corporate,East,Norwich,Furniture,Tables,2,179.84,0.1,323.71,36.1
ORD-103883,2025-07-19,2025-07-22,Standard Class,CUST-1722,Home Office,East,Cambridge,Furniture,Furnishings,1,623.49,0.0,623.49,65.45
ORD-104991,2025-07-19,2025-07-22,First Class,CUST-1167,Consumer,South,Southampton,Office Supplies,Binders,3,75.76,0.3,159.1,-8.08
ORD-100377,2025-07-20,2025-07-24,Second Class,CUST-2337,Corporate,East,Peterborough,Technology,Accessories,3,824.25,0.1,2225.47,307.75
ORD-106041,2025-07-20,2025-07-24,Standard Class,CUST-2060,Consumer,West,Exeter,Office Supplies,Paper,2,48.83,0.0,97.66,20.24
ORD-103722,2025-07-20,2025-07-24,Second Class,CUST-1426,Consumer,Central,Nottingham,Furniture,Furnishings,2,603.3,0.0,1206.6,138.3
ORD-105613,2025-07-20,2025-07-26,First Class,CUST-1263,Corporate,East,Peterborough,Furniture,Furnishings,5,128.05,0.0,640.25,-28.68
ORD-105554,2025-07-20,2025-07-24,Second Class,CUST-1093,Corporate,East,Cambridge,Furniture,Furnishings,4,427.43,0.3,1196.8,-87.48
ORD-103256,2025-07-20,2025-07-27,Same Day,CUST-1062,Corporate,South,Southampton,Office Supplies,Paper,4,51.46,0.2,164.67,11.75
ORD-100248,2025-07-20,2025-07-23,Standard Class,CUST-1629,Home Office,South,Brighton,Furniture,Furnishings,2,524.83,0.1,944.69,-61.79
ORD-101254,2025-07-21,2025-07-25,Second Class,CUST-1276,Home Office,South,Reading,Office Supplies,Paper,1,51.96,0.2,41.57,3.81
ORD-102515,2025-07-21,2025-07-24,Second Class,CUST-1700,Consumer,South,Southampton,Furniture,Furnishings,2,114.99,0.4,137.99,-29.29
ORD-101309,2025-07-21,2025-07-24,Standard Class,CUST-1569,Home Office,North,Newcastle,Furniture,Bookcases,4,497.64,0.15,1691.98,-201.32
ORD-106364,2025-07-21,2025-07-28,Standard Class,CUST-2373,Consumer,North,Newcastle,Technology,Copiers,4,1066.74,0.0,4266.96,1220.97
ORD-105265,2025-07-21,2025-07-22,First Class,CUST-1691,Consumer,West,Bristol,Furniture,Chairs,3,705.34,0.0,2116.02,-58.81
ORD-100643,2025-07-21,2025-07-25,Second Class,CUST-2052,Corporate,Central,Leicester,Technology,Machines,2,1472.81,0.0,2945.62,666.28
ORD-105384,2025-07-21,2025-07-24,Standard Class,CUST-2336,Home Office,South,Reading,Office Supplies,Binders,1,82.55,0.1,74.3,3.8
ORD-105639,2025-07-21,2025-07-24,First Class,CUST-1441,Consumer,East,Cambridge,Furniture,Chairs,6,247.8,0.1,1338.12,-106.37
ORD-102764,2025-07-21,2025-07-23,Standard Class,CUST-1228,Corporate,West,Exeter,Technology,Copiers,1,736.62,0.2,589.3,-56.86
ORD-102824,2025-07-22,2025-07-28,First Class,CUST-1446,Corporate,East,Peterborough,Office Supplies,Paper,2,38.92,0.0,77.84,11.45
ORD-101363,2025-07-22,2025-07-28,Second Class,CUST-1627,Home Office,East,Peterborough,Office Supplies,Art,4,111.48,0.5,222.96,-16.86
ORD-101734,2025-07-22,2025-07-24,First Class,CUST-1020,Consumer,North,Manchester,Furniture,Chairs,1,579.64,0.0,579.64,21.77
ORD-101072,2025-07-22,2025-07-28,First Class,CUST-1125,Home Office,Central,Coventry,Furniture,Tables,4,69.77,0.4,167.45,-30.32
ORD-102115,2025-07-23,2025-07-27,Second Class,CUST-1000,Consumer,Central,Leicester,Office Supplies,Art,4,94.54,0.1,340.34,93.99
ORD-103516,2025-07-23,2025-07-28,Standard Class,CUST-2061,Consumer,West,Bristol,Office Supplies,Labels,1,16.63,0.0,16.63,2.73
ORD-105657,2025-07-23,2025-07-27,Standard Class,CUST-1793,Consumer,South,Southampton,Technology,Copiers,3,70.45,0.3,147.94,14.9
ORD-105728,2025-07-23,2025-07-29,Second Class,CUST-1726,Corporate,East,Cambridge,Office Supplies,Art,4,117.76,0.0,471.04,50.63
ORD-101913,2025-07-23,2025-07-28,Standard Class,CUST-1148,Home Office,West,Exeter,Furniture,Furnishings,1,323.78,0.1,291.4,24.97
ORD-106399,2025-07-23,2025-07-27,First Class,CUST-1840,Consumer,West,Cardiff,Technology,Phones,1,758.42,0.15,644.66,21.32
ORD-106015,2025-07-23,2025-07-26,Standard Class,CUST-2343,Consumer,West,Bristol,Technology,Copiers,1,1451.17,0.0,1451.17,65.86
ORD-103217,2025-07-23,2025-07-28,Standard Class,CUST-1799,Home Office,Central,Nottingham,Office Supplies,Binders,1,34.9,0.0,34.9,4.3
ORD-104771,2025-07-23,2025-07-25,Standard Class,CUST-1230,Corporate,West,Bristol,Office Supplies,Binders,1,23.68,0.2,18.94,2.94
ORD-100733,2025-07-24,2025-07-28,Second Class,CUST-1763,Consumer,North,Manchester,Technology,Machines,6,491.95,0.1,2656.53,315.0
ORD-102510,2025-07-24,2025-07-25,Same Day,CUST-2468,Consumer,West,Bristol,Furniture,Chairs,1,885.36,0.0,885.36,94.97
ORD-106297,2025-07-24,2025-07-27,Second Class,CUST-2112,Home Office,Central,Birmingham,Office Supplies,Labels,2,27.49,0.0,54.98,11.3
ORD-105114,2025-07-24,2025-07-26,Second Class,CUST-1998,Corporate,North,Leeds,Furniture,Bookcases,1,784.71,0.2,627.77,-93.14
ORD-102186,2025-07-24,2025-07-29,Standard Class,CUST-1538,Consumer,East,Ipswich,Furniture,Furnishings,6,134.29,0.1,725.17,-30.46
ORD-104417,2025-07-24,2025-07-29,Standard Class,CUST-1566,Consumer,East,Peterborough,Technology,Phones,3,1385.94,0.2,3326.26,99.3
ORD-101513,2025-07-24,2025-07-27,Same Day,CUST-1798,Home Office,South,Southampton,Office Supplies,Labels,3,67.21,0.0,201.63,70.53
ORD-100443,2025-07-24,2025-07-27,Standard Class,CUST-2126,Corporate,North,Manchester,Office Supplies,Binders,2,50.44,0.5,50.44,-8.19
ORD-102563,2025-07-24,2025-07-30,First Class,CUST-1627,Corporate,West,Cardiff,Office Supplies,Storage,5,5.89,0.0,29.45,9.7
ORD-104092,2025-07-24,2025-07-29,Standard Class,CUST-1114,Consumer,South,Reading,Office Supplies,Art,2,4.15,0.0,8.3,2.74
ORD-101124,2025-07-25,2025-07-28,Standard Class,CUST-1866,Consumer,East,Cambridge,Technology,Phones,1,1022.19,0.0,1022.19,66.2
ORD-106445,2025-07-25,2025-07-31,Standard Class,CUST-1573,Consumer,Central,Birmingham,Technology,Accessories,4,523.48,0.3,1465.74,-270.67
ORD-101784,2025-07-25,2025-07-26,First Class,CUST-2375,Home Office,North,Sheffield,Furniture,Chairs,3,263.68,0.1,711.94,-48.15
ORD-100056,2025-07-25,2025-07-27,First Class,CUST-1088,Consumer,West,Exeter,Technology,Machines,3,953.44,0.0,2860.32,717.6
ORD-105500,2025-07-25,2025-07-29,Second Class,CUST-1547,Consumer,South,Southampton,Office Supplies,Art,2,26.3,0.0,52.6,16.15
ORD-105875,2025-07-26,2025-07-27,First Class,CUST-1176,Corporate,West,Bristol,Furniture,Chairs,1,365.91,0.0,365.91,41.89
ORD-102761,2025-07-26,2025-07-30,Second Class,CUST-1295,Corporate,West,Plymouth,Furniture,Bookcases,1,381.18,0.15,324.0,-40.47
ORD-103494,2025-07-26,2025-07-30,Standard Class,CUST-1038,Consumer,West,Plymouth,Technology,Machines,1,1516.73,0.15,1289.22,-9.9
ORD-100694,2025-07-26,2025-07-29,First Class,CUST-1637,Corporate,East,Peterborough,Technology,Machines,1,1079.94,0.1,971.95,-91.68
ORD-105044,2025-07-26,2025-07-31,Standard Class,CUST-2482,Consumer,East,Ipswich,Furniture,Bookcases,2,446.83,0.0,893.66,145.6
ORD-103344,2025-07-26,2025-07-31,Standard Class,CUST-1068,Consumer,West,Exeter,Office Supplies,Binders,3,101.07,0.3,212.25,16.24
ORD-103142,2025-07-26,2025-07-28,Standard Class,CUST-2268,Home Office,West,Exeter,Furniture,Bookcases,4,227.31,0.1,818.32,9.75
ORD-106020,2025-07-27,2025-07-29,Second Class,CUST-1494,Corporate,North,Manchester,Technology,Phones,1,39.52,0.15,33.59,6.44
ORD-101149,2025-07-27,2025-07-30,Standard Class,CUST-1068,Corporate,East,Peterborough,Office Supplies,Storage,6,48.67,0.3,204.41,-12.74
ORD-104876,2025-07-27,2025-07-29,Standard Class,CUST-1992,Home Office,North,Manchester,Technology,Phones,1,273.3,0.0,273.3,41.53
ORD-100184,2025-07-27,2025-07-30,Standard Class,CUST-2211,Corporate,West,Bristol,Furniture,Chairs,3,291.32,0.0,873.96,114.9
ORD-100372,2025-07-27,2025-08-02,Same Day,CUST-1984,Consumer,Central,Birmingham,Technology,Accessories,1,553.33,0.0,553.33,15.58
ORD-101204,2025-07-27,2025-08-02,Second Class,CUST-1106,Consumer,North,Newcastle,Technology,Phones,2,537.21,0.2,859.54,-89.37
ORD-104810,2025-07-27,2025-08-02,Standard Class,CUST-2142,Consumer,North,Newcastle,Office Supplies,Paper,1,116.25,0.4,69.75,-10.76
ORD-104295,2025-07-27,2025-07-31,Second Class,CUST-2253,Consumer,West,Plymouth,Office Supplies,Binders,3,29.08,0.4,52.34,-1.89
ORD-102148,2025-07-28,2025-07-31,Second Class,CUST-1988,Consumer,North,Manchester,Furniture,Chairs,2,876.95,0.2,1403.12,-183.24
ORD-102536,2025-07-28,2025-07-30,Standard Class,CUST-1454,Consumer,South,Southampton,Technology,Phones,3,200.86,0.15,512.19,6.56
ORD-100999,2025-07-28,2025-08-01,Same Day,CUST-1276,Consumer,South,Brighton,Office Supplies,Paper,2,49.88,0.1,89.78,20.08
ORD-104627,2025-07-28,2025-08-02,Standard Class,CUST-1699,Consumer,Central,Leicester,Office Supplies,Labels,1,48.42,0.2,38.74,-0.23
ORD-101715,2025-07-28,2025-07-30,Standard Class,CUST-1673,Corporate,South,Portsmouth,Technology,Copiers,2,1676.18,0.1,3017.12,485.81
ORD-101100,2025-07-28,2025-07-31,Standard Class,CUST-1566,Home Office,West,Exeter,Office Supplies,Storage,1,18.46,0.0,18.46,5.44
ORD-103364,2025-07-28,2025-08-01,Standard Class,CUST-2207,Corporate,North,Manchester,Office Supplies,Binders,1,59.05,0.0,59.05,3.37
ORD-103423,2025-07-28,2025-07-30,First Class,CUST-1336,Consumer,North,Manchester,Office Supplies,Binders,1,72.96,0.4,43.78,-7.5
ORD-101236,2025-07-28,2025-07-31,Standard Class,CUST-2105,Consumer,Central,Leicester,Office Supplies,Storage,2,19.77,0.0,39.54,5.02
ORD-102278,2025-07-29,2025-08-02,Second Class,CUST-2335,Corporate,East,Ipswich,Office Supplies,Binders,3,43.03,0.0,129.09,36.83
ORD-102837,2025-07-29,2025-07-31,Standard Class,CUST-2210,Consumer,South,Portsmouth,Technology,Phones,4,856.57,0.1,3083.65,599.91
ORD-103619,2025-07-29,2025-08-05,Standard Class,CUST-1266,Consumer,North,Leeds,Office Supplies,Binders,1,8.13,0.0,8.13,0.56
ORD-106042,2025-07-29,2025-08-01,Standard Class,CUST-1806,Consumer,East,Norwich,Technology,Phones,1,1261.16,0.3,882.81,-236.77
ORD-105457,2025-07-29,2025-08-02,First Class,CUST-2033,Consumer,South,Brighton,Office Supplies,Labels,6,109.83,0.0,658.98,123.33
ORD-102169,2025-07-29,2025-08-03,Standard Class,CUST-1139,Consumer,East,Norwich,Office Supplies,Art,3,32.21,0.15,82.14,14.28
ORD-100401,2025-07-30,2025-08-03,Same Day,CUST-1067,Consumer,Central,Leicester,Office Supplies,Labels,1,18.25,0.0,18.25,5.12
ORD-104411,2025-07-30,2025-08-06,First Class,CUST-1847,Home Office,North,Newcastle,Furniture,Chairs,1,275.42,0.0,275.42,15.48
ORD-101257,2025-07-30,2025-08-03,Standard Class,CUST-1552,Corporate,Central,Coventry,Furniture,Tables,3,281.36,0.0,844.08,35.29
ORD-106043,2025-07-30,2025-08-04,Standard Class,CUST-1096,Consumer,East,Cambridge,Office Supplies,Art,3,22.82,0.1,61.61,9.46
ORD-100964,2025-07-30,2025-08-03,Standard Class,CUST-1843,Corporate,North,Newcastle,Furniture,Chairs,1,534.85,0.0,534.85,21.53
ORD-102086,2025-07-31,2025-08-03,Standard Class,CUST-1370,Corporate,East,Peterborough,Office Supplies,Art,1,58.12,0.3,40.68,1.73
ORD-102952,2025-07-31,2025-08-04,Second Class,CUST-1658,Consumer,South,Reading,Furniture,Furnishings,4,285.89,0.0,1143.56,31.12
ORD-105705,2025-07-31,2025-08-05,Standard Class,CUST-1144,Corporate,North,Leeds,Technology,Accessories,2,1545.76,0.0,3091.52,918.3
ORD-102859,2025-07-31,2025-08-04,First Class,CUST-1768,Home Office,West,Cardiff,Furniture,Chairs,1,754.27,0.5,377.13,-76.72
ORD-103300,2025-07-31,2025-08-04,First Class,CUST-1523,Corporate,North,Leeds,Office Supplies,Labels,4,30.16,0.1,108.58,20.39
ORD-101029,2025-07-31,2025-08-04,Second Class,CUST-2099,Consumer,South,Reading,Furniture,Tables,2,344.46,0.0,688.92,-0.94
ORD-105273,2025-07-31,2025-08-07,Same Day,CUST-1552,Home Office,Central,Birmingham,Technology,Machines,4,187.17,0.0,748.68,32.22
ORD-103003,2025-07-31,2025-08-03,Standard Class,CUST-2498,Consumer,South,Southampton,Office Supplies,Binders,2,29.74,0.4,35.69,-3.38
ORD-101599,2025-07-31,2025-08-03,First Class,CUST-1236,Corporate,East,Peterborough,Technology,Accessories,1,514.49,0.0,514.49,112.85
ORD-103750,2025-07-31,2025-08-03,Second Class,CUST-1642,Consumer,East,Cambridge,Office Supplies,Labels,1,90.62,0.0,90.62,29.7
ORD-105170,2025-07-31,2025-08-02,Same Day,CUST-1503,Consumer,North,Leeds,Furniture,Furnishings,5,333.23,0.2,1332.92,40.9
ORD-104885,2025-07-31,2025-08-03,First Class,CUST-2249,Home Office,North,Leeds,Technology,Copiers,3,82.75,0.0,248.25,72.4
ORD-104645,2025-08-01,2025-08-03,Standard Class,CUST-1238,Home Office,West,Plymouth,Office Supplies,Paper,4,77.55,0.0,310.2,27.03
ORD-103362,2025-08-01,2025-08-04,Standard Class,CUST-1101,Home Office,South,Southampton,Furniture,Tables,3,668.08,0.0,2004.24,87.62
ORD-106102,2025-08-01,2025-08-03,Second Class,CUST-1648,Corporate,South,Brighton,Furniture,Furnishings,3,626.9,0.0,1880.7,222.1
ORD-102710,2025-08-01,2025-08-04,Standard Class,CUST-2175,Consumer,West,Exeter,Furniture,Bookcases,2,890.05,0.0,1780.1,130.8
ORD-103830,2025-08-01,2025-08-07,First Class,CUST-1717,Home Office,Central,Coventry,Furniture,Bookcases,1,307.49,0.1,276.74,22.51
ORD-104294,2025-08-01,2025-08-04,Second Class,CUST-1546,Home Office,East,Peterborough,Furniture,Bookcases,6,301.79,0.2,1448.59,-20.22
ORD-106185,2025-08-01,2025-08-07,Standard Class,CUST-1455,Corporate,Central,Coventry,Technology,Copiers,1,229.2,0.3,160.44,-1.57
ORD-103600,2025-08-01,2025-08-05,First Class,CUST-1989,Corporate,East,Ipswich,Office Supplies,Paper,1,27.68,0.0,27.68,9.55
ORD-103159,2025-08-01,2025-08-06,Standard Class,CUST-2402,Consumer,Central,Birmingham,Technology,Accessories,3,173.65,0.0,520.95,142.16
ORD-105018,2025-08-01,2025-08-02,Standard Class,CUST-2368,Home Office,East,Peterborough,Technology,Phones,1,1508.88,0.5,754.44,-77.86
ORD-101636,2025-08-02,2025-08-06,Standard Class,CUST-1621,Home Office,Central,Coventry,Office Supplies,Paper,2,71.38,0.0,142.76,38.7
ORD-101315,2025-08-02,2025-08-08,Second Class,CUST-1305,Home Office,North,Manchester,Furniture,Furnishings,6,586.62,0.2,2815.78,89.67
ORD-102185,2025-08-02,2025-08-09,Standard Class,CUST-1421,Consumer,South,Brighton,Furniture,Furnishings,1,406.05,0.3,284.24,-6.34
ORD-100050,2025-08-02,2025-08-06,Standard Class,CUST-2343,Corporate,East,Peterborough,Office Supplies,Paper,2,47.32,0.0,94.64,30.27
ORD-103186,2025-08-02,2025-08-05,Standard Class,CUST-2044,Home Office,South,Reading,Office Supplies,Art,3,53.5,0.1,144.45,1.52
ORD-101675,2025-08-02,2025-08-07,First Class,CUST-1276,Corporate,West,Exeter,Furniture,Tables,3,387.95,0.0,1163.85,81.98
ORD-103018,2025-08-02,2025-08-08,Standard Class,CUST-1503,Home Office,East,Ipswich,Furniture,Furnishings,1,732.61,0.4,439.57,-51.85
ORD-101555,2025-08-02,2025-08-07,First Class,CUST-1527,Corporate,West,Plymouth,Office Supplies,Art,5,116.86,0.2,467.44,-5.39
ORD-105175,2025-08-02,2025-08-04,Standard Class,CUST-1055,Consumer,East,Ipswich,Office Supplies,Storage,4,48.22,0.0,192.88,40.89
ORD-100943,2025-08-02,2025-08-05,Standard Class,CUST-1660,Corporate,Central,Coventry,Office Supplies,Art,4,73.36,0.4,176.06,1.95
ORD-105541,2025-08-02,2025-08-07,Standard Class,CUST-2492,Consumer,West,Plymouth,Technology,Copiers,2,1373.9,0.2,2198.24,283.36
ORD-105845,2025-08-02,2025-08-04,Second Class,CUST-1192,Consumer,North,Newcastle,Office Supplies,Art,3,90.28,0.15,230.21,6.19
ORD-100780,2025-08-03,2025-08-07,Standard Class,CUST-1306,Consumer,North,Manchester,Technology,Phones,3,1124.35,0.0,3373.05,-336.03
ORD-103307,2025-08-03,2025-08-07,Standard Class,CUST-1742,Consumer,East,Cambridge,Office Supplies,Labels,3,114.44,0.2,274.66,-4.68
ORD-105514,2025-08-03,2025-08-06,Standard Class,CUST-1184,Consumer,West,Exeter,Technology,Machines,2,119.31,0.1,214.76,47.35
ORD-102007,2025-08-03,2025-08-06,Second Class,CUST-2405,Home Office,East,Ipswich,Office Supplies,Labels,2,27.88,0.15,47.4,0.33
ORD-104096,2025-08-03,2025-08-10,Standard Class,CUST-2356,Consumer,South,Reading,Office Supplies,Art,2,13.65,0.0,27.3,3.2
ORD-100715,2025-08-03,2025-08-10,Standard Class,CUST-1685,Home Office,West,Cardiff,Furniture,Furnishings,1,755.89,0.1,680.3,-50.89
ORD-100871,2025-08-03,2025-08-08,Second Class,CUST-1175,Consumer,South,Portsmouth,Technology,Accessories,3,103.05,0.2,247.32,-29.8
ORD-101971,2025-08-03,2025-08-07,Second Class,CUST-1745,Consumer,East,Cambridge,Furniture,Chairs,1,242.73,0.0,242.73,4.82
ORD-100139,2025-08-03,2025-08-07,Standard Class,CUST-1365,Corporate,West,Bristol,Furniture,Bookcases,1,70.17,0.4,42.1,-5.07
ORD-103207,2025-08-03,2025-08-06,Standard Class,CUST-2462,Home Office,North,Leeds,Furniture,Bookcases,2,165.39,0.3,231.55,-16.4
ORD-102659,2025-08-04,2025-08-06,Standard Class,CUST-1944,Corporate,East,Ipswich,Office Supplies,Art,1,14.86,0.0,14.86,2.82
ORD-102605,2025-08-04,2025-08-07,Standard Class,CUST-2235,Consumer,East,Cambridge,Office Supplies,Labels,2,48.34,0.3,67.68,-7.97
ORD-106137,2025-08-04,2025-08-06,Second Class,CUST-1445,Consumer,North,Sheffield,Technology,Machines,2,1179.93,0.2,1887.89,249.24
ORD-102246,2025-08-04,2025-08-07,First Class,CUST-2188,Corporate,Central,Nottingham,Furniture,Tables,1,125.63,0.0,125.63,10.85
ORD-101212,2025-08-04,2025-08-08,Standard Class,CUST-1714,Corporate,East,Ipswich,Technology,Machines,5,895.16,0.3,3133.06,-281.59
ORD-104958,2025-08-05,2025-08-09,Same Day,CUST-1849,Consumer,South,Reading,Office Supplies,Binders,1,55.51,0.0,55.51,16.26
ORD-102366,2025-08-05,2025-08-07,Standard Class,CUST-2142,Home Office,East,Ipswich,Office Supplies,Storage,1,11.99,0.1,10.79,2.18
ORD-102025,2025-08-05,2025-08-10,First Class,CUST-1582,Corporate,North,Newcastle,Office Supplies,Storage,1,14.14,0.0,14.14,1.15
ORD-104267,2025-08-05,2025-08-09,Standard Class,CUST-1048,Home Office,West,Plymouth,Office Supplies,Art,4,69.65,0.3,195.02,11.57
ORD-103925,2025-08-05,2025-08-11,Second Class,CUST-1405,Consumer,South,Southampton,Office Supplies,Labels,1,60.43,0.0,60.43,12.59
ORD-100589,2025-08-05,2025-08-09,Standard Class,CUST-1191,Home Office,Central,Nottingham,Technology,Phones,2,987.58,0.0,1975.16,392.12
ORD-100631,2025-08-06,2025-08-12,Second Class,CUST-1835,Corporate,Central,Birmingham,Office Supplies,Paper,1,95.02,0.0,95.02,18.51
ORD-106300,2025-08-06,2025-08-11,Standard Class,CUST-1036,Home Office,North,Sheffield,Technology,Phones,1,898.13,0.0,898.13,39.31
ORD-101064,2025-08-06,2025-08-10,Standard Class,CUST-1819,Corporate,North,Leeds,Technology,Accessories,5,542.81,0.0,2714.05,-131.21
ORD-103979,2025-08-06,2025-08-11,Standard Class,CUST-2343,Corporate,South,Brighton,Office Supplies,Storage,2,86.38,0.0,172.76,52.07
ORD-104041,2025-08-06,2025-08-09,Standard Class,CUST-1338,Corporate,South,Southampton,Office Supplies,Labels,1,75.14,0.2,60.11,3.74
ORD-100671,2025-08-06,2025-08-11,Standard Class,CUST-2112,Home Office,East,Cambridge,Furniture,Chairs,6,594.6,0.2,2854.08,39.8
ORD-100532,2025-08-06,2025-08-08,Standard Class,CUST-1177,Consumer,East,Peterborough,Technology,Phones,3,307.93,0.4,554.27,14.36
ORD-101565,2025-08-06,2025-08-08,Standard Class,CUST-1356,Home Office,Central,Nottingham,Office Supplies,Art,1,25.67,0.0,25.67,6.74
ORD-104104,2025-08-07,2025-08-11,Standard Class,CUST-1407,Consumer,Central,Coventry,Furniture,Chairs,5,683.58,0.1,3076.11,-100.35
ORD-100597,2025-08-07,2025-08-08,Standard Class,CUST-1414,Corporate,West,Exeter,Technology,Machines,1,1754.39,0.5,877.2,-171.02
ORD-105133,2025-08-07,2025-08-12,Standard Class,CUST-2369,Home Office,West,Bristol,Technology,Machines,1,247.01,0.3,172.91,-9.48
ORD-103269,2025-08-07,2025-08-11,Same Day,CUST-2392,Corporate,North,Newcastle,Office Supplies,Storage,1,37.07,0.0,37.07,10.39
ORD-100998,2025-08-07,2025-08-12,Standard Class,CUST-1106,Consumer,East,Norwich,Technology,Phones,2,1449.29,0.15,2463.79,-343.3
ORD-106027,2025-08-07,2025-08-10,Second Class,CUST-1290,Corporate,North,Sheffield,Office Supplies,Binders,4,91.69,0.1,330.08,89.67
ORD-101729,2025-08-07,2025-08-13,First Class,CUST-2290,Corporate,East,Peterborough,Office Supplies,Art,2,16.42,0.3,22.99,0.45
ORD-105479,2025-08-07,2025-08-11,Standard Class,CUST-1296,Home Office,Central,Nottingham,Office Supplies,Labels,6,42.8,0.15,218.28,52.91
ORD-104207,2025-08-07,2025-08-12,First Class,CUST-1681,Consumer,South,Brighton,Technology,Machines,3,1037.76,0.15,2646.29,189.05
ORD-102951,2025-08-07,2025-08-12,Standard Class,CUST-2383,Corporate,Central,Coventry,Furniture,Bookcases,2,182.34,0.1,328.21,37.68
ORD-103191,2025-08-08,2025-08-10,Standard Class,CUST-1603,Corporate,Central,Leicester,Office Supplies,Labels,1,117.41,0.0,117.41,39.29
ORD-100953,2025-08-08,2025-08-13,Second Class,CUST-1958,Corporate,East,Norwich,Furniture,Tables,2,200.8,0.2,321.28,16.38
ORD-100680,2025-08-08,2025-08-12,Standard Class,CUST-2138,Consumer,South,Portsmouth,Office Supplies,Paper,2,73.13,0.1,131.63,15.74
ORD-104060,2025-08-08,2025-08-15,Standard Class,CUST-1377,Consumer,East,Cambridge,Office Supplies,Paper,2,68.25,0.3,95.55,15.2
ORD-103039,2025-08-08,2025-08-12,Second Class,CUST-1724,Consumer,East,Norwich,Technology,Copiers,1,483.33,0.1,435.0,14.22
ORD-105239,2025-08-08,2025-08-11,Standard Class,CUST-1917,Corporate,North,Manchester,Technology,Machines,1,1463.23,0.0,1463.23,193.26
ORD-100716,2025-08-08,2025-08-11,Standard Class,CUST-1488,Consumer,East,Peterborough,Office Supplies,Binders,3,95.65,0.1,258.25,67.84
ORD-102658,2025-08-08,2025-08-12,Standard Class,CUST-2204,Consumer,East,Norwich,Office Supplies,Art,2,64.32,0.0,128.64,25.42
ORD-105789,2025-08-08,2025-08-10,Standard Class,CUST-2337,Consumer,West,Cardiff,Office Supplies,Art,1,59.23,0.0,59.23,4.59
ORD-106017,2025-08-09,2025-08-11,Standard Class,CUST-1015,Consumer,West,Plymouth,Furniture,Bookcases,3,629.33,0.0,1887.99,124.83
ORD-103461,2025-08-09,2025-08-14,Second Class,CUST-2344,Home Office,South,Brighton,Furniture,Bookcases,4,849.18,0.2,2717.38,150.76
ORD-101964,2025-08-09,2025-08-13,Standard Class,CUST-2310,Consumer,East,Ipswich,Technology,Copiers,3,315.79,0.0,947.37,157.82
ORD-105994,2025-08-09,2025-08-10,Same Day,CUST-1848,Corporate,North,Manchester,Office Supplies,Storage,1,43.67,0.15,37.12,0.45
ORD-104998,2025-08-09,2025-08-10,Standard Class,CUST-1847,Consumer,North,Newcastle,Office Supplies,Art,1,59.27,0.0,59.27,12.03
ORD-104218,2025-08-09,2025-08-14,Standard Class,CUST-1541,Consumer,North,Newcastle,Office Supplies,Paper,2,59.02,0.0,118.04,34.6
ORD-105210,2025-08-09,2025-08-10,Standard Class,CUST-1277,Corporate,North,Sheffield,Technology,Machines,4,866.06,0.1,3117.82,34.16
ORD-101785,2025-08-10,2025-08-15,First Class,CUST-1172,Consumer,North,Manchester,Office Supplies,Art,6,64.62,0.0,387.72,111.37
ORD-102628,2025-08-10,2025-08-14,Same Day,CUST-1329,Consumer,West,Bristol,Furniture,Tables,4,836.26,0.0,3345.04,274.25
ORD-102118,2025-08-10,2025-08-14,Standard Class,CUST-1353,Corporate,South,Southampton,Furniture,Furnishings,2,237.58,0.15,403.89,-35.57
ORD-103177,2025-08-10,2025-08-15,Standard Class,CUST-1205,Consumer,North,Leeds,Furniture,Tables,6,117.87,0.15,601.14,-34.12
ORD-103004,2025-08-10,2025-08-16,Standard Class,CUST-2184,Consumer,Central,Nottingham,Office Supplies,Labels,3,61.05,0.2,146.52,20.57
ORD-104239,2025-08-10,2025-08-14,First Class,CUST-1224,Home Office,East,Norwich,Office Supplies,Storage,3,113.96,0.0,341.88,105.05
ORD-100535,2025-08-11,2025-08-13,Standard Class,CUST-1329,Consumer,East,Cambridge,Office Supplies,Storage,1,92.95,0.0,92.95,26.04
ORD-100340,2025-08-11,2025-08-17,Standard Class,CUST-1333,Consumer,South,Brighton,Furniture,Furnishings,2,497.18,0.5,497.18,-150.93
ORD-101322,2025-08-11,2025-08-16,Standard Class,CUST-1620,Corporate,North,Sheffield,Technology,Phones,2,407.1,0.15,692.07,-108.02
ORD-100525,2025-08-11,2025-08-12,Standard Class,CUST-1699,Consumer,South,Brighton,Furniture,Tables,4,460.77,0.5,921.54,-178.59
ORD-104613,2025-08-11,2025-08-16,Standard Class,CUST-1606,Consumer,West,Cardiff,Office Supplies,Binders,5,37.1,0.3,129.85,11.98
ORD-102254,2025-08-11,2025-08-16,Second Class,CUST-2024,Consumer,West,Plymouth,Technology,Accessories,2,234.03,0.1,421.25,56.54
ORD-103464,2025-08-11,2025-08-13,Standard Class,CUST-1004,Consumer,East,Peterborough,Furniture,Bookcases,1,213.3,0.2,170.64,-20.29
ORD-100508,2025-08-11,2025-08-16,Standard Class,CUST-1325,Home Office,West,Plymouth,Office Supplies,Labels,1,41.15,0.0,41.15,13.48
ORD-100298,2025-08-12,2025-08-16,Second Class,CUST-1569,Corporate,North,Sheffield,Technology,Accessories,1,387.54,0.0,387.54,66.53
ORD-105185,2025-08-12,2025-08-16,Standard Class,CUST-1741,Corporate,North,Manchester,Technology,Accessories,2,1253.11,0.1,2255.6,213.91
ORD-104611,2025-08-12,2025-08-18,Second Class,CUST-2452,Corporate,East,Peterborough,Office Supplies,Paper,3,66.88,0.1,180.58,37.21
ORD-101402,2025-08-12,2025-08-15,Second Class,CUST-1449,Consumer,West,Bristol,Technology,Machines,5,253.55,0.0,1267.75,339.4
ORD-102369,2025-08-12,2025-08-16,Standard Class,CUST-2081,Corporate,Central,Birmingham,Office Supplies,Paper,2,7.19,0.15,12.22,-0.27
ORD-104401,2025-08-12,2025-08-16,Standard Class,CUST-2319,Consumer,West,Bristol,Technology,Phones,1,274.19,0.5,137.09,-24.4
ORD-101983,2025-08-12,2025-08-17,First Class,CUST-1316,Consumer,East,Ipswich,Furniture,Chairs,1,105.05,0.0,105.05,9.46
ORD-104248,2025-08-12,2025-08-13,Standard Class,CUST-1279,Home Office,East,Ipswich,Office Supplies,Binders,1,62.09,0.3,43.46,2.25
ORD-100600,2025-08-12,2025-08-15,Standard Class,CUST-1623,Consumer,North,Sheffield,Office Supplies,Art,1,41.22,0.1,37.1,2.74
ORD-105386,2025-08-12,2025-08-13,Standard Class,CUST-2142,Consumer,East,Ipswich,Furniture,Bookcases,2,122.14,0.2,195.42,5.28
ORD-103718,2025-08-12,2025-08-16,Standard Class,CUST-1102,Consumer,West,Bristol,Office Supplies,Art,1,63.64,0.0,63.64,9.62
ORD-101713,2025-08-12,2025-08-16,Standard Class,CUST-2492,Consumer,Central,Leicester,Office Supplies,Paper,1,41.47,0.2,33.18,-0.72
ORD-106342,2025-08-13,2025-08-20,First Class,CUST-1788,Consumer,South,Portsmouth,Technology,Accessories,1,878.24,0.1,790.42,92.0
ORD-102798,2025-08-13,2025-08-18,Standard Class,CUST-1001,Home Office,East,Norwich,Office Supplies,Art,1,118.5,0.2,94.8,5.16
ORD-103358,2025-08-13,2025-08-18,Standard Class,CUST-1289,Consumer,Central,Nottingham,Technology,Phones,3,1380.54,0.1,3727.46,120.38
ORD-103305,2025-08-13,2025-08-16,Second Class,CUST-1546,Home Office,North,Newcastle,Office Supplies,Paper,1,34.91,0.0,34.91,3.17
ORD-105865,2025-08-14,2025-08-20,Second Class,CUST-1764,Home Office,South,Southampton,Technology,Phones,4,1143.0,0.0,4572.0,740.01
ORD-101318,2025-08-14,2025-08-17,Standard Class,CUST-2137,Consumer,Central,Birmingham,Office Supplies,Labels,1,107.13,0.4,64.28,-10.85
ORD-102194,2025-08-14,2025-08-18,Standard Class,CUST-1081,Home Office,South,Brighton,Office Supplies,Labels,2,35.43,0.2,56.69,8.33
ORD-105143,2025-08-15,2025-08-18,First Class,CUST-1216,Consumer,North,Newcastle,Furniture,Furnishings,1,683.18,0.5,341.59,-112.2
ORD-105863,2025-08-15,2025-08-16,Standard Class,CUST-1671,Home Office,West,Exeter,Technology,Copiers,3,715.16,0.0,2145.48,-142.95
ORD-104506,2025-08-15,2025-08-17,Second Class,CUST-1987,Consumer,West,Bristol,Furniture,Furnishings,1,341.06,0.1,306.95,-32.3
ORD-105953,2025-08-15,2025-08-18,Same Day,CUST-1665,Home Office,South,Brighton,Office Supplies,Binders,1,29.34,0.4,17.6,-2.48
ORD-104905,2025-08-16,2025-08-19,Standard Class,CUST-1739,Corporate,South,Southampton,Technology,Accessories,1,803.18,0.0,803.18,-59.08
ORD-105092,2025-08-16,2025-08-20,Standard Class,CUST-1869,Consumer,East,Norwich,Furniture,Tables,1,638.41,0.0,638.41,17.0
ORD-101479,2025-08-16,2025-08-17,Standard Class,CUST-1219,Consumer,East,Norwich,Furniture,Tables,1,611.67,0.1,550.5,-56.75
ORD-104043,2025-08-16,2025-08-18,Standard Class,CUST-2353,Consumer,West,Cardiff,Office Supplies,Binders,3,20.55,0.0,61.65,18.6
ORD-102133,2025-08-16,2025-08-19,Standard Class,CUST-1748,Consumer,North,Newcastle,Office Supplies,Paper,4,47.19,0.0,188.76,28.62
ORD-102166,2025-08-16,2025-08-23,Standard Class,CUST-1420,Home Office,North,Sheffield,Technology,Machines,2,357.34,0.1,643.21,117.68
ORD-104203,2025-08-16,2025-08-22,Same Day,CUST-2334,Home Office,East,Ipswich,Furniture,Furnishings,1,776.08,0.2,620.86,-84.61
ORD-100137,2025-08-16,2025-08-19,Same Day,CUST-1028,Home Office,South,Brighton,Office Supplies,Paper,4,39.9,0.15,135.66,12.38
ORD-105717,2025-08-17,2025-08-22,Standard Class,CUST-1665,Consumer,East,Ipswich,Furniture,Chairs,2,857.66,0.2,1372.26,-31.5
ORD-105656,2025-08-17,2025-08-21,Same Day,CUST-1484,Corporate,West,Exeter,Technology,Machines,1,1768.32,0.5,884.16,-303.62
ORD-103780,2025-08-17,2025-08-24,First Class,CUST-1846,Consumer,East,Cambridge,Technology,Copiers,1,1076.13,0.0,1076.13,-104.36
ORD-101987,2025-08-17,2025-08-18,Second Class,CUST-1617,Corporate,East,Peterborough,Technology,Accessories,6,928.06,0.1,5011.52,-309.03
ORD-101882,2025-08-17,2025-08-21,Standard Class,CUST-2087,Consumer,North,Sheffield,Office Supplies,Storage,1,9.21,0.2,7.37,0.15
ORD-105077,2025-08-18,2025-08-22,Standard Class,CUST-1632,Consumer,South,Southampton,Office Supplies,Paper,1,72.1,0.15,61.28,12.38
ORD-100282,2025-08-18,2025-08-21,Second Class,CUST-2081,Corporate,North,Newcastle,Office Supplies,Binders,1,56.62,0.0,56.62,4.42
ORD-103103,2025-08-18,2025-08-20,Standard Class,CUST-2306,Consumer,East,Ipswich,Office Supplies,Paper,5,77.23,0.0,386.15,103.25
ORD-103629,2025-08-18,2025-08-22,Second Class,CUST-2028,Home Office,West,Cardiff,Technology,Phones,1,1149.81,0.0,1149.81,101.05
ORD-100247,2025-08-18,2025-08-23,Standard Class,CUST-1543,Corporate,North,Sheffield,Furniture,Furnishings,3,124.37,0.3,261.18,-10.33
ORD-104490,2025-08-19,2025-08-22,Second Class,CUST-1177,Corporate,Central,Leicester,Technology,Machines,6,435.57,0.0,2613.42,220.76
ORD-104089,2025-08-19,2025-08-22,Standard Class,CUST-1682,Home Office,South,Portsmouth,Office Supplies,Paper,2,93.79,0.1,168.82,47.24
ORD-102037,2025-08-19,2025-08-22,Second Class,CUST-1618,Corporate,West,Bristol,Furniture,Tables,2,564.5,0.1,1016.1,-92.64
ORD-105729,2025-08-19,2025-08-24,Standard Class,CUST-1869,Home Office,East,Ipswich,Technology,Copiers,1,206.1,0.3,144.27,14.39
ORD-104026,2025-08-19,2025-08-24,Standard Class,CUST-2035,Consumer,North,Leeds,Furniture,Furnishings,3,661.79,0.0,1985.37,244.96
ORD-103843,2025-08-20,2025-08-24,Standard Class,CUST-2092,Consumer,Central,Coventry,Technology,Accessories,4,1480.75,0.0,5923.0,1088.51
ORD-103993,2025-08-20,2025-08-24,First Class,CUST-1139,Corporate,West,Bristol,Office Supplies,Labels,1,41.57,0.1,37.41,7.49
ORD-103047,2025-08-20,2025-08-25,Standard Class,CUST-2183,Consumer,North,Manchester,Office Supplies,Paper,4,19.59,0.0,78.36,20.54
ORD-104245,2025-08-20,2025-08-24,Standard Class,CUST-1214,Home Office,North,Newcastle,Furniture,Bookcases,6,523.53,0.4,1884.71,-206.7
ORD-103312,2025-08-20,2025-08-24,Standard Class,CUST-2248,Consumer,West,Cardiff,Technology,Machines,6,968.48,0.0,5810.88,1078.0
ORD-100135,2025-08-20,2025-08-23,Second Class,CUST-1492,Corporate,North,Manchester,Furniture,Bookcases,1,579.92,0.0,579.92,82.28
ORD-102541,2025-08-20,2025-08-26,Same Day,CUST-1121,Consumer,West,Exeter,Technology,Accessories,2,1163.35,0.0,2326.7,359.55
ORD-103710,2025-08-21,2025-08-25,Standard Class,CUST-1027,Corporate,West,Bristol,Technology,Accessories,1,1774.25,0.0,1774.25,308.61
ORD-100322,2025-08-21,2025-08-24,Second Class,CUST-1846,Home Office,North,Sheffield,Technology,Accessories,1,738.6,0.2,590.88,54.32
ORD-102420,2025-08-21,2025-08-23,Standard Class,CUST-1632,Corporate,East,Norwich,Furniture,Furnishings,1,383.32,0.1,344.99,-12.58
ORD-102587,2025-08-21,2025-08-24,Standard Class,CUST-1881,Home Office,East,Norwich,Office Supplies,Paper,6,4.82,0.1,26.03,4.19
ORD-100306,2025-08-21,2025-08-24,Standard Class,CUST-2271,Home Office,South,Southampton,Furniture,Bookcases,2,830.23,0.2,1328.37,-185.95
ORD-101471,2025-08-21,2025-08-25,Standard Class,CUST-1458,Home Office,North,Manchester,Office Supplies,Paper,4,48.49,0.3,135.77,8.28
ORD-105794,2025-08-21,2025-08-24,Standard Class,CUST-2133,Corporate,North,Manchester,Technology,Machines,1,1449.23,0.0,1449.23,-65.29
ORD-104590,2025-08-21,2025-08-27,Standard Class,CUST-2139,Home Office,East,Ipswich,Office Supplies,Art,3,61.01,0.0,183.03,51.8
ORD-101693,2025-08-21,2025-08-24,First Class,CUST-1379,Corporate,Central,Nottingham,Technology,Copiers,1,559.31,0.1,503.38,43.96
ORD-104228,2025-08-22,2025-08-24,Second Class,CUST-2097,Corporate,East,Peterborough,Technology,Accessories,6,1006.03,0.1,5432.56,170.81
ORD-100930,2025-08-22,2025-08-25,First Class,CUST-1968,Corporate,East,Norwich,Technology,Phones,2,1518.73,0.1,2733.71,1.46
ORD-104427,2025-08-22,2025-08-26,Standard Class,CUST-2362,Consumer,South,Portsmouth,Technology,Copiers,1,964.19,0.1,867.77,-19.61
ORD-105716,2025-08-22,2025-08-25,First Class,CUST-2196,Home Office,East,Cambridge,Office Supplies,Labels,2,63.48,0.0,126.96,27.52
ORD-102948,2025-08-23,2025-08-26,Standard Class,CUST-1669,Consumer,Central,Coventry,Technology,Copiers,1,762.77,0.0,762.77,226.84
ORD-105010,2025-08-23,2025-08-28,Standard Class,CUST-1860,Home Office,East,Peterborough,Technology,Copiers,1,1479.55,0.1,1331.6,313.91
ORD-105472,2025-08-23,2025-08-29,Standard Class,CUST-1131,Corporate,North,Newcastle,Office Supplies,Storage,2,94.49,0.4,113.39,-1.49
ORD-104113,2025-08-23,2025-08-27,First Class,CUST-1525,Home Office,Central,Nottingham,Technology,Copiers,1,1694.54,0.2,1355.63,72.98
ORD-101344,2025-08-23,2025-08-25,Standard Class,CUST-1992,Corporate,West,Bristol,Office Supplies,Storage,3,104.32,0.4,187.78,1.75
ORD-102790,2025-08-23,2025-08-26,Standard Class,CUST-1314,Home Office,Central,Leicester,Technology,Machines,2,1416.09,0.0,2832.18,673.02
ORD-102232,2025-08-23,2025-08-29,Second Class,CUST-2027,Corporate,South,Southampton,Office Supplies,Storage,1,19.8,0.5,9.9,-2.34
ORD-102910,2025-08-23,2025-08-29,First Class,CUST-2045,Corporate,West,Cardiff,Office Supplies,Binders,4,87.09,0.1,313.52,22.56
ORD-105666,2025-08-23,2025-08-26,Second Class,CUST-2250,Consumer,West,Bristol,Office Supplies,Binders,6,114.36,0.1,617.54,6.33
ORD-105783,2025-08-24,2025-08-27,Standard Class,CUST-1939,Consumer,North,Leeds,Office Supplies,Paper,1,48.02,0.1,43.22,2.48
ORD-101394,2025-08-24,2025-08-26,Standard Class,CUST-2073,Corporate,South,Portsmouth,Office Supplies,Binders,1,66.12,0.0,66.12,12.01
ORD-101579,2025-08-25,2025-08-28,Standard Class,CUST-1229,Corporate,North,Sheffield,Office Supplies,Paper,4,112.68,0.0,450.72,67.62
ORD-104860,2025-08-25,2025-08-28,Standard Class,CUST-2278,Consumer,South,Portsmouth,Technology,Copiers,1,525.84,0.0,525.84,31.14
ORD-106171,2025-08-25,2025-08-27,Standard Class,CUST-1479,Corporate,East,Peterborough,Technology,Phones,1,1703.43,0.0,1703.43,227.74
ORD-100873,2025-08-25,2025-08-27,First Class,CUST-1511,Corporate,East,Ipswich,Furniture,Chairs,2,294.73,0.0,589.46,89.05
ORD-105372,2025-08-25,2025-08-31,Second Class,CUST-1903,Consumer,East,Cambridge,Furniture,Chairs,1,408.92,0.1,368.03,26.08
ORD-105997,2025-08-26,2025-08-30,Standard Class,CUST-1052,Home Office,West,Plymouth,Office Supplies,Paper,1,105.77,0.1,95.19,17.73
ORD-103088,2025-08-26,2025-08-29,First Class,CUST-1730,Corporate,West,Plymouth,Technology,Copiers,1,1028.42,0.15,874.16,36.64
ORD-100774,2025-08-26,2025-08-29,Second Class,CUST-1961,Home Office,West,Plymouth,Office Supplies,Art,3,103.33,0.0,309.99,49.2
ORD-103666,2025-08-26,2025-08-31,Standard Class,CUST-1490,Home Office,West,Exeter,Office Supplies,Paper,4,45.1,0.0,180.4,23.56
ORD-104971,2025-08-26,2025-09-01,Standard Class,CUST-2084,Consumer,South,Southampton,Technology,Machines,1,569.16,0.0,569.16,20.6
ORD-106039,2025-08-26,2025-08-29,Standard Class,CUST-1028,Corporate,West,Cardiff,Office Supplies,Labels,3,77.6,0.0,232.8,20.6
ORD-100161,2025-08-26,2025-09-01,Standard Class,CUST-1678,Corporate,East,Peterborough,Technology,Machines,1,526.31,0.0,526.31,115.44
ORD-103615,2025-08-26,2025-08-28,Second Class,CUST-1968,Corporate,South,Southampton,Technology,Copiers,2,542.27,0.2,867.63,81.66
ORD-100916,2025-08-26,2025-08-28,First Class,CUST-1927,Consumer,West,Cardiff,Office Supplies,Art,3,88.73,0.1,239.57,29.92
ORD-100024,2025-08-26,2025-08-29,Standard Class,CUST-1487,Corporate,North,Leeds,Technology,Phones,5,810.18,0.0,4050.9,-252.98
ORD-105553,2025-08-26,2025-08-31,Standard Class,CUST-1051,Consumer,Central,Leicester,Office Supplies,Storage,1,80.01,0.0,80.01,5.21
ORD-102634,2025-08-27,2025-09-03,Second Class,CUST-1343,Consumer,North,Manchester,Office Supplies,Paper,5,86.8,0.2,347.2,53.9
ORD-100438,2025-08-27,2025-08-29,Standard Class,CUST-1411,Consumer,West,Bristol,Technology,Copiers,1,1068.34,0.3,747.84,-204.16
ORD-103498,2025-08-27,2025-09-01,Standard Class,CUST-1069,Corporate,West,Bristol,Office Supplies,Paper,4,31.5,0.3,88.2,2.79
ORD-100029,2025-08-27,2025-08-28,Second Class,CUST-2417,Corporate,West,Bristol,Office Supplies,Paper,4,89.0,0.2,284.8,4.16
ORD-100115,2025-08-27,2025-08-30,Second Class,CUST-1815,Corporate,South,Reading,Furniture,Bookcases,3,449.33,0.0,1347.99,200.27
ORD-101561,2025-08-27,2025-08-31,Standard Class,CUST-1086,Home Office,Central,Birmingham,Office Supplies,Binders,1,11.75,0.0,11.75,1.22
ORD-101305,2025-08-27,2025-08-31,First Class,CUST-2428,Corporate,North,Manchester,Office Supplies,Art,1,64.71,0.0,64.71,5.58
ORD-100815,2025-08-28,2025-08-30,Standard Class,CUST-1255,Consumer,West,Cardiff,Office Supplies,Paper,4,73.22,0.15,248.95,12.73
ORD-105425,2025-08-28,2025-08-31,Standard Class,CUST-2264,Corporate,East,Cambridge,Technology,Copiers,1,114.23,0.0,114.23,1.67
ORD-106239,2025-08-28,2025-09-03,Same Day,CUST-2259,Consumer,North,Manchester,Furniture,Bookcases,3,589.6,0.0,1768.8,-31.82
ORD-102832,2025-08-28,2025-09-02,Standard Class,CUST-1000,Home Office,South,Southampton,Office Supplies,Labels,2,42.42,0.0,84.84,19.42
ORD-106373,2025-08-28,2025-09-01,Standard Class,CUST-1846,Corporate,East,Ipswich,Office Supplies,Labels,1,81.98,0.2,65.58,12.22
ORD-103129,2025-08-28,2025-08-31,Standard Class,CUST-1922,Consumer,West,Bristol,Technology,Machines,3,1672.53,0.0,5017.59,1325.85
ORD-100958,2025-08-28,2025-09-02,Standard Class,CUST-1225,Consumer,West,Bristol,Office Supplies,Art,1,83.55,0.2,66.84,3.52
ORD-105935,2025-08-29,2025-09-02,Standard Class,CUST-1009,Consumer,South,Southampton,Technology,Phones,2,410.69,0.2,657.1,8.98
ORD-103167,2025-08-29,2025-08-31,Same Day,CUST-1499,Consumer,North,Leeds,Office Supplies,Art,6,37.23,0.3,156.37,-19.96
ORD-102680,2025-08-29,2025-09-04,Second Class,CUST-1061,Corporate,Central,Birmingham,Furniture,Tables,1,312.5,0.0,312.5,21.14
ORD-103041,2025-08-29,2025-09-02,Standard Class,CUST-1654,Consumer,East,Cambridge,Office Supplies,Binders,4,13.56,0.3,37.97,-1.13
ORD-104829,2025-08-29,2025-09-03,First Class,CUST-1224,Corporate,East,Ipswich,Office Supplies,Art,3,47.46,0.1,128.14,5.31
ORD-105733,2025-08-29,2025-09-03,Second Class,CUST-1721,Consumer,West,Exeter,Furniture,Chairs,1,684.76,0.0,684.76,120.61
ORD-101953,2025-08-29,2025-09-04,Standard Class,CUST-1212,Consumer,South,Reading,Furniture,Furnishings,4,689.58,0.2,2206.66,-231.69
ORD-101464,2025-08-30,2025-09-04,Standard Class,CUST-2202,Consumer,South,Brighton,Furniture,Furnishings,2,398.31,0.0,796.62,101.74
ORD-100132,2025-08-30,2025-09-05,Standard Class,CUST-1777,Consumer,Central,Birmingham,Furniture,Tables,3,366.43,0.0,1099.29,87.75
ORD-102513,2025-08-30,2025-09-03,Same Day,CUST-2382,Consumer,East,Cambridge,Technology,Accessories,3,1574.45,0.2,3778.68,154.58
ORD-102505,2025-08-30,2025-09-01,Standard Class,CUST-2139,Consumer,North,Newcastle,Furniture,Tables,1,689.92,0.3,482.94,-87.58
ORD-101716,2025-08-30,2025-09-03,Standard Class,CUST-1348,Corporate,North,Manchester,Technology,Accessories,1,67.58,0.1,60.82,-5.81
ORD-104484,2025-08-30,2025-09-05,Standard Class,CUST-1002,Consumer,East,Ipswich,Furniture,Tables,4,357.32,0.2,1143.42,-82.49
ORD-103930,2025-08-30,2025-09-03,Standard Class,CUST-2409,Home Office,West,Bristol,Furniture,Bookcases,3,262.04,0.0,786.12,-29.35
ORD-102103,2025-08-30,2025-09-05,Standard Class,CUST-1333,Consumer,Central,Nottingham,Office Supplies,Storage,2,28.13,0.3,39.38,3.34
ORD-100840,2025-08-30,2025-09-04,Same Day,CUST-1058,Consumer,North,Sheffield,Office Supplies,Art,1,84.6,0.1,76.14,-0.18
ORD-103329,2025-08-30,2025-09-04,First Class,CUST-2193,Consumer,East,Peterborough,Furniture,Furnishings,2,674.77,0.5,674.77,-169.13
ORD-100806,2025-08-31,2025-09-02,First Class,CUST-1744,Corporate,North,Newcastle,Office Supplies,Paper,3,95.26,0.15,242.91,8.81
ORD-101362,2025-08-31,2025-09-03,Standard Class,CUST-1464,Home Office,West,Plymouth,Office Supplies,Labels,2,21.01,0.15,35.72,8.86
ORD-101159,2025-08-31,2025-09-03,Standard Class,CUST-1507,Consumer,West,Bristol,Office Supplies,Labels,2,5.14,0.0,10.28,1.22
ORD-101092,2025-08-31,2025-09-03,Same Day,CUST-1935,Consumer,Central,Leicester,Office Supplies,Binders,3,116.02,0.1,313.25,41.38
ORD-104862,2025-08-31,2025-09-05,Standard Class,CUST-1840,Home Office,East,Norwich,Technology,Accessories,3,385.1,0.3,808.71,-194.67
ORD-101042,2025-08-31,2025-09-04,Second Class,CUST-2089,Consumer,West,Bristol,Furniture,Tables,2,649.86,0.1,1169.75,-44.67
ORD-103938,2025-08-31,2025-09-03,First Class,CUST-1851,Corporate,East,Norwich,Technology,Accessories,4,889.8,0.0,3559.2,846.55
ORD-104800,2025-08-31,2025-09-03,Standard Class,CUST-1716,Consumer,West,Exeter,Furniture,Bookcases,5,228.37,0.0,1141.85,-10.32
ORD-100910,2025-09-01,2025-09-05,Standard Class,CUST-2473,Consumer,North,Manchester,Office Supplies,Art,2,47.92,0.0,95.84,23.54
ORD-101296,2025-09-01,2025-09-04,Second Class,CUST-2453,Consumer,North,Sheffield,Furniture,Chairs,3,374.03,0.1,1009.88,5.58
ORD-103687,2025-09-01,2025-09-06,Standard Class,CUST-1000,Consumer,Central,Nottingham,Furniture,Furnishings,5,590.53,0.0,2952.65,232.99
ORD-105341,2025-09-01,2025-09-04,Standard Class,CUST-1550,Home Office,West,Exeter,Office Supplies,Labels,1,62.41,0.1,56.17,7.29
ORD-104919,2025-09-01,2025-09-02,Second Class,CUST-1392,Home Office,East,Cambridge,Technology,Accessories,1,498.6,0.0,498.6,108.64
ORD-100242,2025-09-01,2025-09-04,Second Class,CUST-2361,Consumer,South,Reading,Technology,Machines,3,1219.35,0.0,3658.05,1026.44
ORD-101782,2025-09-01,2025-09-05,Standard Class,CUST-2348,Home Office,North,Leeds,Office Supplies,Binders,2,86.89,0.5,86.89,-0.68
ORD-102663,2025-09-01,2025-09-04,Standard Class,CUST-1429,Corporate,East,Cambridge,Technology,Copiers,1,428.0,0.1,385.2,-4.46
ORD-103927,2025-09-01,2025-09-04,Same Day,CUST-1146,Home Office,South,Southampton,Furniture,Bookcases,6,423.33,0.15,2158.98,123.48
ORD-101352,2025-09-01,2025-09-04,Second Class,CUST-2499,Consumer,East,Cambridge,Furniture,Furnishings,2,294.23,0.3,411.92,-1.32
ORD-100816,2025-09-01,2025-09-04,Standard Class,CUST-1719,Corporate,North,Manchester,Furniture,Tables,4,422.66,0.1,1521.58,12.12
ORD-100159,2025-09-01,2025-09-03,Standard Class,CUST-1570,Consumer,Central,Nottingham,Furniture,Tables,3,518.16,0.0,1554.48,105.51
ORD-106146,2025-09-02,2025-09-09,Standard Class,CUST-1851,Consumer,East,Peterborough,Furniture,Bookcases,5,420.48,0.0,2102.4,59.43
ORD-100846,2025-09-02,2025-09-07,Standard Class,CUST-1982,Consumer,South,Reading,Office Supplies,Binders,1,39.55,0.1,35.59,5.93
ORD-104135,2025-09-02,2025-09-05,Standard Class,CUST-1977,Consumer,North,Sheffield,Office Supplies,Art,3,59.85,0.2,143.64,1.36
ORD-105585,2025-09-02,2025-09-03,Standard Class,CUST-1312,Consumer,North,Sheffield,Technology,Copiers,2,669.13,0.0,1338.26,337.05
ORD-101157,2025-09-02,2025-09-05,Standard Class,CUST-2419,Home Office,East,Peterborough,Furniture,Chairs,1,392.74,0.1,353.47,35.85
ORD-102074,2025-09-02,2025-09-06,Second Class,CUST-2142,Consumer,Central,Birmingham,Office Supplies,Storage,3,116.58,0.0,349.74,44.89
ORD-103454,2025-09-02,2025-09-03,Same Day,CUST-1472,Home Office,South,Portsmouth,Furniture,Chairs,3,737.92,0.15,1881.7,-50.49
ORD-104988,2025-09-03,2025-09-07,Standard Class,CUST-2197,Consumer,North,Manchester,Technology,Phones,2,1610.15,0.2,2576.24,-40.52
ORD-101956,2025-09-03,2025-09-07,Same Day,CUST-2265,Corporate,East,Peterborough,Furniture,Tables,1,404.77,0.0,404.77,2.33
ORD-101426,2025-09-03,2025-09-05,Second Class,CUST-2218,Consumer,East,Ipswich,Technology,Accessories,2,45.45,0.1,81.81,-9.83
ORD-102384,2025-09-03,2025-09-06,Second Class,CUST-1191,Consumer,West,Cardiff,Technology,Phones,1,945.17,0.1,850.65,77.8
ORD-101454,2025-09-03,2025-09-07,Standard Class,CUST-2090,Consumer,South,Portsmouth,Technology,Accessories,3,1791.18,0.0,5373.54,1396.79
ORD-102842,2025-09-03,2025-09-07,Standard Class,CUST-1232,Consumer,South,Brighton,Office Supplies,Labels,1,116.73,0.1,105.06,8.92
ORD-103283,2025-09-03,2025-09-07,Standard Class,CUST-1603,Consumer,Central,Birmingham,Technology,Accessories,1,1130.33,0.1,1017.3,80.75
ORD-104515,2025-09-03,2025-09-05,First Class,CUST-1596,Home Office,North,Newcastle,Technology,Phones,2,1164.07,0.0,2328.14,599.73
ORD-102787,2025-09-03,2025-09-05,First Class,CUST-1307,Corporate,East,Peterborough,Furniture,Furnishings,1,162.48,0.2,129.98,5.3
ORD-102850,2025-09-03,2025-09-09,Standard Class,CUST-1034,Consumer,East,Peterborough,Furniture,Chairs,4,523.24,0.0,2092.96,343.47
ORD-100855,2025-09-03,2025-09-10,Standard Class,CUST-1012,Consumer,North,Leeds,Office Supplies,Paper,4,64.05,0.0,256.2,81.37
ORD-101059,2025-09-03,2025-09-07,Standard Class,CUST-1508,Home Office,East,Cambridge,Office Supplies,Art,1,19.8,0.15,16.83,2.67
ORD-101429,2025-09-04,2025-09-06,Standard Class,CUST-1876,Consumer,West,Cardiff,Technology,Phones,1,399.38,0.2,319.5,20.03
ORD-104753,2025-09-04,2025-09-07,Same Day,CUST-1716,Consumer,West,Cardiff,Furniture,Tables,1,152.42,0.15,129.56,4.28
ORD-103712,2025-09-04,2025-09-06,Standard Class,CUST-1012,Consumer,West,Cardiff,Technology,Copiers,1,418.36,0.0,418.36,-25.55
ORD-104031,2025-09-04,2025-09-10,Standard Class,CUST-1554,Consumer,Central,Nottingham,Furniture,Tables,3,233.97,0.0,701.91,55.93
ORD-102330,2025-09-04,2025-09-07,Standard Class,CUST-1069,Home Office,East,Norwich,Office Supplies,Storage,1,76.3,0.2,61.04,11.94
ORD-101597,2025-09-04,2025-09-06,Second Class,CUST-2392,Consumer,West,Exeter,Office Supplies,Labels,5,50.79,0.0,253.95,78.76
ORD-104478,2025-09-04,2025-09-06,First Class,CUST-1008,Consumer,West,Cardiff,Office Supplies,Storage,1,47.63,0.0,47.63,10.32
ORD-100825,2025-09-04,2025-09-09,Standard Class,CUST-2286,Home Office,South,Reading,Technology,Copiers,1,219.86,0.1,197.87,-29.78
ORD-105487,2025-09-04,2025-09-10,Standard Class,CUST-2158,Home Office,West,Plymouth,Furniture,Tables,1,385.27,0.4,231.16,-22.15
ORD-103380,2025-09-05,2025-09-10,Standard Class,CUST-2259,Home Office,East,Cambridge,Office Supplies,Labels,6,58.7,0.0,352.2,55.05
ORD-102033,2025-09-05,2025-09-09,Standard Class,CUST-2358,Consumer,South,Brighton,Office Supplies,Storage,1,111.79,0.0,111.79,12.12
ORD-106468,2025-09-05,2025-09-07,First Class,CUST-1337,Consumer,East,Norwich,Furniture,Chairs,1,662.75,0.4,397.65,-110.18
ORD-100682,2025-09-05,2025-09-08,First Class,CUST-1557,Corporate,East,Ipswich,Furniture,Tables,1,735.45,0.2,588.36,-82.81
ORD-104846,2025-09-05,2025-09-09,Second Class,CUST-1213,Corporate,East,Norwich,Technology,Machines,4,953.19,0.2,3050.21,-481.06
ORD-105617,2025-09-05,2025-09-10,Standard Class,CUST-1249,Corporate,East,Ipswich,Office Supplies,Labels,1,81.89,0.3,57.32,-3.77
ORD-101301,2025-09-05,2025-09-09,Second Class,CUST-2417,Consumer,West,Cardiff,Office Supplies,Labels,2,103.15,0.3,144.41,9.33
ORD-104097,2025-09-05,2025-09-09,Standard Class,CUST-1558,Consumer,North,Manchester,Office Supplies,Storage,3,69.79,0.0,209.37,12.06
ORD-105242,2025-09-05,2025-09-09,Standard Class,CUST-1940,Consumer,South,Reading,Office Supplies,Binders,1,69.43,0.1,62.49,6.76
ORD-102597,2025-09-05,2025-09-10,Standard Class,CUST-2371,Home Office,Central,Birmingham,Furniture,Tables,3,879.31,0.1,2374.14,120.56
ORD-102191,2025-09-05,2025-09-09,Standard Class,CUST-1893,Home Office,East,Peterborough,Furniture,Bookcases,1,240.42,0.0,240.42,16.23
ORD-105915,2025-09-05,2025-09-10,Standard Class,CUST-1862,Consumer,South,Brighton,Office Supplies,Paper,2,115.63,0.0,231.26,36.86
ORD-100269,2025-09-05,2025-09-07,Second Class,CUST-1942,Corporate,West,Bristol,Office Supplies,Paper,4,51.42,0.0,205.68,12.9
ORD-100026,2025-09-05,2025-09-09,Standard Class,CUST-2246,Consumer,North,Sheffield,Technology,Copiers,2,1118.13,0.15,1900.82,-326.71
ORD-105335,2025-09-05,2025-09-06,Standard Class,CUST-2334,Consumer,North,Sheffield,Technology,Accessories,1,1211.59,0.0,1211.59,151.48
ORD-102476,2025-09-05,2025-09-08,Standard Class,CUST-1908,Home Office,West,Cardiff,Technology,Copiers,2,132.89,0.0,265.78,-8.02
ORD-105081,2025-09-05,2025-09-09,Same Day,CUST-1160,Corporate,South,Southampton,Technology,Phones,4,1237.69,0.2,3960.61,458.3
ORD-100831,2025-09-06,2025-09-08,Standard Class,CUST-1365,Consumer,North,Newcastle,Technology,Phones,1,493.02,0.0,493.02,23.44
ORD-103752,2025-09-06,2025-09-08,Second Class,CUST-2103,Consumer,South,Southampton,Furniture,Bookcases,2,294.94,0.0,589.88,41.98
ORD-103323,2025-09-06,2025-09-09,Standard Class,CUST-1166,Consumer,South,Southampton,Technology,Machines,1,510.24,0.15,433.7,-40.79
ORD-106433,2025-09-06,2025-09-10,Second Class,CUST-1855,Consumer,Central,Coventry,Furniture,Chairs,4,228.22,0.0,912.88,97.99
ORD-100427,2025-09-06,2025-09-09,Second Class,CUST-1522,Consumer,West,Cardiff,Office Supplies,Paper,2,35.14,0.1,63.25,5.7
ORD-103429,2025-09-06,2025-09-11,Standard Class,CUST-1090,Consumer,West,Plymouth,Furniture,Furnishings,1,558.13,0.0,558.13,44.2
ORD-101797,2025-09-06,2025-09-11,First Class,CUST-1650,Corporate,West,Bristol,Office Supplies,Storage,1,76.33,0.2,61.06,0.7
ORD-105557,2025-09-06,2025-09-09,Standard Class,CUST-2495,Corporate,East,Ipswich,Furniture,Bookcases,1,209.03,0.0,209.03,16.48
ORD-101222,2025-09-07,2025-09-11,Standard Class,CUST-2474,Consumer,North,Manchester,Furniture,Tables,2,579.1,0.15,984.47,80.16
ORD-103912,2025-09-07,2025-09-12,First Class,CUST-2062,Consumer,North,Manchester,Technology,Phones,1,871.31,0.0,871.31,-80.05
ORD-102905,2025-09-07,2025-09-10,Second Class,CUST-2036,Consumer,East,Ipswich,Office Supplies,Labels,1,111.36,0.0,111.36,24.78
ORD-104436,2025-09-07,2025-09-11,Second Class,CUST-1730,Consumer,South,Reading,Furniture,Chairs,5,424.98,0.2,1699.92,-122.51
ORD-104399,2025-09-07,2025-09-08,Standard Class,CUST-1225,Corporate,West,Cardiff,Furniture,Bookcases,1,799.51,0.2,639.61,-20.31
ORD-103449,2025-09-07,2025-09-12,First Class,CUST-2321,Corporate,South,Brighton,Furniture,Furnishings,4,465.83,0.1,1676.99,105.19
ORD-100402,2025-09-07,2025-09-08,Standard Class,CUST-1877,Consumer,North,Sheffield,Office Supplies,Binders,5,48.39,0.2,193.56,-5.79
ORD-102990,2025-09-07,2025-09-12,Standard Class,CUST-2356,Consumer,South,Portsmouth,Furniture,Furnishings,2,585.22,0.3,819.31,-86.27
ORD-102523,2025-09-07,2025-09-11,Second Class,CUST-1858,Consumer,East,Norwich,Technology,Accessories,5,208.22,0.4,624.66,29.4
ORD-103779,2025-09-07,2025-09-13,Second Class,CUST-2418,Consumer,West,Exeter,Office Supplies,Art,5,84.35,0.2,337.4,9.71
ORD-100688,2025-09-07,2025-09-08,Standard Class,CUST-1660,Home Office,East,Cambridge,Office Supplies,Labels,3,112.17,0.15,286.03,26.23
ORD-102301,2025-09-07,2025-09-11,First Class,CUST-2109,Corporate,East,Cambridge,Office Supplies,Labels,2,87.1,0.3,121.94,7.66
ORD-104822,2025-09-07,2025-09-11,Same Day,CUST-2383,Consumer,South,Brighton,Technology,Phones,3,241.84,0.15,616.69,-98.81
ORD-100502,2025-09-08,2025-09-11,Standard Class,CUST-2018,Consumer,South,Reading,Technology,Machines,2,1091.08,0.0,2182.16,411.31
ORD-105308,2025-09-08,2025-09-11,Standard Class,CUST-1272,Consumer,East,Ipswich,Office Supplies,Labels,3,113.8,0.1,307.26,39.12
ORD-105262,2025-09-08,2025-09-09,Standard Class,CUST-1652,Corporate,East,Cambridge,Furniture,Tables,4,537.51,0.0,2150.04,-62.56
ORD-103646,2025-09-08,2025-09-12,Standard Class,CUST-1027,Corporate,East,Ipswich,Office Supplies,Labels,1,52.5,0.0,52.5,13.05
ORD-105618,2025-09-08,2025-09-14,Standard Class,CUST-1995,Consumer,West,Exeter,Technology,Accessories,3,931.84,0.0,2795.52,562.57
ORD-101876,2025-09-08,2025-09-12,Standard Class,CUST-2368,Consumer,East,Peterborough,Technology,Machines,2,1577.13,0.2,2523.41,-303.26
ORD-102936,2025-09-08,2025-09-12,Standard Class,CUST-1951,Corporate,West,Plymouth,Office Supplies,Storage,1,46.78,0.1,42.1,0.02
ORD-101237,2025-09-08,2025-09-12,Standard Class,CUST-1204,Corporate,West,Cardiff,Office Supplies,Labels,1,66.91,0.0,66.91,16.98
ORD-100367,2025-09-08,2025-09-12,Standard Class,CUST-1326,Corporate,Central,Coventry,Furniture,Furnishings,4,692.39,0.2,2215.65,69.85
ORD-103267,2025-09-08,2025-09-09,Second Class,CUST-1379,Home Office,West,Plymouth,Office Supplies,Paper,4,58.05,0.2,185.76,23.03
ORD-105649,2025-09-08,2025-09-15,Standard Class,CUST-1654,Consumer,North,Manchester,Office Supplies,Paper,1,93.82,0.0,93.82,13.7
ORD-101685,2025-09-08,2025-09-14,Standard Class,CUST-2067,Home Office,West,Exeter,Technology,Machines,6,996.51,0.1,5381.15,-147.65
ORD-105690,2025-09-08,2025-09-13,Standard Class,CUST-1057,Consumer,East,Ipswich,Furniture,Chairs,2,462.05,0.0,924.1,66.53
ORD-105002,2025-09-08,2025-09-12,Standard Class,CUST-1859,Consumer,Central,Leicester,Technology,Machines,3,250.11,0.15,637.78,20.51
ORD-104555,2025-09-09,2025-09-15,Standard Class,CUST-1389,Consumer,Central,Leicester,Office Supplies,Binders,6,29.18,0.1,157.57,44.31
ORD-103327,2025-09-09,2025-09-13,Standard Class,CUST-1915,Corporate,Central,Coventry,Office Supplies,Art,4,79.0,0.0,316.0,41.82
ORD-101741,2025-09-09,2025-09-10,Same Day,CUST-2216,Consumer,South,Reading,Office Supplies,Binders,2,69.23,0.15,117.69,16.96
ORD-105288,2025-09-09,2025-09-10,Standard Class,CUST-1387,Home Office,North,Manchester,Office Supplies,Storage,4,28.69,0.0,114.76,13.98
ORD-101392,2025-09-09,2025-09-13,Standard Class,CUST-2423,Corporate,South,Portsmouth,Technology,Machines,1,1375.71,0.1,1238.14,-164.59
ORD-106181,2025-09-09,2025-09-11,Standard Class,CUST-2257,Corporate,East,Norwich,Office Supplies,Art,6,46.41,0.1,250.61,9.81
ORD-102418,2025-09-09,2025-09-14,Standard Class,CUST-1218,Corporate,South,Southampton,Technology,Accessories,2,41.83,0.15,71.11,9.86
ORD-100475,2025-09-09,2025-09-13,Second Class,CUST-1136,Corporate,South,Brighton,Furniture,Chairs,1,89.11,0.0,89.11,14.29
ORD-102027,2025-09-09,2025-09-11,Standard Class,CUST-2446,Home Office,Central,Nottingham,Furniture,Chairs,4,73.78,0.1,265.61,30.92
ORD-102212,2025-09-09,2025-09-15,Standard Class,CUST-1235,Corporate,Central,Coventry,Office Supplies,Binders,1,8.71,0.1,7.84,1.82
ORD-102131,2025-09-09,2025-09-13,Standard Class,CUST-1087,Consumer,South,Reading,Furniture,Chairs,1,303.68,0.15,258.13,-18.64
ORD-100197,2025-09-09,2025-09-14,Standard Class,CUST-1909,Consumer,Central,Coventry,Furniture,Bookcases,2,401.97,0.0,803.94,24.3
ORD-101099,2025-09-09,2025-09-15,Standard Class,CUST-1624,Corporate,North,Newcastle,Office Supplies,Binders,4,100.39,0.15,341.33,54.52
ORD-102929,2025-09-09,2025-09-12,Same Day,CUST-1107,Consumer,North,Sheffield,Office Supplies,Paper,3,87.96,0.4,158.33,-10.73
ORD-101756,2025-09-09,2025-09-16,Standard Class,CUST-2228,Corporate,Central,Nottingham,Furniture,Tables,1,159.57,0.1,143.61,2.44
ORD-103075,2025-09-09,2025-09-15,Standard Class,CUST-1537,Home Office,South,Portsmouth,Office Supplies,Binders,3,107.33,0.15,273.69,18.79
ORD-102381,2025-09-09,2025-09-12,First Class,CUST-2233,Consumer,West,Plymouth,Office Supplies,Labels,1,81.7,0.2,65.36,-0.6
ORD-100203,2025-09-10,2025-09-15,First Class,CUST-1217,Consumer,South,Reading,Technology,Machines,2,1736.24,0.0,3472.48,607.02
ORD-105103,2025-09-10,2025-09-13,First Class,CUST-1017,Consumer,North,Sheffield,Technology,Accessories,4,284.58,0.0,1138.32,188.62
ORD-105760,2025-09-10,2025-09-14,Standard Class,CUST-2347,Consumer,South,Reading,Technology,Accessories,1,659.35,0.1,593.42,-45.68
ORD-100488,2025-09-10,2025-09-16,First Class,CUST-2029,Consumer,Central,Coventry,Technology,Accessories,6,1400.77,0.15,7143.93,376.61
ORD-106074,2025-09-10,2025-09-12,Standard Class,CUST-1311,Home Office,East,Norwich,Technology,Accessories,1,470.14,0.0,470.14,12.51
ORD-103384,2025-09-10,2025-09-13,Standard Class,CUST-2487,Home Office,West,Plymouth,Office Supplies,Paper,6,108.94,0.0,653.64,157.46
ORD-104439,2025-09-10,2025-09-11,Standard Class,CUST-1299,Consumer,Central,Leicester,Technology,Machines,2,242.16,0.1,435.89,-16.48
ORD-103034,2025-09-10,2025-09-13,Same Day,CUST-1524,Consumer,East,Peterborough,Office Supplies,Labels,2,3.19,0.2,5.1,0.56
ORD-102991,2025-09-10,2025-09-15,Second Class,CUST-2075,Consumer,North,Sheffield,Furniture,Bookcases,2,339.87,0.2,543.79,-36.55
ORD-100576,2025-09-10,2025-09-12,Standard Class,CUST-1825,Corporate,North,Newcastle,Furniture,Tables,2,483.72,0.1,870.7,6.99
ORD-105759,2025-09-10,2025-09-14,Standard Class,CUST-1798,Corporate,East,Peterborough,Furniture,Furnishings,2,883.25,0.3,1236.55,-165.34
ORD-102915,2025-09-10,2025-09-13,Standard Class,CUST-1252,Consumer,West,Bristol,Furniture,Furnishings,2,432.71,0.2,692.34,20.67
ORD-102341,2025-09-11,2025-09-16,Second Class,CUST-2439,Corporate,Central,Leicester,Technology,Copiers,1,1443.65,0.1,1299.29,232.23
ORD-104685,2025-09-11,2025-09-15,Standard Class,CUST-1973,Corporate,Central,Birmingham,Furniture,Chairs,3,710.68,0.0,2132.04,369.17
ORD-102359,2025-09-11,2025-09-16,First Class,CUST-1104,Corporate,North,Newcastle,Technology,Accessories,2,591.35,0.15,1005.29,6.92
ORD-105787,2025-09-11,2025-09-12,First Class,CUST-1773,Consumer,West,Cardiff,Furniture,Bookcases,2,767.89,0.0,1535.78,-42.65
ORD-100023,2025-09-11,2025-09-13,Second Class,CUST-1830,Corporate,North,Sheffield,Office Supplies,Storage,6,63.41,0.0,380.46,109.78
ORD-102928,2025-09-11,2025-09-14,First Class,CUST-2105,Consumer,South,Southampton,Technology,Machines,3,281.11,0.5,421.67,-38.69
ORD-103811,2025-09-11,2025-09-13,Same Day,CUST-1521,Corporate,East,Cambridge,Technology,Machines,6,928.16,0.0,5568.96,-493.81
ORD-105670,2025-09-11,2025-09-14,Standard Class,CUST-1338,Consumer,Central,Leicester,Technology,Machines,1,621.31,0.2,497.05,-97.64
ORD-104235,2025-09-11,2025-09-14,First Class,CUST-1876,Consumer,East,Norwich,Office Supplies,Labels,2,7.84,0.3,10.98,1.62
ORD-104686,2025-09-11,2025-09-15,Standard Class,CUST-1197,Consumer,South,Reading,Furniture,Chairs,1,241.36,0.0,241.36,28.84
ORD-101066,2025-09-12,2025-09-15,Standard Class,CUST-1724,Home Office,South,Portsmouth,Technology,Accessories,1,1555.08,0.0,1555.08,-50.22
ORD-102629,2025-09-12,2025-09-16,Standard Class,CUST-2078,Home Office,West,Bristol,Technology,Machines,2,493.14,0.5,493.14,-186.38
ORD-103645,2025-09-12,2025-09-14,Standard Class,CUST-2205,Consumer,South,Brighton,Technology,Phones,4,1547.82,0.0,6191.28,768.0
ORD-106176,2025-09-12,2025-09-15,First Class,CUST-1777,Consumer,North,Newcastle,Technology,Phones,1,1193.25,0.0,1193.25,126.36
ORD-100845,2025-09-12,2025-09-14,Second Class,CUST-1065,Consumer,Central,Leicester,Office Supplies,Storage,2,84.26,0.0,168.52,22.81
ORD-102835,2025-09-12,2025-09-19,Standard Class,CUST-1640,Consumer,North,Leeds,Technology,Machines,6,567.66,0.15,2895.07,-390.9
ORD-101356,2025-09-12,2025-09-14,Second Class,CUST-2282,Consumer,North,Leeds,Technology,Copiers,3,1576.04,0.1,4255.31,-117.15
ORD-100753,2025-09-13,2025-09-20,Standard Class,CUST-2433,Consumer,East,Peterborough,Office Supplies,Storage,1,80.2,0.0,80.2,22.47
ORD-103350,2025-09-13,2025-09-19,First Class,CUST-1812,Consumer,North,Manchester,Office Supplies,Paper,2,52.33,0.0,104.66,23.28
ORD-100355,2025-09-13,2025-09-16,Standard Class,CUST-2174,Consumer,East,Norwich,Furniture,Furnishings,3,842.63,0.15,2148.71,96.4
ORD-106087,2025-09-13,2025-09-17,Standard Class,CUST-2215,Corporate,South,Portsmouth,Furniture,Chairs,3,192.39,0.0,577.17,-14.62
ORD-102300,2025-09-13,2025-09-16,Standard Class,CUST-2242,Home Office,West,Bristol,Furniture,Tables,1,227.01,0.1,204.31,17.15
ORD-105969,2025-09-13,2025-09-19,Standard Class,CUST-1176,Consumer,North,Manchester,Furniture,Chairs,4,529.09,0.1,1904.72,-80.82
ORD-104978,2025-09-13,2025-09-18,Second Class,CUST-1398,Consumer,North,Newcastle,Technology,Accessories,4,1729.8,0.1,6227.28,403.81
ORD-104705,2025-09-13,2025-09-17,First Class,CUST-1060,Consumer,Central,Coventry,Technology,Machines,1,1069.52,0.2,855.62,-109.85
ORD-101012,2025-09-13,2025-09-16,Second Class,CUST-2478,Consumer,East,Cambridge,Furniture,Tables,1,459.49,0.0,459.49,11.19
ORD-104934,2025-09-13,2025-09-17,Same Day,CUST-1846,Corporate,East,Peterborough,Furniture,Furnishings,1,256.38,0.1,230.74,-11.66
ORD-103719,2025-09-14,2025-09-17,Second Class,CUST-2065,Consumer,East,Ipswich,Office Supplies,Storage,6,28.02,0.15,142.9,33.15
ORD-103231,2025-09-14,2025-09-18,Standard Class,CUST-1446,Consumer,North,Manchester,Technology,Phones,1,578.75,0.0,578.75,17.15
ORD-106038,2025-09-14,2025-09-19,Second Class,CUST-1593,Home Office,North,Sheffield,Office Supplies,Binders,2,27.96,0.0,55.92,16.15
ORD-101731,2025-09-14,2025-09-18,Second Class,CUST-1830,Consumer,North,Manchester,Office Supplies,Storage,2,79.34,0.0,158.68,30.33
ORD-102519,2025-09-14,2025-09-16,Standard Class,CUST-2060,Consumer,Central,Coventry,Furniture,Furnishings,2,487.93,0.0,975.86,99.98
ORD-100526,2025-09-14,2025-09-17,First Class,CUST-1699,Consumer,South,Brighton,Office Supplies,Art,2,119.91,0.0,239.82,32.17
ORD-106290,2025-09-14,2025-09-18,Second Class,CUST-1063,Consumer,North,Newcastle,Furniture,Furnishings,1,485.1,0.2,388.08,-56.95
ORD-105314,2025-09-14,2025-09-16,Standard Class,CUST-2225,Corporate,East,Norwich,Office Supplies,Storage,5,91.96,0.15,390.83,73.77
ORD-105667,2025-09-14,2025-09-20,Standard Class,CUST-2346,Consumer,West,Cardiff,Office Supplies,Storage,2,49.89,0.3,69.85,3.33
ORD-103714,2025-09-14,2025-09-17,Standard Class,CUST-1676,Consumer,East,Cambridge,Furniture,Bookcases,3,739.75,0.0,2219.25,125.6
ORD-103236,2025-09-14,2025-09-19,Standard Class,CUST-1589,Consumer,West,Plymouth,Office Supplies,Paper,6,66.63,0.3,279.85,12.76
ORD-100729,2025-09-15,2025-09-18,Standard Class,CUST-2011,Consumer,West,Exeter,Technology,Phones,1,1051.08,0.0,1051.08,119.77
ORD-105911,2025-09-15,2025-09-19,First Class,CUST-2119,Corporate,North,Manchester,Office Supplies,Binders,2,66.38,0.2,106.21,-3.55
ORD-102096,2025-09-15,2025-09-19,Standard Class,CUST-1412,Corporate,Central,Birmingham,Furniture,Bookcases,2,431.85,0.0,863.7,16.46
ORD-102820,2025-09-15,2025-09-19,Standard Class,CUST-1195,Consumer,West,Exeter,Office Supplies,Paper,1,109.02,0.0,109.02,18.35
ORD-100545,2025-09-15,2025-09-19,Standard Class,CUST-1110,Consumer,Central,Birmingham,Technology,Phones,4,1386.01,0.0,5544.04,281.22
ORD-102650,2025-09-15,2025-09-22,Second Class,CUST-1308,Consumer,North,Manchester,Furniture,Bookcases,1,259.08,0.2,207.26,-27.86
ORD-102179,2025-09-15,2025-09-17,Standard Class,CUST-1876,Consumer,North,Newcastle,Office Supplies,Paper,2,88.94,0.0,177.88,42.01
ORD-104418,2025-09-16,2025-09-20,Second Class,CUST-2216,Corporate,North,Sheffield,Technology,Machines,3,1656.93,0.0,4970.79,-158.53
ORD-105892,2025-09-16,2025-09-21,Standard Class,CUST-1732,Corporate,East,Ipswich,Office Supplies,Art,1,12.12,0.0,12.12,1.14
ORD-100382,2025-09-16,2025-09-19,Standard Class,CUST-2228,Consumer,East,Norwich,Office Supplies,Binders,2,71.23,0.1,128.21,0.81
ORD-101980,2025-09-16,2025-09-18,Second Class,CUST-2350,Corporate,West,Exeter,Office Supplies,Storage,1,40.27,0.0,40.27,6.0
ORD-101252,2025-09-16,2025-09-18,Standard Class,CUST-1391,Home Office,North,Newcastle,Office Supplies,Paper,2,25.51,0.3,35.71,5.69
ORD-106207,2025-09-16,2025-09-22,Standard Class,CUST-1756,Consumer,North,Newcastle,Office Supplies,Labels,2,80.79,0.15,137.34,18.34
ORD-105516,2025-09-16,2025-09-20,Standard Class,CUST-2471,Home Office,South,Southampton,Office Supplies,Paper,4,62.19,0.1,223.88,46.16
ORD-103941,2025-09-16,2025-09-23,Standard Class,CUST-2375,Consumer,West,Exeter,Technology,Copiers,4,726.87,0.1,2616.73,551.07
ORD-100687,2025-09-16,2025-09-20,Standard Class,CUST-1372,Consumer,South,Brighton,Technology,Phones,3,932.98,0.4,1679.36,-542.85
ORD-104046,2025-09-16,2025-09-20,First Class,CUST-1474,Corporate,South,Brighton,Office Supplies,Binders,5,86.97,0.5,217.43,-15.45
ORD-106237,2025-09-16,2025-09-19,Second Class,CUST-1172,Corporate,Central,Nottingham,Technology,Machines,3,172.01,0.2,412.82,-47.65
ORD-106485,2025-09-16,2025-09-21,Standard Class,CUST-1457,Home Office,Central,Nottingham,Technology,Copiers,6,61.37,0.0,368.22,-24.9
ORD-102654,2025-09-16,2025-09-18,Standard Class,CUST-2199,Home Office,West,Exeter,Furniture,Furnishings,1,325.34,0.0,325.34,13.47
ORD-104059,2025-09-17,2025-09-22,Standard Class,CUST-1715,Consumer,Central,Nottingham,Furniture,Tables,1,211.65,0.1,190.49,21.11
ORD-103265,2025-09-17,2025-09-19,Standard Class,CUST-1701,Home Office,West,Bristol,Furniture,Bookcases,1,228.34,0.5,114.17,-29.02
ORD-101568,2025-09-17,2025-09-22,First Class,CUST-1850,Corporate,Central,Nottingham,Furniture,Bookcases,3,416.12,0.0,1248.36,-42.31
ORD-103211,2025-09-17,2025-09-20,Standard Class,CUST-2177,Consumer,West,Cardiff,Technology,Copiers,2,899.58,0.3,1259.41,-195.9
ORD-105028,2025-09-17,2025-09-20,Standard Class,CUST-1979,Consumer,East,Peterborough,Technology,Copiers,4,716.06,0.3,2004.97,-362.57
ORD-104660,2025-09-17,2025-09-23,Standard Class,CUST-1835,Consumer,East,Ipswich,Technology,Accessories,1,323.36,0.15,274.86,1.05
ORD-104011,2025-09-17,2025-09-22,Standard Class,CUST-1968,Consumer,South,Portsmouth,Office Supplies,Art,3,63.75,0.1,172.12,16.24
ORD-102545,2025-09-18,2025-09-20,Second Class,CUST-1705,Home Office,North,Newcastle,Furniture,Bookcases,1,790.46,0.2,632.37,-68.69
ORD-102570,2025-09-18,2025-09-19,Second Class,CUST-1566,Consumer,West,Exeter,Furniture,Tables,1,671.5,0.0,671.5,89.42
ORD-101898,2025-09-18,2025-09-24,Standard Class,CUST-1735,Consumer,North,Newcastle,Furniture,Tables,4,858.87,0.1,3091.93,-211.19
ORD-100327,2025-09-18,2025-09-22,Standard Class,CUST-1426,Corporate,East,Peterborough,Office Supplies,Storage,1,77.62,0.2,62.1,-3.57
ORD-105774,2025-09-18,2025-09-22,Second Class,CUST-2226,Corporate,South,Brighton,Office Supplies,Storage,4,98.98,0.1,356.33,23.34
ORD-105051,2025-09-18,2025-09-21,First Class,CUST-1384,Home Office,West,Plymouth,Furniture,Tables,3,283.93,0.0,851.79,21.03
ORD-105073,2025-09-18,2025-09-21,Same Day,CUST-1722,Consumer,East,Peterborough,Office Supplies,Storage,2,100.67,0.2,161.07,-4.16
ORD-106010,2025-09-18,2025-09-24,Standard Class,CUST-1381,Home Office,North,Manchester,Furniture,Furnishings,2,698.66,0.1,1257.59,99.08
ORD-102888,2025-09-18,2025-09-21,Standard Class,CUST-2410,Corporate,South,Brighton,Technology,Accessories,4,1714.36,0.0,6857.44,515.22
ORD-104584,2025-09-18,2025-09-22,Standard Class,CUST-2358,Consumer,East,Norwich,Furniture,Furnishings,1,509.52,0.1,458.57,-47.67
ORD-104826,2025-09-19,2025-09-22,Standard Class,CUST-2491,Consumer,Central,Nottingham,Office Supplies,Paper,3,68.88,0.5,103.32,-25.41
ORD-100635,2025-09-19,2025-09-21,Same Day,CUST-1053,Corporate,West,Cardiff,Furniture,Tables,1,413.33,0.1,372.0,-8.72
ORD-104456,2025-09-19,2025-09-25,Same Day,CUST-2128,Consumer,South,Portsmouth,Technology,Phones,3,1516.14,0.1,4093.58,848.76
ORD-100406,2025-09-19,2025-09-23,Standard Class,CUST-2173,Consumer,North,Leeds,Furniture,Bookcases,4,187.46,0.1,674.86,28.94
ORD-106240,2025-09-19,2025-09-23,First Class,CUST-1992,Consumer,Central,Coventry,Technology,Copiers,3,1109.65,0.0,3328.95,480.32
ORD-105562,2025-09-19,2025-09-26,Same Day,CUST-2009,Home Office,Central,Leicester,Office Supplies,Paper,4,56.66,0.2,181.31,32.69
ORD-106182,2025-09-19,2025-09-22,Second Class,CUST-2004,Corporate,East,Ipswich,Office Supplies,Binders,2,72.14,0.0,144.28,43.51
ORD-106091,2025-09-19,2025-09-24,Same Day,CUST-1103,Corporate,East,Cambridge,Office Supplies,Paper,1,67.16,0.0,67.16,9.37
ORD-102602,2025-09-19,2025-09-22,Second Class,CUST-2280,Corporate,South,Reading,Technology,Accessories,1,995.86,0.0,995.86,-55.17
ORD-105214,2025-09-19,2025-09-23,Standard Class,CUST-1466,Consumer,West,Cardiff,Office Supplies,Paper,3,9.58,0.1,25.87,1.31
ORD-106469,2025-09-19,2025-09-20,Standard Class,CUST-1780,Home Office,South,Southampton,Furniture,Chairs,1,320.49,0.5,160.25,-33.28
ORD-104992,2025-09-19,2025-09-22,Standard Class,CUST-1178,Consumer,West,Plymouth,Furniture,Tables,4,808.84,0.1,2911.82,247.76
ORD-102529,2025-09-20,2025-09-23,Second Class,CUST-1214,Corporate,Central,Birmingham,Furniture,Chairs,3,113.14,0.0,339.42,50.6
ORD-101373,2025-09-20,2025-09-24,Standard Class,CUST-1455,Consumer,Central,Coventry,Technology,Phones,2,305.0,0.0,610.0,169.01
ORD-104518,2025-09-20,2025-09-27,Second Class,CUST-1809,Consumer,West,Exeter,Office Supplies,Art,2,51.44,0.3,72.02,6.34
ORD-104867,2025-09-20,2025-09-25,Standard Class,CUST-1726,Corporate,East,Norwich,Technology,Phones,3,264.9,0.1,715.23,154.04
ORD-100445,2025-09-20,2025-09-24,Standard Class,CUST-1618,Consumer,South,Reading,Furniture,Tables,1,415.27,0.2,332.22,-45.67
ORD-104533,2025-09-20,2025-09-26,First Class,CUST-1343,Corporate,South,Brighton,Furniture,Chairs,2,513.7,0.1,924.66,-62.84
ORD-106241,2025-09-20,2025-09-27,Standard Class,CUST-1513,Consumer,Central,Coventry,Technology,Phones,4,168.55,0.5,337.1,-60.28
ORD-104824,2025-09-20,2025-09-23,Standard Class,CUST-2311,Corporate,South,Reading,Office Supplies,Storage,1,85.83,0.3,60.08,-6.45
ORD-100158,2025-09-20,2025-09-23,Standard Class,CUST-1197,Consumer,Central,Leicester,Office Supplies,Labels,2,95.63,0.1,172.13,29.93
ORD-106489,2025-09-20,2025-09-26,Standard Class,CUST-1081,Home Office,West,Exeter,Furniture,Bookcases,3,306.94,0.5,460.41,-114.79
ORD-104631,2025-09-20,2025-09-25,Standard Class,CUST-1226,Consumer,Central,Birmingham,Furniture,Furnishings,2,501.2,0.2,801.92,29.84
ORD-103017,2025-09-20,2025-09-22,Standard Class,CUST-2042,Home Office,Central,Birmingham,Furniture,Chairs,4,454.19,0.1,1635.08,-70.42
ORD-103044,2025-09-20,2025-09-23,Standard Class,CUST-1022,Home Office,East,Norwich,Technology,Phones,1,1277.74,0.0,1277.74,269.81
ORD-102132,2025-09-20,2025-09-26,Standard Class,CUST-2290,Home Office,South,Southampton,Furniture,Furnishings,1,884.33,0.4,530.6,-35.25
ORD-104961,2025-09-20,2025-09-22,First Class,CUST-1292,Consumer,North,Newcastle,Office Supplies,Labels,2,15.14,0.0,30.28,5.31
ORD-103732,2025-09-20,2025-09-21,First Class,CUST-1920,Corporate,Central,Birmingham,Furniture,Bookcases,1,300.09,0.1,270.08,14.2
ORD-100254,2025-09-20,2025-09-25,Standard Class,CUST-2222,Corporate,Central,Coventry,Technology,Copiers,4,386.1,0.0,1544.4,21.94
ORD-101721,2025-09-20,2025-09-26,Standard Class,CUST-2131,Home Office,East,Norwich,Technology,Accessories,2,793.86,0.4,952.63,-59.99
ORD-104058,2025-09-20,2025-09-23,Standard Class,CUST-1451,Consumer,Central,Nottingham,Office Supplies,Paper,2,51.68,0.1,93.02,8.29
ORD-105757,2025-09-21,2025-09-26,Second Class,CUST-1140,Home Office,West,Plymouth,Furniture,Bookcases,4,846.13,0.0,3384.52,416.81
ORD-103031,2025-09-21,2025-09-24,Standard Class,CUST-1271,Corporate,South,Brighton,Furniture,Tables,1,646.34,0.0,646.34,-30.36
ORD-100291,2025-09-21,2025-09-26,Second Class,CUST-2305,Home Office,West,Exeter,Furniture,Furnishings,1,65.78,0.0,65.78,6.75
ORD-101307,2025-09-21,2025-09-27,Second Class,CUST-1815,Corporate,West,Cardiff,Office Supplies,Labels,1,46.99,0.3,32.89,-4.11
ORD-101088,2025-09-21,2025-09-24,Same Day,CUST-1764,Consumer,East,Peterborough,Technology,Accessories,3,1444.91,0.5,2167.36,-59.27
ORD-101008,2025-09-21,2025-09-28,Second Class,CUST-2432,Consumer,West,Bristol,Office Supplies,Art,1,62.84,0.0,62.84,20.5
ORD-104764,2025-09-21,2025-09-23,Standard Class,CUST-1945,Consumer,East,Cambridge,Furniture,Bookcases,2,703.22,0.2,1125.15,-152.79
ORD-100127,2025-09-21,2025-09-27,Standard Class,CUST-1737,Corporate,East,Norwich,Office Supplies,Art,3,17.94,0.2,43.06,7.09
ORD-101219,2025-09-22,2025-09-28,First Class,CUST-2159,Consumer,North,Leeds,Furniture,Bookcases,1,89.22,0.2,71.38,-2.35
ORD-104747,2025-09-22,2025-09-26,Standard Class,CUST-2271,Consumer,North,Manchester,Office Supplies,Paper,2,26.51,0.4,31.81,1.83
ORD-105330,2025-09-22,2025-09-25,Standard Class,CUST-1569,Home Office,East,Peterborough,Office Supplies,Storage,1,15.22,0.2,12.18,1.58
ORD-103926,2025-09-22,2025-09-29,Standard Class,CUST-1386,Consumer,South,Portsmouth,Office Supplies,Paper,1,82.78,0.15,70.36,1.46
ORD-100991,2025-09-22,2025-09-27,Standard Class,CUST-1343,Corporate,West,Exeter,Technology,Copiers,3,555.1,0.1,1498.77,20.0
ORD-102307,2025-09-22,2025-09-26,First Class,CUST-2117,Consumer,West,Plymouth,Technology,Copiers,2,1724.43,0.1,3103.97,-277.19
ORD-102546,2025-09-22,2025-09-26,Standard Class,CUST-1062,Corporate,North,Newcastle,Furniture,Furnishings,5,353.98,0.1,1592.91,-109.73
ORD-103943,2025-09-22,2025-09-26,Standard Class,CUST-1346,Corporate,West,Exeter,Office Supplies,Labels,2,115.42,0.2,184.67,-0.65
ORD-106316,2025-09-22,2025-09-29,Standard Class,CUST-1188,Home Office,North,Leeds,Furniture,Chairs,4,840.87,0.15,2858.96,-214.27
ORD-102677,2025-09-23,2025-09-25,Standard Class,CUST-1282,Consumer,Central,Nottingham,Office Supplies,Art,1,84.6,0.1,76.14,9.61
ORD-101085,2025-09-23,2025-09-27,Second Class,CUST-1929,Consumer,Central,Nottingham,Office Supplies,Binders,3,83.17,0.0,249.51,79.78
ORD-104825,2025-09-23,2025-09-28,Standard Class,CUST-1090,Consumer,North,Leeds,Furniture,Bookcases,1,301.12,0.0,301.12,-0.24
ORD-103356,2025-09-23,2025-09-27,First Class,CUST-2044,Home Office,North,Leeds,Furniture,Chairs,2,437.56,0.0,875.12,121.96
ORD-106244,2025-09-23,2025-09-25,Second Class,CUST-2286,Corporate,North,Leeds,Furniture,Chairs,4,530.85,0.0,2123.4,311.73
ORD-101068,2025-09-23,2025-09-25,Same Day,CUST-2253,Consumer,West,Bristol,Technology,Machines,3,1320.88,0.0,3962.64,-271.39
ORD-104153,2025-09-23,2025-09-26,Standard Class,CUST-2344,Corporate,East,Norwich,Technology,Accessories,1,1534.95,0.1,1381.46,-56.94
ORD-106272,2025-09-23,2025-09-28,Standard Class,CUST-2354,Consumer,West,Cardiff,Furniture,Chairs,3,531.61,0.5,797.41,-245.58
ORD-105086,2025-09-23,2025-09-27,Standard Class,CUST-2011,Corporate,East,Peterborough,Technology,Copiers,4,661.19,0.1,2380.28,237.49
ORD-100472,2025-09-23,2025-09-26,Standard Class,CUST-2017,Consumer,North,Leeds,Technology,Machines,2,570.08,0.0,1140.16,33.36
ORD-101346,2025-09-24,2025-09-28,Second Class,CUST-1804,Consumer,North,Leeds,Office Supplies,Binders,3,16.41,0.2,39.38,5.76
ORD-101929,2025-09-24,2025-09-27,Standard Class,CUST-1137,Consumer,East,Peterborough,Technology,Accessories,5,1096.44,0.0,5482.2,372.02
ORD-105841,2025-09-24,2025-09-27,Second Class,CUST-1875,Consumer,South,Reading,Technology,Machines,3,829.11,0.3,1741.13,103.75
ORD-101827,2025-09-24,2025-09-27,First Class,CUST-1890,Corporate,South,Brighton,Office Supplies,Storage,4,69.34,0.0,277.36,48.06
ORD-105374,2025-09-24,2025-09-29,Standard Class,CUST-1521,Consumer,North,Sheffield,Office Supplies,Storage,1,111.73,0.15,94.97,22.25
ORD-103944,2025-09-24,2025-09-29,Second Class,CUST-1675,Consumer,West,Exeter,Technology,Copiers,1,1230.53,0.2,984.42,-96.68
ORD-103580,2025-09-24,2025-09-27,Standard Class,CUST-1421,Consumer,South,Southampton,Technology,Phones,3,756.9,0.0,2270.7,-217.58
ORD-103140,2025-09-24,2025-09-30,Standard Class,CUST-1881,Corporate,South,Brighton,Furniture,Bookcases,2,374.68,0.0,749.36,-19.8
ORD-102617,2025-09-24,2025-09-28,Standard Class,CUST-1419,Consumer,South,Portsmouth,Office Supplies,Binders,1,9.63,0.15,8.19,1.33
ORD-101427,2025-09-25,2025-09-30,Standard Class,CUST-2490,Corporate,East,Norwich,Furniture,Bookcases,5,248.08,0.1,1116.36,-93.34
ORD-101910,2025-09-25,2025-09-28,Standard Class,CUST-2177,Home Office,Central,Birmingham,Furniture,Tables,3,801.26,0.0,2403.78,428.55
ORD-100366,2025-09-25,2025-09-27,Second Class,CUST-1818,Corporate,South,Portsmouth,Technology,Phones,1,1526.04,0.0,1526.04,-151.6
ORD-100637,2025-09-25,2025-09-26,Standard Class,CUST-2329,Corporate,South,Brighton,Office Supplies,Binders,1,41.65,0.0,41.65,3.77
ORD-104324,2025-09-25,2025-09-29,Standard Class,CUST-1665,Corporate,North,Manchester,Office Supplies,Binders,2,41.68,0.2,66.69,1.13
ORD-105032,2025-09-25,2025-09-28,Standard Class,CUST-1328,Corporate,Central,Coventry,Office Supplies,Storage,1,55.06,0.15,46.8,9.95
ORD-104103,2025-09-25,2025-09-29,Standard Class,CUST-2072,Consumer,North,Manchester,Technology,Accessories,1,869.25,0.0,869.25,106.17
ORD-101261,2025-09-25,2025-09-28,Second Class,CUST-1606,Home Office,North,Manchester,Office Supplies,Art,1,5.37,0.15,4.56,0.42
ORD-104633,2025-09-25,2025-10-02,Standard Class,CUST-1492,Consumer,Central,Coventry,Office Supplies,Art,1,21.3,0.0,21.3,3.27
ORD-101935,2025-09-25,2025-09-28,Standard Class,CUST-2173,Consumer,South,Reading,Furniture,Chairs,4,114.01,0.3,319.23,-64.21
ORD-101877,2025-09-26,2025-09-28,Standard Class,CUST-2347,Consumer,East,Peterborough,Technology,Machines,4,1017.59,0.3,2849.25,-327.22
ORD-101861,2025-09-26,2025-09-29,Standard Class,CUST-1824,Corporate,East,Peterborough,Office Supplies,Binders,4,4.38,0.15,14.89,0.83
ORD-106151,2025-09-26,2025-09-29,Standard Class,CUST-1663,Home Office,West,Cardiff,Office Supplies,Binders,1,26.39,0.2,21.11,-1.06
ORD-100374,2025-09-26,2025-09-30,First Class,CUST-1451,Home Office,West,Exeter,Office Supplies,Binders,1,36.25,0.0,36.25,5.91
ORD-100527,2025-09-26,2025-10-03,First Class,CUST-1425,Consumer,South,Portsmouth,Furniture,Furnishings,3,198.37,0.1,535.6,-23.53
ORD-104163,2025-09-26,2025-09-30,Standard Class,CUST-2369,Consumer,North,Leeds,Furniture,Chairs,4,728.05,0.4,1747.32,-399.8
ORD-105534,2025-09-26,2025-10-02,Standard Class,CUST-1503,Corporate,North,Sheffield,Furniture,Bookcases,4,594.29,0.5,1188.58,-324.5
ORD-101351,2025-09-26,2025-09-30,Standard Class,CUST-1401,Corporate,East,Ipswich,Furniture,Bookcases,2,435.46,0.5,435.46,-117.21
ORD-102085,2025-09-26,2025-10-03,Standard Class,CUST-1170,Consumer,West,Exeter,Office Supplies,Storage,3,43.98,0.0,131.94,36.18
ORD-104437,2025-09-26,2025-09-30,Standard Class,CUST-1078,Consumer,North,Newcastle,Technology,Accessories,3,416.77,0.0,1250.31,85.79
ORD-105100,2025-09-26,2025-09-29,First Class,CUST-2406,Consumer,East,Norwich,Furniture,Tables,1,230.27,0.15,195.73,7.05
ORD-102202,2025-09-26,2025-09-30,Standard Class,CUST-2007,Corporate,West,Plymouth,Furniture,Furnishings,1,142.64,0.0,142.64,-7.07
ORD-106465,2025-09-27,2025-10-01,Standard Class,CUST-2301,Corporate,Central,Leicester,Furniture,Bookcases,2,721.61,0.1,1298.9,-27.53
ORD-102029,2025-09-27,2025-10-02,Second Class,CUST-1395,Home Office,East,Ipswich,Technology,Accessories,1,1541.79,0.15,1310.52,70.48
ORD-100833,2025-09-27,2025-10-03,Standard Class,CUST-1780,Corporate,North,Newcastle,Office Supplies,Binders,4,91.52,0.15,311.17,21.55
ORD-104142,2025-09-27,2025-09-30,Standard Class,CUST-1588,Home Office,North,Sheffield,Office Supplies,Binders,3,72.53,0.1,195.83,32.07
ORD-105427,2025-09-27,2025-09-30,Standard Class,CUST-1130,Corporate,West,Exeter,Office Supplies,Labels,3,69.61,0.2,167.06,18.33
ORD-102368,2025-09-27,2025-09-29,Second Class,CUST-1321,Corporate,Central,Leicester,Technology,Accessories,2,1230.75,0.5,1230.75,-173.43
ORD-105574,2025-09-28,2025-10-02,First Class,CUST-2111,Corporate,South,Brighton,Office Supplies,Labels,1,16.6,0.0,16.6,1.93
ORD-103701,2025-09-28,2025-10-03,Standard Class,CUST-1150,Home Office,South,Reading,Technology,Accessories,2,1080.96,0.3,1513.34,54.75
ORD-100123,2025-09-28,2025-10-02,Standard Class,CUST-1072,Corporate,Central,Nottingham,Technology,Copiers,1,165.97,0.0,165.97,42.77
ORD-104025,2025-09-28,2025-10-02,Standard Class,CUST-2345,Consumer,Central,Leicester,Office Supplies,Labels,5,60.7,0.3,212.45,19.04
ORD-104054,2025-09-28,2025-10-01,Standard Class,CUST-1656,Home Office,South,Portsmouth,Furniture,Chairs,1,252.65,0.15,214.75,14.09
ORD-102188,2025-09-28,2025-09-30,Standard Class,CUST-1592,Corporate,North,Leeds,Technology,Phones,2,274.86,0.1,494.75,39.17
ORD-101722,2025-09-28,2025-10-01,Standard Class,CUST-1972,Consumer,South,Brighton,Furniture,Chairs,3,304.32,0.0,912.96,-28.47
ORD-101710,2025-09-28,2025-10-03,Standard Class,CUST-2403,Consumer,East,Norwich,Technology,Accessories,4,159.96,0.2,511.87,-64.79
ORD-100645,2025-09-28,2025-09-29,Standard Class,CUST-1679,Corporate,North,Newcastle,Office Supplies,Art,1,93.24,0.3,65.27,3.61
ORD-104717,2025-09-28,2025-10-02,Second Class,CUST-1141,Home Office,South,Portsmouth,Furniture,Chairs,2,332.79,0.0,665.58,34.56
ORD-104397,2025-09-28,2025-10-04,Second Class,CUST-1086,Consumer,Central,Birmingham,Office Supplies,Art,3,14.45,0.15,36.85,8.48
ORD-102763,2025-09-29,2025-10-03,First Class,CUST-1727,Consumer,North,Manchester,Technology,Phones,3,816.84,0.1,2205.47,323.64
ORD-100966,2025-09-29,2025-10-06,Same Day,CUST-1065,Consumer,North,Sheffield,Office Supplies,Binders,2,41.81,0.0,83.62,10.31
ORD-101886,2025-09-29,2025-10-02,Second Class,CUST-1387,Consumer,Central,Nottingham,Furniture,Tables,1,842.51,0.0,842.51,-32.34
ORD-106190,2025-09-29,2025-10-03,Standard Class,CUST-2409,Consumer,North,Manchester,Technology,Copiers,1,938.74,0.0,938.74,161.33
ORD-105400,2025-09-29,2025-10-03,Second Class,CUST-1009,Consumer,North,Sheffield,Technology,Phones,1,1205.87,0.5,602.93,-181.61
ORD-104465,2025-09-29,2025-10-03,Standard Class,CUST-1171,Consumer,East,Cambridge,Technology,Phones,1,1474.88,0.0,1474.88,425.62
ORD-102846,2025-09-29,2025-10-06,Standard Class,CUST-1687,Corporate,North,Sheffield,Office Supplies,Paper,1,39.71,0.5,19.86,0.39
ORD-106325,2025-09-29,2025-10-03,Standard Class,CUST-1052,Corporate,North,Newcastle,Furniture,Chairs,1,135.28,0.2,108.22,-6.47
ORD-105248,2025-09-30,2025-10-04,Second Class,CUST-1980,Consumer,West,Exeter,Furniture,Chairs,2,320.99,0.0,641.98,73.9
ORD-104408,2025-09-30,2025-10-06,Second Class,CUST-1848,Consumer,South,Portsmouth,Technology,Copiers,3,775.6,0.0,2326.8,506.31
ORD-101107,2025-09-30,2025-10-04,Standard Class,CUST-2145,Corporate,Central,Leicester,Technology,Copiers,4,194.58,0.0,778.32,202.78
ORD-101401,2025-09-30,2025-10-02,Standard Class,CUST-1783,Consumer,North,Sheffield,Office Supplies,Paper,1,28.74,0.4,17.24,0.43
ORD-102020,2025-09-30,2025-10-03,Standard Class,CUST-1929,Consumer,Central,Coventry,Office Supplies,Labels,4,69.45,0.0,277.8,85.01
ORD-105258,2025-09-30,2025-10-05,Standard Class,CUST-1797,Consumer,East,Peterborough,Furniture,Chairs,2,131.76,0.5,131.76,-36.61
ORD-104166,2025-09-30,2025-10-03,Standard Class,CUST-1351,Corporate,West,Bristol,Office Supplies,Storage,1,97.3,0.5,48.65,-3.91
ORD-101656,2025-09-30,2025-10-03,Standard Class,CUST-1517,Consumer,North,Newcastle,Technology,Copiers,1,833.48,0.0,833.48,99.33
ORD-101199,2025-09-30,2025-10-04,Standard Class,CUST-1456,Corporate,South,Brighton,Furniture,Bookcases,6,480.73,0.0,2884.38,172.27
ORD-102706,2025-09-30,2025-10-04,Standard Class,CUST-1911,Consumer,North,Leeds,Technology,Phones,1,344.64,0.2,275.71,48.86
ORD-104004,2025-09-30,2025-10-02,Standard Class,CUST-2483,Consumer,South,Brighton,Furniture,Tables,1,212.2,0.0,212.2,12.0
ORD-102410,2025-09-30,2025-10-04,Standard Class,CUST-2297,Corporate,East,Ipswich,Office Supplies,Labels,1,54.03,0.1,48.63,4.2
ORD-103740,2025-09-30,2025-10-05,Same Day,CUST-2324,Home Office,Central,Coventry,Technology,Phones,1,952.89,0.0,952.89,165.47
ORD-103955,2025-09-30,2025-10-06,Standard Class,CUST-2147,Home Office,East,Peterborough,Office Supplies,Storage,3,37.86,0.15,96.54,4.38
ORD-102770,2025-10-01,2025-10-05,Standard Class,CUST-1730,Consumer,West,Plymouth,Furniture,Furnishings,2,353.03,0.15,600.15,-66.71
ORD-103289,2025-10-01,2025-10-03,Standard Class,CUST-1921,Consumer,West,Cardiff,Furniture,Furnishings,3,456.2,0.0,1368.6,-54.78
ORD-104863,2025-10-01,2025-10-02,Standard Class,CUST-1264,Consumer,Central,Birmingham,Furniture,Furnishings,5,593.36,0.0,2966.8,75.07
ORD-102511,2025-10-01,2025-10-06,Standard Class,CUST-1014,Consumer,West,Plymouth,Office Supplies,Art,1,59.08,0.2,47.26,-0.21
ORD-101196,2025-10-01,2025-10-04,Standard Class,CUST-1111,Consumer,North,Leeds,Technology,Accessories,1,102.25,0.1,92.03,-9.93
ORD-102345,2025-10-01,2025-10-07,Second Class,CUST-2066,Consumer,Central,Leicester,Technology,Machines,2,200.28,0.15,340.48,11.97
ORD-101333,2025-10-01,2025-10-03,Standard Class,CUST-2172,Consumer,West,Plymouth,Office Supplies,Art,6,3.1,0.0,18.6,1.98
ORD-101224,2025-10-01,2025-10-04,Second Class,CUST-1049,Home Office,North,Manchester,Technology,Accessories,5,1165.87,0.0,5829.35,1741.26
ORD-105965,2025-10-01,2025-10-06,First Class,CUST-1578,Corporate,Central,Leicester,Furniture,Furnishings,2,749.63,0.4,899.56,-153.48
ORD-102962,2025-10-02,2025-10-04,Standard Class,CUST-1628,Consumer,Central,Leicester,Technology,Accessories,2,601.28,0.5,601.28,-215.39
ORD-100352,2025-10-02,2025-10-04,Standard Class,CUST-1286,Consumer,North,Sheffield,Furniture,Tables,2,116.6,0.2,186.56,-24.11
ORD-100154,2025-10-02,2025-10-03,First Class,CUST-2365,Consumer,North,Leeds,Office Supplies,Art,2,4.57,0.0,9.14,0.58
ORD-102265,2025-10-03,2025-10-08,Standard Class,CUST-1151,Corporate,East,Cambridge,Technology,Copiers,1,783.66,0.1,705.29,-29.23
ORD-102926,2025-10-03,2025-10-08,Standard Class,CUST-2293,Home Office,East,Cambridge,Furniture,Bookcases,1,522.04,0.0,522.04,88.86
ORD-101339,2025-10-03,2025-10-05,First Class,CUST-2026,Consumer,North,Leeds,Technology,Accessories,2,1183.19,0.15,2011.42,264.39
ORD-106257,2025-10-03,2025-10-04,Second Class,CUST-1554,Home Office,East,Peterborough,Technology,Machines,3,62.69,0.0,188.07,34.88
ORD-102776,2025-10-04,2025-10-08,Second Class,CUST-1873,Home Office,South,Brighton,Technology,Phones,1,825.17,0.0,825.17,2.41
ORD-102147,2025-10-04,2025-10-07,Standard Class,CUST-1966,Home Office,West,Bristol,Office Supplies,Paper,1,5.88,0.0,5.88,0.49
ORD-105208,2025-10-04,2025-10-08,Standard Class,CUST-2267,Home Office,East,Ipswich,Furniture,Chairs,2,572.45,0.2,915.92,4.79
ORD-100452,2025-10-04,2025-10-07,Second Class,CUST-1808,Corporate,North,Leeds,Technology,Accessories,5,269.48,0.0,1347.4,-124.75
ORD-105891,2025-10-04,2025-10-10,Second Class,CUST-1321,Consumer,East,Ipswich,Office Supplies,Art,2,17.12,0.0,34.24,1.91
ORD-104080,2025-10-05,2025-10-10,Standard Class,CUST-1374,Home Office,Central,Birmingham,Furniture,Bookcases,5,287.78,0.0,1438.9,6.69
ORD-104975,2025-10-05,2025-10-10,Standard Class,CUST-1532,Corporate,West,Exeter,Technology,Phones,4,1405.49,0.0,5621.96,1347.1
ORD-106170,2025-10-06,2025-10-09,Standard Class,CUST-2056,Consumer,North,Manchester,Furniture,Chairs,2,530.43,0.0,1060.86,135.19
ORD-104722,2025-10-06,2025-10-09,Second Class,CUST-1544,Consumer,Central,Nottingham,Furniture,Bookcases,2,242.76,0.0,485.52,7.05
ORD-105908,2025-10-06,2025-10-11,Standard Class,CUST-2009,Corporate,West,Exeter,Furniture,Chairs,2,465.9,0.2,745.44,-54.6
ORD-105885,2025-10-06,2025-10-09,Standard Class,CUST-1107,Corporate,North,Sheffield,Technology,Machines,3,286.47,0.0,859.41,199.91
ORD-100932,2025-10-06,2025-10-11,Same Day,CUST-1900,Home Office,West,Exeter,Technology,Copiers,2,150.44,0.1,270.79,53.33
ORD-102885,2025-10-07,2025-10-11,First Class,CUST-1740,Home Office,South,Brighton,Technology,Machines,3,302.89,0.1,817.8,107.26
ORD-100009,2025-10-07,2025-10-10,Standard Class,CUST-1972,Consumer,East,Cambridge,Office Supplies,Paper,5,34.84,0.15,148.07,-5.9
ORD-102140,2025-10-07,2025-10-10,Same Day,CUST-2053,Consumer,West,Plymouth,Furniture,Bookcases,2,496.51,0.0,993.02,60.22
ORD-105477,2025-10-07,2025-10-13,Second Class,CUST-1936,Corporate,Central,Nottingham,Technology,Phones,3,524.17,0.1,1415.26,-16.46
ORD-106249,2025-10-07,2025-10-09,Standard Class,CUST-1792,Corporate,South,Southampton,Technology,Machines,1,754.02,0.0,754.02,-36.13
ORD-102968,2025-10-07,2025-10-13,First Class,CUST-1044,Home Office,South,Portsmouth,Technology,Accessories,2,1634.67,0.1,2942.41,591.82
ORD-101150,2025-10-07,2025-10-12,Standard Class,CUST-1854,Corporate,East,Peterborough,Office Supplies,Paper,1,82.07,0.0,82.07,7.24
ORD-106318,2025-10-07,2025-10-11,Standard Class,CUST-1591,Consumer,North,Manchester,Office Supplies,Paper,2,81.33,0.2,130.13,18.04
ORD-102749,2025-10-08,2025-10-13,Standard Class,CUST-1032,Home Office,North,Sheffield,Office Supplies,Binders,2,16.16,0.15,27.47,0.64
ORD-103905,2025-10-08,2025-10-11,Standard Class,CUST-2474,Consumer,East,Norwich,Technology,Accessories,1,71.8,0.4,43.08,0.37
ORD-105546,2025-10-08,2025-10-12,First Class,CUST-2213,Consumer,Central,Leicester,Furniture,Chairs,2,451.68,0.3,632.35,-71.69
ORD-103334,2025-10-08,2025-10-12,First Class,CUST-1604,Corporate,North,Manchester,Furniture,Tables,1,221.26,0.15,188.07,-18.17
ORD-105609,2025-10-08,2025-10-11,Second Class,CUST-2236,Corporate,Central,Nottingham,Office Supplies,Labels,3,24.85,0.0,74.55,25.25
ORD-100732,2025-10-08,2025-10-10,First Class,CUST-1315,Corporate,East,Peterborough,Furniture,Tables,2,549.72,0.1,989.5,107.15
ORD-106113,2025-10-08,2025-10-10,Standard Class,CUST-2471,Consumer,South,Reading,Technology,Accessories,4,70.27,0.4,168.65,1.26
ORD-100884,2025-10-09,2025-10-12,Second Class,CUST-1272,Consumer,West,Exeter,Furniture,Furnishings,2,251.35,0.0,502.7,24.05
ORD-102231,2025-10-09,2025-10-14,Same Day,CUST-2323,Consumer,West,Bristol,Technology,Machines,2,418.82,0.15,711.99,-13.59
ORD-104896,2025-10-09,2025-10-12,Standard Class,CUST-2052,Consumer,East,Peterborough,Technology,Phones,1,1510.52,0.2,1208.42,130.56
ORD-103670,2025-10-09,2025-10-12,Second Class,CUST-1773,Consumer,East,Peterborough,Furniture,Chairs,1,604.04,0.0,604.04,-24.38
ORD-100124,2025-10-09,2025-10-12,Standard Class,CUST-1380,Corporate,East,Norwich,Office Supplies,Paper,3,34.72,0.1,93.74,18.19
ORD-102428,2025-10-09,2025-10-15,Second Class,CUST-1188,Corporate,East,Norwich,Furniture,Tables,3,123.82,0.0,371.46,-5.49
ORD-100813,2025-10-10,2025-10-14,Same Day,CUST-1174,Corporate,North,Sheffield,Technology,Accessories,1,208.28,0.0,208.28,15.5
ORD-102050,2025-10-10,2025-10-13,Standard Class,CUST-1758,Home Office,West,Cardiff,Technology,Copiers,3,925.87,0.15,2360.97,-343.82
ORD-105491,2025-10-10,2025-10-14,First Class,CUST-1674,Consumer,South,Brighton,Furniture,Chairs,4,850.32,0.5,1700.64,-590.71
ORD-104817,2025-10-10,2025-10-14,Second Class,CUST-1680,Consumer,West,Cardiff,Technology,Phones,1,1115.59,0.3,780.91,-66.15
ORD-103736,2025-10-10,2025-10-15,Standard Class,CUST-1461,Consumer,West,Exeter,Office Supplies,Paper,1,41.38,0.15,35.17,1.45
ORD-101523,2025-10-10,2025-10-14,Standard Class,CUST-1246,Consumer,East,Norwich,Office Supplies,Paper,1,31.58,0.3,22.11,0.65
ORD-103240,2025-10-10,2025-10-17,Standard Class,CUST-2164,Consumer,Central,Coventry,Office Supplies,Storage,1,64.39,0.15,54.73,9.78
ORD-105249,2025-10-10,2025-10-16,Same Day,CUST-2131,Corporate,North,Leeds,Office Supplies,Art,1,114.84,0.3,80.39,4.19
ORD-100853,2025-10-10,2025-10-13,Standard Class,CUST-1782,Consumer,East,Ipswich,Furniture,Furnishings,1,733.15,0.0,733.15,79.52
ORD-103815,2025-10-11,2025-10-14,First Class,CUST-1300,Consumer,East,Peterborough,Office Supplies,Labels,2,107.37,0.1,193.27,22.78
ORD-102699,2025-10-11,2025-10-15,Standard Class,CUST-1784,Consumer,Central,Nottingham,Technology,Phones,5,1195.05,0.3,4182.68,96.36
ORD-104305,2025-10-11,2025-10-14,First Class,CUST-1935,Consumer,West,Plymouth,Technology,Phones,2,1402.99,0.2,2244.78,-223.32
ORD-105528,2025-10-11,2025-10-15,Second Class,CUST-1522,Consumer,South,Southampton,Furniture,Bookcases,3,397.01,0.0,1191.03,73.07
ORD-103922,2025-10-11,2025-10-16,Standard Class,CUST-2462,Consumer,South,Southampton,Technology,Copiers,5,749.12,0.0,3745.6,-213.93
ORD-100160,2025-10-11,2025-10-16,Second Class,CUST-1627,Corporate,East,Peterborough,Furniture,Furnishings,3,75.07,0.0,225.21,22.91
ORD-102591,2025-10-11,2025-10-13,Standard Class,CUST-1226,Corporate,North,Leeds,Technology,Machines,1,1150.46,0.0,1150.46,-49.83
ORD-102458,2025-10-11,2025-10-14,Standard Class,CUST-1928,Consumer,North,Newcastle,Technology,Accessories,2,618.52,0.2,989.63,69.44
ORD-104321,2025-10-11,2025-10-16,First Class,CUST-1441,Consumer,East,Peterborough,Office Supplies,Paper,1,50.67,0.0,50.67,13.39
ORD-101475,2025-10-12,2025-10-16,First Class,CUST-1511,Consumer,West,Bristol,Furniture,Bookcases,1,334.5,0.0,334.5,51.43
ORD-101871,2025-10-12,2025-10-16,Standard Class,CUST-1313,Home Office,West,Plymouth,Furniture,Chairs,1,195.9,0.0,195.9,22.32
ORD-101097,2025-10-12,2025-10-13,Second Class,CUST-1277,Corporate,West,Cardiff,Office Supplies,Art,3,16.33,0.15,41.64,1.83
ORD-104306,2025-10-12,2025-10-16,First Class,CUST-1105,Consumer,South,Brighton,Technology,Copiers,3,812.11,0.0,2436.33,370.33
ORD-100973,2025-10-12,2025-10-16,First Class,CUST-1798,Consumer,Central,Leicester,Office Supplies,Binders,3,50.27,0.0,150.81,34.31
ORD-104175,2025-10-12,2025-10-18,Standard Class,CUST-1355,Consumer,North,Sheffield,Furniture,Tables,1,598.5,0.2,478.8,-25.16
ORD-103292,2025-10-12,2025-10-15,First Class,CUST-1985,Corporate,East,Norwich,Office Supplies,Art,2,74.4,0.3,104.16,-9.07
ORD-101127,2025-10-12,2025-10-17,Standard Class,CUST-1629,Home Office,North,Leeds,Furniture,Tables,1,824.24,0.4,494.54,-141.99
ORD-101538,2025-10-12,2025-10-14,First Class,CUST-2470,Corporate,East,Ipswich,Technology,Phones,5,437.35,0.0,2186.75,35.78
ORD-105280,2025-10-13,2025-10-16,Standard Class,CUST-1198,Consumer,South,Portsmouth,Office Supplies,Labels,1,99.21,0.15,84.33,5.31
ORD-102281,2025-10-13,2025-10-17,Standard Class,CUST-2122,Consumer,North,Sheffield,Furniture,Bookcases,3,717.18,0.0,2151.54,294.24
ORD-100265,2025-10-13,2025-10-18,Standard Class,CUST-1498,Consumer,West,Exeter,Furniture,Bookcases,2,169.27,0.0,338.54,11.14
ORD-102711,2025-10-14,2025-10-18,Standard Class,CUST-1661,Home Office,West,Cardiff,Office Supplies,Paper,3,15.46,0.1,41.74,-0.22
ORD-106396,2025-10-14,2025-10-18,Standard Class,CUST-1888,Home Office,West,Bristol,Office Supplies,Binders,2,50.22,0.1,90.4,12.75
ORD-104018,2025-10-14,2025-10-18,Standard Class,CUST-2038,Consumer,East,Ipswich,Technology,Accessories,3,237.16,0.4,426.89,19.02
ORD-105245,2025-10-14,2025-10-15,First Class,CUST-1347,Home Office,East,Norwich,Office Supplies,Art,1,94.93,0.1,85.44,0.01
ORD-103539,2025-10-14,2025-10-21,Standard Class,CUST-1713,Consumer,Central,Birmingham,Furniture,Furnishings,3,114.36,0.3,240.16,-20.36
ORD-104579,2025-10-14,2025-10-18,First Class,CUST-2141,Consumer,South,Portsmouth,Technology,Accessories,1,1323.4,0.3,926.38,-242.42
ORD-102045,2025-10-14,2025-10-15,Standard Class,CUST-2138,Consumer,North,Manchester,Technology,Phones,2,1028.38,0.15,1748.25,325.38
ORD-102683,2025-10-14,2025-10-16,Standard Class,CUST-2390,Consumer,South,Reading,Technology,Machines,3,1787.11,0.3,3752.93,-25.11
ORD-104854,2025-10-14,2025-10-16,First Class,CUST-1961,Consumer,West,Plymouth,Office Supplies,Paper,2,112.7,0.4,135.24,13.49
ORD-105927,2025-10-14,2025-10-16,First Class,CUST-2483,Corporate,West,Cardiff,Furniture,Furnishings,3,836.73,0.0,2510.19,-74.66
ORD-103178,2025-10-14,2025-10-18,Standard Class,CUST-1810,Home Office,West,Plymouth,Furniture,Chairs,2,876.37,0.3,1226.92,-156.66
ORD-101651,2025-10-14,2025-10-16,Standard Class,CUST-1330,Consumer,West,Exeter,Office Supplies,Storage,2,61.94,0.2,99.1,17.42
ORD-105959,2025-10-15,2025-10-19,Second Class,CUST-2070,Consumer,Central,Birmingham,Furniture,Chairs,2,244.7,0.2,391.52,-61.62
ORD-104143,2025-10-15,2025-10-21,Standard Class,CUST-1196,Consumer,West,Cardiff,Office Supplies,Paper,4,39.91,0.1,143.68,-1.01
ORD-105696,2025-10-15,2025-10-19,Same Day,CUST-1286,Consumer,West,Cardiff,Technology,Accessories,2,316.8,0.15,538.56,84.17
ORD-103145,2025-10-15,2025-10-19,Standard Class,CUST-1959,Corporate,East,Norwich,Technology,Accessories,1,1225.9,0.2,980.72,144.41
ORD-106079,2025-10-15,2025-10-20,Standard Class,CUST-1600,Consumer,North,Newcastle,Office Supplies,Storage,1,45.1,0.5,22.55,-5.6
ORD-103277,2025-10-15,2025-10-21,Standard Class,CUST-1252,Consumer,North,Newcastle,Office Supplies,Binders,2,94.54,0.0,189.08,23.79
ORD-105564,2025-10-15,2025-10-20,Standard Class,CUST-2360,Corporate,Central,Nottingham,Office Supplies,Paper,3,112.95,0.0,338.85,95.85
ORD-105897,2025-10-15,2025-10-20,Standard Class,CUST-1216,Consumer,West,Plymouth,Office Supplies,Binders,3,15.96,0.2,38.3,8.22
ORD-106110,2025-10-15,2025-10-20,Standard Class,CUST-2231,Consumer,South,Brighton,Furniture,Chairs,2,378.52,0.3,529.93,-40.52
ORD-102632,2025-10-15,2025-10-16,Second Class,CUST-1276,Consumer,North,Manchester,Technology,Phones,2,881.37,0.1,1586.47,246.55
ORD-105568,2025-10-15,2025-10-17,Standard Class,CUST-1093,Home Office,East,Norwich,Furniture,Furnishings,3,424.98,0.2,1019.95,-134.85
ORD-102170,2025-10-16,2025-10-19,First Class,CUST-1206,Consumer,South,Reading,Technology,Copiers,1,338.12,0.1,304.31,20.23
ORD-103241,2025-10-16,2025-10-19,Standard Class,CUST-1316,Consumer,Central,Leicester,Technology,Machines,2,532.85,0.1,959.13,-97.69
ORD-102259,2025-10-16,2025-10-21,Second Class,CUST-2440,Consumer,West,Exeter,Furniture,Chairs,4,614.79,0.2,1967.33,-119.99
ORD-105442,2025-10-16,2025-10-18,Standard Class,CUST-1635,Corporate,West,Bristol,Furniture,Tables,1,767.51,0.2,614.01,-0.45
ORD-105317,2025-10-16,2025-10-18,First Class,CUST-2021,Consumer,South,Portsmouth,Furniture,Chairs,3,278.21,0.2,667.7,-62.36
ORD-105412,2025-10-16,2025-10-19,Standard Class,CUST-2217,Consumer,East,Peterborough,Technology,Accessories,2,782.02,0.0,1564.04,-123.69
ORD-101806,2025-10-16,2025-10-20,Standard Class,CUST-1075,Consumer,East,Norwich,Office Supplies,Storage,2,80.48,0.2,128.77,14.2
ORD-100862,2025-10-16,2025-10-19,Standard Class,CUST-1206,Home Office,West,Cardiff,Furniture,Bookcases,4,703.96,0.0,2815.84,334.66
ORD-102409,2025-10-16,2025-10-18,Standard Class,CUST-2035,Corporate,West,Exeter,Technology,Machines,1,1473.27,0.1,1325.94,311.58
ORD-100404,2025-10-16,2025-10-18,Second Class,CUST-1962,Home Office,South,Portsmouth,Furniture,Tables,3,880.36,0.0,2641.08,355.02
ORD-105403,2025-10-16,2025-10-19,Standard Class,CUST-2241,Consumer,East,Cambridge,Furniture,Furnishings,4,76.75,0.0,307.0,52.15
ORD-104420,2025-10-17,2025-10-19,Same Day,CUST-1224,Consumer,East,Peterborough,Technology,Copiers,1,853.95,0.0,853.95,-19.57
ORD-104274,2025-10-17,2025-10-20,Standard Class,CUST-1842,Corporate,South,Southampton,Office Supplies,Paper,3,117.72,0.2,282.53,4.98
ORD-103452,2025-10-17,2025-10-20,Standard Class,CUST-1743,Home Office,North,Sheffield,Technology,Phones,4,1601.14,0.0,6404.56,1192.03
ORD-103045,2025-10-17,2025-10-20,Same Day,CUST-1341,Consumer,South,Portsmouth,Office Supplies,Binders,2,110.34,0.1,198.61,36.9
ORD-104313,2025-10-17,2025-10-24,Standard Class,CUST-2074,Consumer,West,Plymouth,Office Supplies,Paper,1,60.95,0.1,54.86,1.32
ORD-101055,2025-10-17,2025-10-22,Standard Class,CUST-2344,Corporate,South,Portsmouth,Technology,Accessories,1,387.57,0.2,310.06,-31.58
ORD-100381,2025-10-18,2025-10-23,Standard Class,CUST-1694,Consumer,South,Reading,Furniture,Chairs,2,548.51,0.15,932.47,-79.03
ORD-106123,2025-10-18,2025-10-22,Standard Class,CUST-2026,Consumer,Central,Leicester,Technology,Copiers,1,183.58,0.0,183.58,-4.66
ORD-104970,2025-10-18,2025-10-21,Standard Class,CUST-1314,Corporate,East,Cambridge,Furniture,Bookcases,2,115.45,0.0,230.9,35.41
ORD-104942,2025-10-18,2025-10-25,Standard Class,CUST-1608,Corporate,Central,Leicester,Office Supplies,Paper,3,52.0,0.0,156.0,17.87
ORD-102249,2025-10-18,2025-10-22,Standard Class,CUST-1567,Home Office,South,Portsmouth,Office Supplies,Storage,2,77.3,0.0,154.6,34.54
ORD-100511,2025-10-18,2025-10-20,Standard Class,CUST-1269,Corporate,East,Norwich,Furniture,Tables,2,413.01,0.1,743.42,-80.77
ORD-106428,2025-10-18,2025-10-20,First Class,CUST-1151,Corporate,Central,Nottingham,Furniture,Chairs,1,848.83,0.2,679.06,7.89
ORD-100989,2025-10-18,2025-10-21,First Class,CUST-2286,Home Office,North,Newcastle,Office Supplies,Paper,2,88.9,0.4,106.68,-17.6
ORD-101777,2025-10-18,2025-10-21,Standard Class,CUST-2427,Consumer,Central,Birmingham,Technology,Phones,4,753.26,0.15,2561.08,130.55
ORD-100725,2025-10-19,2025-10-23,First Class,CUST-2440,Home Office,Central,Leicester,Furniture,Chairs,1,819.87,0.0,819.87,30.12
ORD-101968,2025-10-19,2025-10-23,Second Class,CUST-1773,Consumer,North,Manchester,Office Supplies,Art,5,96.36,0.15,409.53,102.93
ORD-106158,2025-10-19,2025-10-23,First Class,CUST-2039,Corporate,South,Southampton,Office Supplies,Paper,6,26.47,0.0,158.82,54.33
ORD-105416,2025-10-19,2025-10-26,Same Day,CUST-2191,Home Office,East,Peterborough,Technology,Copiers,2,1711.82,0.0,3423.64,489.77
ORD-105483,2025-10-19,2025-10-24,Standard Class,CUST-2491,Consumer,South,Portsmouth,Technology,Phones,3,1682.82,0.2,4038.77,53.49
ORD-105057,2025-10-19,2025-10-22,First Class,CUST-2077,Consumer,East,Ipswich,Technology,Accessories,5,372.39,0.3,1303.37,6.61
ORD-100018,2025-10-20,2025-10-25,First Class,CUST-1606,Consumer,North,Sheffield,Technology,Phones,3,1716.7,0.0,5150.1,623.71
ORD-101104,2025-10-20,2025-10-22,Second Class,CUST-2106,Consumer,North,Newcastle,Office Supplies,Storage,6,54.66,0.1,295.16,43.25
ORD-105474,2025-10-20,2025-10-25,Second Class,CUST-1235,Consumer,South,Brighton,Office Supplies,Labels,1,82.99,0.3,58.09,-5.99
ORD-100027,2025-10-20,2025-10-26,Standard Class,CUST-1956,Consumer,West,Cardiff,Office Supplies,Paper,5,70.33,0.0,351.65,85.45
ORD-101331,2025-10-20,2025-10-25,Standard Class,CUST-1664,Corporate,South,Brighton,Furniture,Furnishings,2,592.59,0.1,1066.66,107.19
ORD-105267,2025-10-20,2025-10-23,First Class,CUST-1425,Consumer,North,Manchester,Technology,Machines,1,1287.87,0.15,1094.69,193.17
ORD-104816,2025-10-21,2025-10-22,Second Class,CUST-2478,Consumer,South,Southampton,Furniture,Furnishings,2,142.73,0.0,285.46,14.12
ORD-101574,2025-10-21,2025-10-26,Second Class,CUST-1948,Consumer,East,Peterborough,Furniture,Chairs,2,777.85,0.0,1555.7,224.1
ORD-104612,2025-10-21,2025-10-27,Second Class,CUST-1006,Corporate,North,Newcastle,Office Supplies,Binders,2,70.98,0.4,85.18,7.36
ORD-102073,2025-10-21,2025-10-22,Second Class,CUST-2260,Consumer,West,Exeter,Furniture,Bookcases,3,535.46,0.0,1606.38,188.73
ORD-101032,2025-10-21,2025-10-28,Standard Class,CUST-2404,Consumer,Central,Nottingham,Office Supplies,Binders,1,67.27,0.0,67.27,9.9
ORD-103422,2025-10-21,2025-10-23,Standard Class,CUST-2192,Consumer,North,Manchester,Technology,Accessories,4,384.83,0.0,1539.32,-44.5
ORD-104429,2025-10-21,2025-10-24,Standard Class,CUST-1659,Home Office,Central,Birmingham,Technology,Machines,5,717.75,0.0,3588.75,698.92
ORD-103887,2025-10-21,2025-10-25,Standard Class,CUST-2401,Consumer,North,Manchester,Office Supplies,Binders,4,113.86,0.1,409.9,61.5
ORD-103012,2025-10-22,2025-10-25,Second Class,CUST-2040,Consumer,South,Portsmouth,Office Supplies,Art,2,11.98,0.2,19.17,2.02
ORD-106266,2025-10-22,2025-10-25,Standard Class,CUST-2277,Consumer,Central,Leicester,Office Supplies,Art,2,8.82,0.0,17.64,2.03
ORD-106335,2025-10-22,2025-10-25,Standard Class,CUST-1963,Home Office,Central,Nottingham,Furniture,Bookcases,4,615.21,0.0,2460.84,123.04
ORD-100387,2025-10-22,2025-10-23,First Class,CUST-2291,Corporate,North,Manchester,Office Supplies,Labels,2,20.92,0.2,33.47,3.68
ORD-105698,2025-10-22,2025-10-26,Second Class,CUST-2416,Corporate,East,Ipswich,Furniture,Bookcases,2,298.45,0.5,298.45,-84.94
ORD-105438,2025-10-22,2025-10-27,Standard Class,CUST-2232,Home Office,South,Southampton,Technology,Machines,5,615.41,0.1,2769.35,-256.31
ORD-103361,2025-10-22,2025-10-26,Standard Class,CUST-1948,Consumer,North,Newcastle,Office Supplies,Labels,2,35.02,0.1,63.04,4.51
ORD-102503,2025-10-22,2025-10-27,Standard Class,CUST-2466,Corporate,West,Bristol,Technology,Phones,1,421.48,0.0,421.48,-40.42
ORD-100544,2025-10-23,2025-10-29,Standard Class,CUST-1661,Consumer,West,Exeter,Office Supplies,Labels,1,6.63,0.4,3.98,-0.47
ORD-103952,2025-10-23,2025-10-27,Standard Class,CUST-2061,Consumer,East,Peterborough,Office Supplies,Labels,2,20.37,0.0,40.74,6.4
ORD-102611,2025-10-23,2025-10-26,First Class,CUST-2067,Consumer,West,Bristol,Office Supplies,Labels,3,73.46,0.0,220.38,53.2
ORD-102583,2025-10-23,2025-10-27,Standard Class,CUST-1290,Consumer,West,Plymouth,Office Supplies,Art,5,60.06,0.0,300.3,35.67
ORD-104283,2025-10-23,2025-10-25,First Class,CUST-1256,Corporate,North,Newcastle,Furniture,Furnishings,2,459.27,0.4,551.12,-68.31
ORD-100593,2025-10-23,2025-10-26,First Class,CUST-2463,Consumer,South,Southampton,Technology,Machines,2,304.09,0.15,516.95,7.95
ORD-105900,2025-10-23,2025-10-25,Standard Class,CUST-2069,Consumer,Central,Birmingham,Furniture,Furnishings,3,738.61,0.0,2215.83,289.06
ORD-106384,2025-10-23,2025-10-27,First Class,CUST-1365,Corporate,East,Norwich,Office Supplies,Binders,5,63.56,0.15,270.13,61.76
ORD-104404,2025-10-23,2025-10-29,Same Day,CUST-1404,Consumer,Central,Birmingham,Office Supplies,Art,1,40.35,0.0,40.35,11.12
ORD-105556,2025-10-23,2025-10-25,Second Class,CUST-1771,Consumer,East,Norwich,Office Supplies,Binders,1,34.06,0.0,34.06,4.78
ORD-100168,2025-10-23,2025-10-28,Standard Class,CUST-1123,Corporate,Central,Leicester,Office Supplies,Art,1,3.45,0.15,2.93,0.03
ORD-105628,2025-10-23,2025-10-28,Second Class,CUST-1914,Consumer,North,Leeds,Office Supplies,Binders,1,31.91,0.0,31.91,4.38
ORD-103293,2025-10-23,2025-10-30,Standard Class,CUST-1335,Consumer,East,Cambridge,Office Supplies,Art,1,94.33,0.2,75.46,16.39
ORD-101415,2025-10-23,2025-10-24,First Class,CUST-1396,Consumer,West,Plymouth,Technology,Copiers,2,1790.32,0.1,3222.58,-273.79
ORD-103715,2025-10-24,2025-10-30,Standard Class,CUST-2497,Corporate,North,Leeds,Furniture,Tables,6,547.28,0.1,2955.31,-20.77
ORD-104920,2025-10-24,2025-10-29,Second Class,CUST-1090,Consumer,East,Peterborough,Office Supplies,Binders,3,93.44,0.3,196.22,7.82
ORD-103855,2025-10-24,2025-10-31,Standard Class,CUST-1078,Corporate,West,Cardiff,Office Supplies,Labels,2,65.2,0.0,130.4,32.15
ORD-100878,2025-10-24,2025-10-27,Standard Class,CUST-1600,Consumer,West,Plymouth,Office Supplies,Binders,1,87.77,0.15,74.6,3.34
ORD-105749,2025-10-24,2025-10-28,Standard Class,CUST-2189,Consumer,South,Portsmouth,Technology,Copiers,1,204.67,0.0,204.67,53.23
ORD-106491,2025-10-24,2025-10-27,Standard Class,CUST-2160,Home Office,South,Southampton,Technology,Copiers,3,822.37,0.2,1973.69,57.92
ORD-105769,2025-10-24,2025-10-25,Second Class,CUST-1471,Consumer,West,Exeter,Office Supplies,Art,3,16.11,0.0,48.33,16.91
ORD-105034,2025-10-24,2025-10-26,Second Class,CUST-1333,Consumer,Central,Leicester,Technology,Phones,2,1196.42,0.2,1914.27,-9.25
ORD-106044,2025-10-25,2025-10-27,Standard Class,CUST-1241,Corporate,South,Brighton,Furniture,Tables,4,835.21,0.1,3006.76,-211.23
ORD-100517,2025-10-25,2025-10-29,Second Class,CUST-2445,Corporate,South,Brighton,Office Supplies,Storage,1,61.21,0.0,61.21,16.36
ORD-101960,2025-10-25,2025-10-30,Standard Class,CUST-1327,Consumer,West,Cardiff,Furniture,Bookcases,3,569.03,0.0,1707.09,15.73
ORD-103246,2025-10-25,2025-10-30,Standard Class,CUST-1758,Consumer,South,Brighton,Furniture,Chairs,4,706.8,0.0,2827.2,427.04
ORD-103697,2025-10-25,2025-11-01,First Class,CUST-1108,Corporate,West,Cardiff,Office Supplies,Binders,5,90.84,0.0,454.2,158.51
ORD-101091,2025-10-26,2025-10-30,Standard Class,CUST-2324,Home Office,West,Bristol,Furniture,Bookcases,3,624.82,0.15,1593.29,-125.82
ORD-102136,2025-10-26,2025-10-30,Standard Class,CUST-2357,Corporate,North,Manchester,Technology,Accessories,3,1297.72,0.0,3893.16,810.07
ORD-101144,2025-10-26,2025-11-01,Same Day,CUST-1135,Home Office,East,Cambridge,Furniture,Bookcases,1,194.87,0.15,165.64,-2.56
ORD-104243,2025-10-26,2025-10-29,Standard Class,CUST-1143,Consumer,South,Brighton,Technology,Machines,5,291.64,0.0,1458.2,55.27
ORD-101609,2025-10-26,2025-10-28,Standard Class,CUST-1750,Corporate,East,Norwich,Technology,Phones,3,922.85,0.0,2768.55,361.93
ORD-102087,2025-10-26,2025-10-31,Standard Class,CUST-1768,Corporate,South,Southampton,Technology,Accessories,5,1270.09,0.3,4445.31,-875.08
ORD-102076,2025-10-27,2025-10-29,Second Class,CUST-1195,Corporate,West,Plymouth,Office Supplies,Storage,1,68.93,0.0,68.93,9.96
ORD-100458,2025-10-27,2025-10-29,Standard Class,CUST-2209,Consumer,South,Brighton,Technology,Accessories,3,1123.28,0.0,3369.84,-43.5
ORD-101611,2025-10-27,2025-10-29,Second Class,CUST-1045,Consumer,Central,Nottingham,Office Supplies,Art,5,107.61,0.0,538.05,54.19
ORD-101417,2025-10-27,2025-11-01,First Class,CUST-1553,Consumer,South,Portsmouth,Technology,Copiers,2,1423.4,0.15,2419.78,37.99
ORD-105387,2025-10-27,2025-10-31,First Class,CUST-1623,Corporate,North,Leeds,Office Supplies,Binders,1,99.0,0.3,69.3,-6.38
ORD-101298,2025-10-27,2025-11-01,Standard Class,CUST-1054,Corporate,West,Exeter,Office Supplies,Art,2,9.15,0.0,18.3,4.42
ORD-102792,2025-10-27,2025-10-30,Standard Class,CUST-1390,Consumer,Central,Coventry,Technology,Machines,1,952.0,0.0,952.0,-79.18
ORD-103111,2025-10-27,2025-10-30,Standard Class,CUST-1257,Consumer,South,Southampton,Office Supplies,Storage,5,95.89,0.1,431.5,49.61
ORD-104320,2025-10-27,2025-10-31,Standard Class,CUST-2434,Consumer,North,Sheffield,Furniture,Tables,3,300.02,0.3,630.04,-85.04
ORD-105731,2025-10-28,2025-10-31,Same Day,CUST-1424,Consumer,East,Ipswich,Furniture,Bookcases,1,694.15,0.15,590.03,-75.52
ORD-100719,2025-10-28,2025-10-31,First Class,CUST-1278,Consumer,West,Plymouth,Office Supplies,Art,2,55.68,0.0,111.36,15.85
ORD-103998,2025-10-28,2025-11-02,First Class,CUST-1602,Corporate,East,Cambridge,Office Supplies,Storage,4,10.41,0.1,37.48,4.27
ORD-104878,2025-10-28,2025-10-31,Standard Class,CUST-1833,Consumer,East,Ipswich,Furniture,Chairs,2,126.27,0.0,252.54,7.3
ORD-106246,2025-10-28,2025-10-31,First Class,CUST-1863,Corporate,South,Brighton,Technology,Accessories,1,146.25,0.3,102.38,-17.46
ORD-105592,2025-10-28,2025-10-31,Standard Class,CUST-1364,Home Office,North,Manchester,Technology,Phones,3,462.81,0.3,971.9,83.17
ORD-106122,2025-10-28,2025-11-01,Second Class,CUST-2096,Consumer,North,Manchester,Office Supplies,Storage,3,99.61,0.2,239.06,19.21
ORD-102927,2025-10-28,2025-11-02,Standard Class,CUST-2086,Consumer,West,Exeter,Technology,Copiers,1,795.9,0.1,716.31,-77.98
ORD-101712,2025-10-28,2025-11-02,Standard Class,CUST-2044,Consumer,North,Sheffield,Furniture,Chairs,5,664.23,0.0,3321.15,123.25
ORD-101266,2025-10-29,2025-11-01,Standard Class,CUST-2347,Consumer,East,Cambridge,Office Supplies,Labels,1,114.23,0.2,91.38,-1.13
ORD-100564,2025-10-29,2025-11-02,First Class,CUST-1090,Home Office,Central,Coventry,Technology,Accessories,1,969.18,0.0,969.18,-78.67
ORD-106088,2025-10-29,2025-11-05,Second Class,CUST-1404,Corporate,East,Cambridge,Furniture,Chairs,2,115.78,0.0,231.56,7.55
ORD-101388,2025-10-29,2025-11-02,Standard Class,CUST-2098,Home Office,North,Leeds,Technology,Phones,2,126.19,0.0,252.38,65.94
ORD-101079,2025-10-29,2025-11-03,Second Class,CUST-2377,Consumer,West,Cardiff,Office Supplies,Binders,3,101.26,0.0,303.78,100.04
ORD-104936,2025-10-30,2025-11-02,First Class,CUST-1038,Consumer,North,Leeds,Furniture,Tables,4,735.17,0.0,2940.68,204.85
ORD-100863,2025-10-30,2025-11-03,Standard Class,CUST-1399,Consumer,South,Southampton,Office Supplies,Storage,2,69.63,0.3,97.48,14.47
ORD-100356,2025-10-30,2025-11-04,Standard Class,CUST-1697,Consumer,West,Bristol,Furniture,Furnishings,3,672.62,0.1,1816.07,-113.38
ORD-105521,2025-10-30,2025-11-03,Standard Class,CUST-2480,Corporate,West,Cardiff,Office Supplies,Labels,1,110.9,0.0,110.9,7.52
ORD-100901,2025-10-30,2025-11-02,Standard Class,CUST-1712,Consumer,East,Norwich,Technology,Copiers,3,482.34,0.4,868.21,-250.31
ORD-100623,2025-10-31,2025-11-03,Standard Class,CUST-1739,Corporate,Central,Nottingham,Office Supplies,Art,3,7.65,0.2,18.36,1.18
ORD-106116,2025-10-31,2025-11-06,Second Class,CUST-1588,Home Office,North,Sheffield,Technology,Machines,3,301.18,0.1,813.19,-100.44
ORD-102599,2025-10-31,2025-11-04,Standard Class,CUST-2141,Corporate,North,Leeds,Office Supplies,Binders,3,67.19,0.0,201.57,56.31
ORD-104179,2025-10-31,2025-11-03,Standard Class,CUST-1517,Home Office,East,Peterborough,Technology,Machines,2,1648.84,0.0,3297.68,718.27
ORD-100181,2025-10-31,2025-11-02,Standard Class,CUST-1331,Consumer,East,Cambridge,Furniture,Furnishings,2,161.66,0.1,290.99,18.27
ORD-105785,2025-11-01,2025-11-04,First Class,CUST-1228,Corporate,West,Plymouth,Office Supplies,Storage,1,85.89,0.15,73.01,14.47
ORD-102664,2025-11-01,2025-11-05,Standard Class,CUST-1685,Consumer,North,Newcastle,Office Supplies,Binders,1,11.67,0.0,11.67,3.59
ORD-104371,2025-11-01,2025-11-06,Second Class,CUST-1943,Corporate,Central,Nottingham,Technology,Accessories,3,1597.87,0.15,4074.57,271.49
ORD-101588,2025-11-01,2025-11-04,Second Class,CUST-1878,Corporate,North,Leeds,Office Supplies,Binders,1,43.24,0.3,30.27,-3.14
ORD-104375,2025-11-01,2025-11-03,Standard Class,CUST-1169,Consumer,South,Portsmouth,Technology,Accessories,1,605.14,0.5,302.57,-87.1
ORD-101497,2025-11-01,2025-11-06,Second Class,CUST-2420,Corporate,East,Ipswich,Technology,Accessories,6,1449.48,0.2,6957.5,1117.11
ORD-104845,2025-11-01,2025-11-07,Standard Class,CUST-1008,Corporate,West,Cardiff,Furniture,Bookcases,1,771.67,0.0,771.67,90.39
ORD-106362,2025-11-01,2025-11-04,Standard Class,CUST-1702,Corporate,East,Ipswich,Technology,Machines,1,774.84,0.2,619.87,49.86
ORD-104086,2025-11-01,2025-11-05,Standard Class,CUST-2020,Home Office,East,Peterborough,Office Supplies,Paper,4,15.48,0.0,61.92,12.63
ORD-101534,2025-11-01,2025-11-04,Second Class,CUST-1080,Consumer,East,Norwich,Technology,Machines,1,56.3,0.1,50.67,3.62
ORD-105201,2025-11-01,2025-11-06,Standard Class,CUST-2125,Corporate,East,Peterborough,Office Supplies,Storage,2,11.42,0.1,20.56,4.18
ORD-104491,2025-11-01,2025-11-03,Standard Class,CUST-1088,Consumer,East,Norwich,Furniture,Tables,1,833.96,0.15,708.87,57.68
ORD-105048,2025-11-01,2025-11-08,Second Class,CUST-1510,Consumer,South,Brighton,Office Supplies,Binders,2,59.86,0.1,107.75,10.96
ORD-101087,2025-11-01,2025-11-03,First Class,CUST-2291,Consumer,North,Sheffield,Furniture,Bookcases,2,829.18,0.1,1492.52,-27.26
ORD-101136,2025-11-01,2025-11-03,Standard Class,CUST-2292,Consumer,West,Plymouth,Office Supplies,Binders,3,70.22,0.0,210.66,42.95
ORD-104453,2025-11-01,2025-11-06,Standard Class,CUST-1024,Home Office,North,Leeds,Office Supplies,Binders,3,9.87,0.0,29.61,4.43
ORD-104470,2025-11-01,2025-11-05,Same Day,CUST-1222,Consumer,North,Sheffield,Furniture,Bookcases,2,651.48,0.1,1172.66,129.37
ORD-100392,2025-11-02,2025-11-04,Standard Class,CUST-2031,Consumer,South,Portsmouth,Office Supplies,Art,1,63.76,0.0,63.76,18.59
ORD-105154,2025-11-02,2025-11-07,Standard Class,CUST-2427,Corporate,North,Sheffield,Technology,Copiers,1,1586.43,0.0,1586.43,176.52
ORD-100343,2025-11-02,2025-11-05,Same Day,CUST-2292,Consumer,North,Manchester,Furniture,Chairs,2,672.07,0.0,1344.14,54.34
ORD-105771,2025-11-02,2025-11-07,First Class,CUST-1057,Home Office,North,Manchester,Technology,Machines,5,272.99,0.0,1364.95,246.8
ORD-103198,2025-11-02,2025-11-06,Standard Class,CUST-1580,Consumer,East,Peterborough,Technology,Phones,4,840.83,0.15,2858.82,103.08
ORD-103707,2025-11-02,2025-11-05,Standard Class,CUST-2445,Home Office,North,Manchester,Technology,Accessories,1,1453.57,0.1,1308.21,-20.8
ORD-105918,2025-11-02,2025-11-05,Standard Class,CUST-1427,Home Office,South,Southampton,Furniture,Chairs,1,527.79,0.1,475.01,16.79
ORD-103689,2025-11-02,2025-11-08,Standard Class,CUST-1941,Corporate,Central,Nottingham,Furniture,Bookcases,2,283.63,0.0,567.26,44.97
ORD-100280,2025-11-02,2025-11-04,Standard Class,CUST-1184,Consumer,Central,Birmingham,Furniture,Furnishings,5,567.23,0.1,2552.54,47.26
ORD-101262,2025-11-02,2025-11-06,First Class,CUST-2342,Consumer,North,Leeds,Office Supplies,Labels,4,43.53,0.1,156.71,42.26
ORD-104435,2025-11-02,2025-11-05,Second Class,CUST-1858,Consumer,West,Plymouth,Office Supplies,Binders,3,13.59,0.1,36.69,3.06
ORD-105401,2025-11-02,2025-11-08,First Class,CUST-2361,Corporate,Central,Coventry,Furniture,Bookcases,2,112.37,0.1,202.27,3.51
ORD-104292,2025-11-02,2025-11-06,Standard Class,CUST-1571,Home Office,West,Cardiff,Technology,Accessories,3,1747.26,0.0,5241.78,445.37
ORD-104376,2025-11-02,2025-11-07,Standard Class,CUST-2059,Consumer,South,Portsmouth,Office Supplies,Storage,1,110.16,0.0,110.16,24.91
ORD-104624,2025-11-02,2025-11-06,Standard Class,CUST-2229,Corporate,South,Brighton,Technology,Accessories,1,799.09,0.0,799.09,197.8
ORD-105263,2025-11-02,2025-11-05,Second Class,CUST-1915,Consumer,South,Portsmouth,Technology,Copiers,5,1501.68,0.1,6757.56,67.26
ORD-100208,2025-11-02,2025-11-03,Standard Class,CUST-2211,Consumer,North,Leeds,Furniture,Bookcases,2,68.34,0.1,123.01,13.73
ORD-106159,2025-11-02,2025-11-04,Standard Class,CUST-1118,Consumer,South,Portsmouth,Furniture,Bookcases,4,391.22,0.0,1564.88,98.27
ORD-103098,2025-11-02,2025-11-06,Standard Class,CUST-1393,Corporate,West,Bristol,Office Supplies,Paper,5,18.57,0.5,46.42,-5.54
ORD-105179,2025-11-02,2025-11-05,Second Class,CUST-1405,Consumer,West,Cardiff,Furniture,Tables,1,619.65,0.0,619.65,27.64
ORD-101619,2025-11-02,2025-11-05,Standard Class,CUST-1981,Consumer,South,Brighton,Technology,Accessories,6,51.33,0.3,215.59,-28.04
ORD-103823,2025-11-03,2025-11-09,Standard Class,CUST-1401,Consumer,East,Norwich,Furniture,Chairs,2,528.74,0.4,634.49,-113.11
ORD-103974,2025-11-03,2025-11-09,First Class,CUST-2192,Corporate,West,Bristol,Furniture,Bookcases,3,532.62,0.1,1438.07,114.15
ORD-100899,2025-11-03,2025-11-07,Second Class,CUST-2436,Corporate,North,Newcastle,Technology,Accessories,2,90.28,0.3,126.39,-28.93
ORD-105134,2025-11-03,2025-11-08,Standard Class,CUST-2189,Corporate,Central,Birmingham,Furniture,Bookcases,3,466.8,0.1,1260.36,-102.08
ORD-100081,2025-11-03,2025-11-05,Standard Class,CUST-2382,Consumer,North,Manchester,Technology,Phones,2,507.24,0.0,1014.48,-64.24
ORD-101419,2025-11-03,2025-11-04,Standard Class,CUST-1006,Home Office,Central,Coventry,Furniture,Tables,2,447.28,0.2,715.65,-13.11
ORD-101765,2025-11-03,2025-11-09,Second Class,CUST-1972,Consumer,North,Newcastle,Technology,Copiers,2,1714.51,0.0,3429.02,380.45
ORD-102407,2025-11-03,2025-11-07,Standard Class,CUST-1323,Consumer,North,Manchester,Office Supplies,Paper,6,38.37,0.15,195.69,5.77
ORD-102304,2025-11-03,2025-11-08,Standard Class,CUST-1967,Corporate,East,Norwich,Technology,Accessories,3,352.73,0.15,899.46,55.12
ORD-104864,2025-11-03,2025-11-07,Second Class,CUST-2332,Corporate,South,Portsmouth,Furniture,Tables,4,607.4,0.2,1943.68,-72.38
ORD-104008,2025-11-03,2025-11-09,Second Class,CUST-1380,Consumer,East,Norwich,Technology,Accessories,1,1488.15,0.5,744.08,-13.48
ORD-101501,2025-11-03,2025-11-07,Standard Class,CUST-1323,Corporate,West,Exeter,Technology,Phones,2,1227.45,0.5,1227.45,-475.98
ORD-103076,2025-11-03,2025-11-07,Standard Class,CUST-1840,Consumer,West,Cardiff,Technology,Machines,1,1741.1,0.3,1218.77,-237.05
ORD-102876,2025-11-04,2025-11-07,Standard Class,CUST-1797,Consumer,North,Leeds,Furniture,Tables,3,657.03,0.3,1379.76,-145.69
ORD-105775,2025-11-04,2025-11-08,Standard Class,CUST-1946,Corporate,South,Portsmouth,Office Supplies,Paper,2,66.89,0.0,133.78,8.37
ORD-102343,2025-11-04,2025-11-08,Standard Class,CUST-2130,Consumer,North,Manchester,Technology,Machines,3,428.85,0.1,1157.89,277.49
ORD-105089,2025-11-04,2025-11-06,Standard Class,CUST-2068,Consumer,Central,Birmingham,Furniture,Chairs,5,486.72,0.0,2433.6,16.37
ORD-101514,2025-11-04,2025-11-08,First Class,CUST-1231,Corporate,Central,Leicester,Furniture,Furnishings,3,407.33,0.0,1221.99,146.31
ORD-102965,2025-11-04,2025-11-09,Same Day,CUST-1325,Home Office,North,Manchester,Office Supplies,Labels,1,110.97,0.0,110.97,16.78
ORD-105612,2025-11-04,2025-11-07,Standard Class,CUST-1594,Corporate,South,Portsmouth,Office Supplies,Paper,2,14.32,0.0,28.64,2.38
ORD-104913,2025-11-04,2025-11-09,Second Class,CUST-1499,Consumer,South,Portsmouth,Technology,Copiers,4,910.11,0.3,2548.31,-499.5
ORD-104890,2025-11-04,2025-11-09,Standard Class,CUST-1511,Corporate,North,Leeds,Furniture,Furnishings,1,437.61,0.15,371.97,15.17
ORD-104731,2025-11-04,2025-11-06,Second Class,CUST-1724,Corporate,Central,Leicester,Office Supplies,Labels,1,112.84,0.1,101.56,1.35
ORD-105848,2025-11-04,2025-11-07,Standard Class,CUST-1632,Consumer,West,Bristol,Furniture,Furnishings,1,566.01,0.0,566.01,-16.12
ORD-103655,2025-11-04,2025-11-08,Standard Class,CUST-1179,Corporate,South,Portsmouth,Technology,Machines,3,816.88,0.0,2450.64,192.33
ORD-103787,2025-11-04,2025-11-07,Standard Class,CUST-2222,Home Office,West,Cardiff,Office Supplies,Paper,1,48.21,0.15,40.98,4.77
ORD-102937,2025-11-04,2025-11-11,Standard Class,CUST-1733,Consumer,Central,Nottingham,Furniture,Furnishings,3,131.03,0.1,353.78,-16.1
ORD-104653,2025-11-04,2025-11-07,Standard Class,CUST-2221,Consumer,Central,Nottingham,Technology,Phones,2,953.03,0.2,1524.85,201.95
ORD-106011,2025-11-04,2025-11-09,First Class,CUST-2224,Consumer,East,Norwich,Technology,Accessories,4,1333.51,0.15,4533.93,-846.79
ORD-101620,2025-11-04,2025-11-05,First Class,CUST-2270,Home Office,South,Portsmouth,Technology,Accessories,2,1705.05,0.0,3410.1,-158.2
ORD-104734,2025-11-04,2025-11-10,Standard Class,CUST-1873,Consumer,North,Newcastle,Office Supplies,Labels,1,69.71,0.0,69.71,11.92
ORD-101389,2025-11-04,2025-11-07,First Class,CUST-1679,Consumer,Central,Coventry,Office Supplies,Paper,1,31.29,0.0,31.29,4.15
ORD-101921,2025-11-04,2025-11-09,First Class,CUST-1422,Consumer,East,Norwich,Furniture,Furnishings,2,449.34,0.0,898.68,141.13
ORD-100925,2025-11-05,2025-11-09,Standard Class,CUST-2403,Corporate,East,Ipswich,Technology,Machines,2,44.57,0.4,53.48,-5.28
ORD-102464,2025-11-05,2025-11-09,Standard Class,CUST-2091,Consumer,West,Bristol,Office Supplies,Paper,5,76.5,0.0,382.5,132.59
ORD-104134,2025-11-05,2025-11-10,Second Class,CUST-1524,Corporate,East,Cambridge,Furniture,Bookcases,1,232.04,0.1,208.84,2.53
ORD-100483,2025-11-05,2025-11-11,Second Class,CUST-1327,Home Office,East,Cambridge,Office Supplies,Paper,1,112.0,0.0,112.0,14.6
ORD-100432,2025-11-05,2025-11-11,Standard Class,CUST-1063,Corporate,East,Ipswich,Office Supplies,Storage,3,42.89,0.5,64.33,-11.0
ORD-102275,2025-11-05,2025-11-07,Second Class,CUST-1905,Corporate,West,Exeter,Furniture,Tables,1,582.73,0.1,524.46,56.14
ORD-105765,2025-11-05,2025-11-08,Second Class,CUST-1315,Consumer,East,Norwich,Technology,Machines,4,257.59,0.15,875.81,-47.29
ORD-101359,2025-11-05,2025-11-09,First Class,CUST-2313,Corporate,West,Exeter,Office Supplies,Storage,2,68.66,0.1,123.59,13.96
ORD-100929,2025-11-05,2025-11-10,Standard Class,CUST-2236,Consumer,South,Brighton,Technology,Copiers,1,268.56,0.1,241.7,48.16
ORD-105584,2025-11-05,2025-11-07,First Class,CUST-2121,Corporate,West,Bristol,Technology,Phones,2,302.11,0.1,543.8,11.67
ORD-101593,2025-11-05,2025-11-09,Standard Class,CUST-1006,Home Office,North,Leeds,Office Supplies,Paper,1,88.15,0.15,74.93,6.13
ORD-106439,2025-11-05,2025-11-09,Standard Class,CUST-1323,Corporate,South,Brighton,Technology,Phones,1,412.43,0.0,412.43,31.04
ORD-106480,2025-11-05,2025-11-11,Standard Class,CUST-2163,Home Office,South,Southampton,Technology,Accessories,2,234.56,0.15,398.75,35.22
ORD-101559,2025-11-05,2025-11-09,Standard Class,CUST-1381,Corporate,East,Peterborough,Furniture,Tables,4,889.02,0.0,3556.08,-80.95
ORD-100624,2025-11-05,2025-11-08,Standard Class,CUST-1161,Corporate,South,Brighton,Office Supplies,Paper,1,42.37,0.1,38.13,4.82
ORD-102305,2025-11-05,2025-11-09,Second Class,CUST-1641,Consumer,East,Cambridge,Furniture,Furnishings,2,735.22,0.0,1470.44,14.73
ORD-106386,2025-11-05,2025-11-08,First Class,CUST-2154,Consumer,North,Sheffield,Office Supplies,Storage,2,109.05,0.15,185.38,1.76
ORD-100186,2025-11-05,2025-11-11,Second Class,CUST-1575,Corporate,South,Reading,Office Supplies,Paper,1,11.39,0.1,10.25,0.85
ORD-101826,2025-11-05,2025-11-09,Standard Class,CUST-2430,Consumer,West,Exeter,Technology,Phones,6,106.48,0.15,543.05,65.19
ORD-102244,2025-11-06,2025-11-11,Standard Class,CUST-2027,Consumer,East,Ipswich,Office Supplies,Labels,4,73.19,0.15,248.85,24.69
ORD-102316,2025-11-06,2025-11-09,Same Day,CUST-1064,Consumer,North,Manchester,Technology,Machines,4,1574.53,0.0,6298.12,1795.9
ORD-103869,2025-11-06,2025-11-10,Standard Class,CUST-2110,Consumer,North,Sheffield,Furniture,Furnishings,1,552.96,0.0,552.96,-2.47
ORD-105648,2025-11-06,2025-11-12,Standard Class,CUST-2290,Consumer,East,Ipswich,Furniture,Chairs,2,479.76,0.0,959.52,140.31
ORD-102849,2025-11-06,2025-11-08,Second Class,CUST-1963,Consumer,West,Plymouth,Furniture,Chairs,3,715.18,0.2,1716.43,-185.84
ORD-105780,2025-11-06,2025-11-11,Standard Class,CUST-1739,Corporate,Central,Coventry,Technology,Accessories,1,992.2,0.2,793.76,-168.89
ORD-100786,2025-11-06,2025-11-12,Second Class,CUST-1055,Corporate,Central,Nottingham,Furniture,Chairs,1,783.44,0.0,783.44,111.71
ORD-101347,2025-11-06,2025-11-09,Standard Class,CUST-1348,Corporate,South,Reading,Technology,Phones,5,364.35,0.2,1457.4,242.9
ORD-100859,2025-11-06,2025-11-09,Second Class,CUST-1502,Consumer,South,Southampton,Technology,Phones,1,1180.87,0.0,1180.87,-79.42
ORD-101010,2025-11-06,2025-11-07,Standard Class,CUST-1391,Consumer,Central,Coventry,Technology,Copiers,3,1765.46,0.4,3177.83,-875.89
ORD-105241,2025-11-06,2025-11-07,Standard Class,CUST-1805,Corporate,Central,Nottingham,Technology,Phones,4,1113.05,0.0,4452.2,648.03
ORD-102767,2025-11-06,2025-11-13,First Class,CUST-1356,Corporate,South,Brighton,Furniture,Furnishings,1,402.2,0.0,402.2,32.72
ORD-102509,2025-11-06,2025-11-10,First Class,CUST-2309,Corporate,East,Cambridge,Office Supplies,Art,1,31.1,0.1,27.99,3.99
ORD-105362,2025-11-06,2025-11-09,First Class,CUST-1048,Home Office,North,Leeds,Office Supplies,Labels,4,57.95,0.0,231.8,40.48
ORD-102623,2025-11-06,2025-11-08,Standard Class,CUST-2499,Consumer,West,Exeter,Technology,Machines,1,195.84,0.15,166.46,-14.22
ORD-103692,2025-11-06,2025-11-08,Standard Class,CUST-1692,Consumer,East,Ipswich,Technology,Copiers,3,1366.53,0.15,3484.65,314.65
ORD-106220,2025-11-07,2025-11-11,Standard Class,CUST-2076,Consumer,West,Plymouth,Office Supplies,Paper,4,69.42,0.0,277.68,61.01
ORD-104931,2025-11-07,2025-11-13,Standard Class,CUST-1783,Corporate,East,Norwich,Technology,Phones,3,1387.8,0.1,3747.06,153.54
ORD-102709,2025-11-07,2025-11-11,Standard Class,CUST-1469,Corporate,East,Peterborough,Technology,Copiers,3,677.23,0.0,2031.69,396.67
ORD-101632,2025-11-07,2025-11-13,Standard Class,CUST-2145,Home Office,North,Leeds,Office Supplies,Paper,2,117.0,0.0,234.0,30.14
ORD-106251,2025-11-07,2025-11-12,Standard Class,CUST-1630,Consumer,East,Ipswich,Furniture,Chairs,1,579.36,0.0,579.36,35.34
ORD-101537,2025-11-07,2025-11-10,Standard Class,CUST-1307,Corporate,West,Exeter,Furniture,Tables,2,848.27,0.1,1526.89,-3.81
ORD-100561,2025-11-07,2025-11-13,First Class,CUST-1742,Consumer,Central,Nottingham,Office Supplies,Paper,1,60.41,0.1,54.37,11.86
ORD-103517,2025-11-07,2025-11-10,Standard Class,CUST-1411,Consumer,North,Leeds,Office Supplies,Art,3,3.96,0.0,11.88,2.26
ORD-105745,2025-11-07,2025-11-10,Standard Class,CUST-2191,Home Office,West,Plymouth,Office Supplies,Paper,5,81.64,0.0,408.2,101.46
ORD-104358,2025-11-07,2025-11-13,Standard Class,CUST-1164,Consumer,North,Sheffield,Technology,Copiers,1,1597.48,0.0,1597.48,173.54
ORD-104976,2025-11-07,2025-11-12,First Class,CUST-1449,Home Office,North,Manchester,Technology,Phones,3,1075.25,0.0,3225.75,-168.68
ORD-103182,2025-11-07,2025-11-08,Second Class,CUST-1233,Home Office,North,Sheffield,Office Supplies,Art,4,48.14,0.5,96.28,-4.44
ORD-104720,2025-11-07,2025-11-12,Standard Class,CUST-1446,Consumer,Central,Leicester,Office Supplies,Paper,1,35.9,0.0,35.9,7.45
ORD-101739,2025-11-07,2025-11-09,Standard Class,CUST-2219,Home Office,East,Ipswich,Technology,Accessories,5,287.95,0.5,719.88,-102.43
ORD-101089,2025-11-08,2025-11-10,Second Class,CUST-1572,Consumer,East,Ipswich,Furniture,Furnishings,2,208.48,0.1,375.26,5.34
ORD-104683,2025-11-08,2025-11-13,Standard Class,CUST-1529,Corporate,East,Peterborough,Office Supplies,Labels,3,94.05,0.0,282.15,45.13
ORD-101094,2025-11-08,2025-11-12,Second Class,CUST-1511,Consumer,North,Newcastle,Furniture,Tables,2,151.72,0.0,303.44,-12.29
ORD-104489,2025-11-08,2025-11-10,Second Class,CUST-1632,Consumer,West,Bristol,Office Supplies,Labels,3,11.02,0.15,28.1,4.43
ORD-104081,2025-11-08,2025-11-11,Standard Class,CUST-1962,Home Office,West,Plymouth,Furniture,Bookcases,1,796.49,0.15,677.02,28.56
ORD-100062,2025-11-08,2025-11-13,Standard Class,CUST-1660,Consumer,Central,Birmingham,Furniture,Chairs,4,339.0,0.0,1356.0,3.12
ORD-100784,2025-11-08,2025-11-11,Standard Class,CUST-1534,Home Office,South,Reading,Technology,Accessories,1,562.1,0.0,562.1,63.46
ORD-102738,2025-11-08,2025-11-10,Standard Class,CUST-1595,Consumer,West,Exeter,Furniture,Bookcases,5,708.55,0.0,3542.75,232.32
ORD-104750,2025-11-08,2025-11-12,Second Class,CUST-1037,Home Office,Central,Coventry,Technology,Accessories,3,299.68,0.0,899.04,45.84
ORD-105130,2025-11-08,2025-11-09,Standard Class,CUST-1357,Home Office,West,Plymouth,Office Supplies,Labels,1,76.49,0.1,68.84,17.07
ORD-102969,2025-11-08,2025-11-14,Same Day,CUST-1836,Consumer,East,Ipswich,Technology,Phones,1,1523.76,0.15,1295.2,66.9
ORD-104449,2025-11-08,2025-11-12,Standard Class,CUST-1017,Corporate,North,Manchester,Technology,Accessories,5,1391.38,0.0,6956.9,1509.62
ORD-105305,2025-11-08,2025-11-13,First Class,CUST-1622,Home Office,Central,Leicester,Furniture,Furnishings,1,560.02,0.0,560.02,-23.62
ORD-104883,2025-11-08,2025-11-10,Standard Class,CUST-2083,Consumer,Central,Birmingham,Furniture,Furnishings,1,610.69,0.15,519.09,34.62
ORD-104536,2025-11-08,2025-11-11,Standard Class,CUST-1172,Corporate,West,Plymouth,Office Supplies,Storage,2,20.03,0.0,40.06,10.75
ORD-102708,2025-11-08,2025-11-12,Second Class,CUST-1219,Corporate,Central,Coventry,Office Supplies,Storage,2,16.68,0.0,33.36,4.22
ORD-100980,2025-11-08,2025-11-13,Standard Class,CUST-1226,Consumer,West,Bristol,Office Supplies,Binders,3,89.04,0.3,186.98,28.46
ORD-102804,2025-11-08,2025-11-11,Standard Class,CUST-1677,Home Office,East,Peterborough,Office Supplies,Labels,1,106.16,0.0,106.16,12.54
ORD-103353,2025-11-08,2025-11-11,Second Class,CUST-1660,Corporate,West,Cardiff,Technology,Machines,2,285.37,0.15,485.13,-24.27
ORD-103081,2025-11-09,2025-11-13,First Class,CUST-2307,Corporate,West,Cardiff,Furniture,Tables,2,208.3,0.2,333.28,-11.55
ORD-101647,2025-11-09,2025-11-13,Standard Class,CUST-1376,Consumer,Central,Coventry,Technology,Machines,1,1594.11,0.0,1594.11,207.98
ORD-103097,2025-11-09,2025-11-13,Standard Class,CUST-2075,Consumer,South,Portsmouth,Technology,Copiers,3,114.43,0.0,343.29,-28.52
ORD-103330,2025-11-09,2025-11-11,Second Class,CUST-2019,Home Office,North,Leeds,Furniture,Bookcases,5,345.3,0.1,1553.85,86.31
ORD-102171,2025-11-09,2025-11-13,First Class,CUST-2106,Corporate,West,Bristol,Furniture,Furnishings,2,770.88,0.0,1541.76,211.82
ORD-104809,2025-11-09,2025-11-13,Standard Class,CUST-1628,Consumer,Central,Coventry,Technology,Phones,6,1369.56,0.3,5752.15,-1176.29
ORD-102607,2025-11-09,2025-11-11,Second Class,CUST-1030,Corporate,West,Exeter,Office Supplies,Paper,3,31.01,0.1,83.73,2.97
ORD-102209,2025-11-09,2025-11-15,Standard Class,CUST-2196,Corporate,North,Sheffield,Furniture,Chairs,3,399.68,0.1,1079.14,-103.21
ORD-101276,2025-11-09,2025-11-11,First Class,CUST-1270,Home Office,West,Cardiff,Furniture,Bookcases,5,403.23,0.3,1411.31,-273.29
ORD-100228,2025-11-09,2025-11-12,Second Class,CUST-1562,Home Office,East,Cambridge,Furniture,Furnishings,1,530.48,0.2,424.38,-2.99
ORD-105589,2025-11-09,2025-11-11,Standard Class,CUST-2408,Home Office,West,Cardiff,Furniture,Furnishings,1,739.49,0.0,739.49,-23.9
ORD-102582,2025-11-09,2025-11-13,Standard Class,CUST-1953,Consumer,Central,Leicester,Technology,Copiers,2,1773.69,0.3,2483.17,-357.37
ORD-102282,2025-11-09,2025-11-13,Standard Class,CUST-2495,Consumer,North,Sheffield,Furniture,Bookcases,2,617.85,0.2,988.56,-93.21
ORD-101284,2025-11-09,2025-11-12,Standard Class,CUST-1932,Home Office,Central,Nottingham,Office Supplies,Labels,1,64.28,0.0,64.28,5.72
ORD-101335,2025-11-09,2025-11-13,Standard Class,CUST-1542,Consumer,Central,Nottingham,Technology,Phones,1,1359.01,0.0,1359.01,-134.81
ORD-100109,2025-11-09,2025-11-13,First Class,CUST-1692,Consumer,Central,Birmingham,Office Supplies,Storage,1,62.35,0.0,62.35,5.89
ORD-103683,2025-11-10,2025-11-15,Second Class,CUST-2003,Consumer,North,Leeds,Office Supplies,Labels,1,28.11,0.3,19.68,-0.61
ORD-102377,2025-11-10,2025-11-13,Standard Class,CUST-2062,Consumer,South,Portsmouth,Office Supplies,Art,3,17.5,0.4,31.5,-5.14
ORD-100746,2025-11-10,2025-11-15,Standard Class,CUST-2313,Consumer,West,Plymouth,Office Supplies,Paper,1,109.41,0.1,98.47,22.29
ORD-101364,2025-11-10,2025-11-15,First Class,CUST-1134,Home Office,Central,Leicester,Office Supplies,Storage,3,74.97,0.3,157.44,-12.75
ORD-101082,2025-11-10,2025-11-13,Standard Class,CUST-1882,Corporate,Central,Leicester,Furniture,Furnishings,3,236.81,0.15,603.87,-41.52
ORD-104908,2025-11-10,2025-11-14,Second Class,CUST-1193,Corporate,East,Norwich,Office Supplies,Paper,1,13.79,0.1,12.41,2.81
ORD-104255,2025-11-10,2025-11-14,Standard Class,CUST-1835,Consumer,Central,Birmingham,Technology,Phones,3,1428.35,0.3,2999.53,-565.02
ORD-101234,2025-11-10,2025-11-13,First Class,CUST-1851,Consumer,South,Brighton,Office Supplies,Labels,1,26.92,0.0,26.92,8.88
ORD-105149,2025-11-10,2025-11-13,Second Class,CUST-1692,Consumer,Central,Coventry,Furniture,Chairs,1,238.84,0.0,238.84,-6.11
ORD-105498,2025-11-10,2025-11-15,Standard Class,CUST-1244,Consumer,North,Newcastle,Office Supplies,Paper,1,77.48,0.15,65.86,8.3
ORD-103618,2025-11-10,2025-11-15,First Class,CUST-2218,Consumer,Central,Coventry,Technology,Copiers,2,1769.65,0.3,2477.51,188.42
ORD-106292,2025-11-10,2025-11-14,Standard Class,CUST-1419,Consumer,East,Norwich,Technology,Machines,2,907.59,0.0,1815.18,-20.67
ORD-105490,2025-11-10,2025-11-15,Standard Class,CUST-2272,Consumer,East,Ipswich,Office Supplies,Storage,2,23.7,0.0,47.4,14.37
ORD-106080,2025-11-11,2025-11-14,Standard Class,CUST-1709,Corporate,West,Bristol,Office Supplies,Binders,4,27.9,0.15,94.86,14.61
ORD-105630,2025-11-11,2025-11-14,Standard Class,CUST-2073,Consumer,East,Peterborough,Office Supplies,Binders,1,31.42,0.1,28.28,7.55
ORD-100948,2025-11-11,2025-11-14,Standard Class,CUST-1542,Consumer,West,Bristol,Office Supplies,Labels,4,71.02,0.0,284.08,34.03
ORD-103352,2025-11-11,2025-11-15,Standard Class,CUST-1251,Consumer,West,Cardiff,Furniture,Chairs,5,827.04,0.0,4135.2,-47.04
ORD-100310,2025-11-11,2025-11-16,Standard Class,CUST-1399,Home Office,South,Reading,Furniture,Furnishings,2,343.46,0.3,480.84,-101.36
ORD-101563,2025-11-11,2025-11-14,Standard Class,CUST-2056,Consumer,North,Newcastle,Office Supplies,Storage,3,113.65,0.15,289.81,56.48
ORD-102734,2025-11-11,2025-11-15,Second Class,CUST-1917,Consumer,Central,Birmingham,Office Supplies,Art,2,111.67,0.0,223.34,57.29
ORD-101075,2025-11-11,2025-11-14,Second Class,CUST-2094,Consumer,East,Peterborough,Furniture,Furnishings,1,490.17,0.0,490.17,-6.34
ORD-104284,2025-11-11,2025-11-13,Standard Class,CUST-1577,Corporate,West,Cardiff,Office Supplies,Art,1,85.6,0.1,77.04,3.42
ORD-103873,2025-11-11,2025-11-17,Standard Class,CUST-2184,Consumer,East,Cambridge,Office Supplies,Binders,3,65.37,0.0,196.11,42.73
ORD-102746,2025-11-11,2025-11-16,Second Class,CUST-1186,Home Office,East,Ipswich,Office Supplies,Art,3,82.37,0.0,247.11,67.92
ORD-105668,2025-11-11,2025-11-13,Standard Class,CUST-1196,Consumer,North,Leeds,Office Supplies,Art,1,115.13,0.0,115.13,33.14
ORD-105171,2025-11-11,2025-11-12,First Class,CUST-2467,Consumer,West,Exeter,Office Supplies,Art,1,26.86,0.1,24.17,5.43
ORD-101683,2025-11-11,2025-11-15,Standard Class,CUST-2448,Consumer,North,Sheffield,Technology,Phones,2,1311.63,0.1,2360.93,-346.65
ORD-102886,2025-11-12,2025-11-14,Standard Class,CUST-1948,Corporate,South,Reading,Technology,Accessories,4,1185.05,0.0,4740.2,-203.13
ORD-106309,2025-11-12,2025-11-15,Standard Class,CUST-2112,Home Office,South,Portsmouth,Office Supplies,Paper,3,56.01,0.0,168.03,54.83
ORD-100379,2025-11-12,2025-11-18,Standard Class,CUST-1012,Corporate,East,Peterborough,Office Supplies,Storage,2,58.28,0.0,116.56,23.92
ORD-103492,2025-11-12,2025-11-18,Standard Class,CUST-1849,Consumer,North,Newcastle,Furniture,Chairs,4,823.54,0.2,2635.33,90.47
ORD-104116,2025-11-12,2025-11-15,Standard Class,CUST-1277,Consumer,West,Bristol,Furniture,Chairs,6,115.64,0.0,693.84,33.61
ORD-104761,2025-11-12,2025-11-14,Standard Class,CUST-2438,Corporate,South,Portsmouth,Furniture,Chairs,1,369.8,0.0,369.8,2.75
ORD-105600,2025-11-12,2025-11-17,Same Day,CUST-1108,Corporate,West,Bristol,Technology,Copiers,2,1405.31,0.0,2810.62,-83.68
ORD-104385,2025-11-12,2025-11-15,Standard Class,CUST-1741,Consumer,Central,Coventry,Office Supplies,Binders,1,62.81,0.2,50.25,4.99
ORD-102517,2025-11-12,2025-11-14,Standard Class,CUST-1941,Home Office,South,Brighton,Furniture,Furnishings,1,406.43,0.15,345.47,-7.3
ORD-105156,2025-11-12,2025-11-16,First Class,CUST-1719,Corporate,West,Plymouth,Technology,Machines,4,1714.56,0.15,5829.5,720.12
ORD-106295,2025-11-12,2025-11-13,Standard Class,CUST-1153,Consumer,West,Bristol,Office Supplies,Storage,1,35.21,0.1,31.69,2.24
ORD-104433,2025-11-12,2025-11-18,First Class,CUST-2435,Consumer,South,Brighton,Technology,Phones,2,1717.72,0.0,3435.44,-292.36
ORD-100666,2025-11-12,2025-11-16,Standard Class,CUST-2283,Corporate,South,Reading,Technology,Phones,6,1238.82,0.2,5946.34,-611.9
ORD-102613,2025-11-13,2025-11-16,Standard Class,CUST-2307,Corporate,East,Cambridge,Office Supplies,Labels,6,3.0,0.0,18.0,4.57
ORD-101829,2025-11-13,2025-11-17,Standard Class,CUST-1003,Corporate,East,Ipswich,Technology,Phones,1,563.4,0.0,563.4,124.22
ORD-106301,2025-11-13,2025-11-17,Standard Class,CUST-1619,Consumer,East,Cambridge,Office Supplies,Paper,2,32.46,0.0,64.92,19.96
ORD-100128,2025-11-13,2025-11-16,Standard Class,CUST-1142,Consumer,North,Newcastle,Furniture,Chairs,2,564.5,0.1,1016.1,103.09
ORD-105605,2025-11-13,2025-11-17,Standard Class,CUST-1631,Consumer,North,Manchester,Office Supplies,Binders,2,43.52,0.1,78.34,14.15
ORD-100650,2025-11-13,2025-11-17,Standard Class,CUST-1591,Home Office,West,Cardiff,Office Supplies,Storage,2,119.97,0.3,167.96,-3.61
ORD-104131,2025-11-13,2025-11-15,Standard Class,CUST-2258,Corporate,South,Brighton,Furniture,Chairs,1,384.82,0.3,269.37,-0.66
ORD-100807,2025-11-13,2025-11-15,First Class,CUST-1585,Home Office,North,Manchester,Office Supplies,Art,2,78.63,0.1,141.53,0.76
ORD-105186,2025-11-13,2025-11-17,First Class,CUST-1049,Home Office,East,Ipswich,Office Supplies,Art,1,114.36,0.3,80.05,12.9
ORD-101811,2025-11-13,2025-11-16,Standard Class,CUST-2093,Consumer,East,Cambridge,Office Supplies,Labels,1,107.35,0.0,107.35,5.42
ORD-105120,2025-11-13,2025-11-16,Standard Class,CUST-1347,Corporate,West,Bristol,Office Supplies,Labels,1,45.51,0.1,40.96,3.8
ORD-101185,2025-11-13,2025-11-15,Standard Class,CUST-1521,Corporate,North,Newcastle,Technology,Machines,2,747.58,0.15,1270.89,-60.42
ORD-102256,2025-11-13,2025-11-19,Standard Class,CUST-1927,Consumer,North,Newcastle,Furniture,Tables,2,717.9,0.2,1148.64,32.98
ORD-104317,2025-11-13,2025-11-17,Standard Class,CUST-1846,Consumer,Central,Nottingham,Office Supplies,Labels,2,4.71,0.1,8.48,2.07
ORD-100108,2025-11-13,2025-11-16,Standard Class,CUST-1619,Consumer,South,Reading,Furniture,Chairs,4,652.52,0.1,2349.07,208.53
ORD-102446,2025-11-13,2025-11-16,Standard Class,CUST-1250,Home Office,Central,Nottingham,Furniture,Bookcases,1,608.47,0.0,608.47,43.85
ORD-104602,2025-11-14,2025-11-18,Standard Class,CUST-1294,Home Office,South,Southampton,Office Supplies,Binders,4,39.43,0.3,110.4,15.32
ORD-102972,2025-11-14,2025-11-16,First Class,CUST-2447,Consumer,East,Peterborough,Furniture,Chairs,1,727.56,0.0,727.56,-6.54
ORD-105549,2025-11-14,2025-11-20,Standard Class,CUST-1253,Consumer,South,Reading,Office Supplies,Storage,5,61.8,0.0,309.0,86.15
ORD-105576,2025-11-14,2025-11-18,Standard Class,CUST-1199,Home Office,East,Norwich,Technology,Accessories,1,1256.58,0.1,1130.92,-137.26
ORD-104927,2025-11-14,2025-11-17,Standard Class,CUST-1040,Consumer,West,Exeter,Furniture,Chairs,3,635.22,0.1,1715.09,154.61
ORD-105063,2025-11-14,2025-11-17,Second Class,CUST-2421,Home Office,Central,Nottingham,Furniture,Chairs,1,709.3,0.4,425.58,-94.54
ORD-106222,2025-11-14,2025-11-16,Standard Class,CUST-1001,Consumer,Central,Coventry,Technology,Machines,4,427.24,0.1,1538.06,-120.02
ORD-102564,2025-11-14,2025-11-19,Standard Class,CUST-1440,Consumer,Central,Birmingham,Technology,Accessories,3,741.25,0.2,1779.0,97.28
ORD-102053,2025-11-14,2025-11-19,Standard Class,CUST-1886,Corporate,East,Cambridge,Office Supplies,Labels,1,98.51,0.4,59.11,-4.35
ORD-104188,2025-11-14,2025-11-17,Standard Class,CUST-2338,Corporate,North,Leeds,Technology,Accessories,1,1510.11,0.3,1057.08,47.84
ORD-102164,2025-11-14,2025-11-18,Same Day,CUST-1200,Corporate,Central,Coventry,Office Supplies,Paper,1,3.72,0.2,2.98,-0.12
ORD-102486,2025-11-14,2025-11-17,Standard Class,CUST-2287,Corporate,North,Sheffield,Office Supplies,Binders,4,96.32,0.1,346.75,19.05
ORD-105419,2025-11-14,2025-11-18,Second Class,CUST-1393,Consumer,North,Leeds,Technology,Phones,1,965.01,0.2,772.01,40.77
ORD-104834,2025-11-14,2025-11-16,First Class,CUST-2190,Consumer,West,Bristol,Furniture,Furnishings,4,513.23,0.2,1642.34,-250.91
ORD-102199,2025-11-14,2025-11-17,Same Day,CUST-2125,Consumer,East,Peterborough,Technology,Accessories,2,525.67,0.0,1051.34,-97.44
ORD-101515,2025-11-14,2025-11-17,Standard Class,CUST-1294,Consumer,Central,Nottingham,Technology,Copiers,4,113.94,0.1,410.18,13.41
ORD-105575,2025-11-14,2025-11-18,Standard Class,CUST-1896,Home Office,Central,Birmingham,Office Supplies,Storage,2,11.72,0.4,14.06,-0.37
ORD-104333,2025-11-14,2025-11-18,Second Class,CUST-1310,Consumer,South,Reading,Technology,Phones,6,1568.14,0.0,9408.84,769.32
ORD-103721,2025-11-14,2025-11-19,Standard Class,CUST-1457,Consumer,West,Plymouth,Furniture,Furnishings,2,837.6,0.3,1172.64,-34.56
ORD-104609,2025-11-14,2025-11-19,Standard Class,CUST-1467,Consumer,North,Leeds,Office Supplies,Art,1,30.22,0.0,30.22,7.06
ORD-106245,2025-11-14,2025-11-20,Second Class,CUST-2395,Corporate,East,Ipswich,Furniture,Tables,1,384.99,0.0,384.99,38.27
ORD-104939,2025-11-14,2025-11-20,Second Class,CUST-2315,Consumer,Central,Leicester,Office Supplies,Storage,1,115.35,0.15,98.05,5.4
ORD-101940,2025-11-14,2025-11-18,Standard Class,CUST-1982,Corporate,East,Peterborough,Technology,Machines,2,1255.75,0.2,2009.2,329.3
ORD-105984,2025-11-15,2025-11-21,Standard Class,CUST-1024,Consumer,North,Leeds,Office Supplies,Labels,2,91.71,0.0,183.42,25.61
ORD-102984,2025-11-15,2025-11-17,Standard Class,CUST-2429,Home Office,West,Bristol,Office Supplies,Binders,1,63.99,0.0,63.99,16.25
ORD-103446,2025-11-15,2025-11-21,Same Day,CUST-1796,Consumer,North,Sheffield,Furniture,Chairs,1,820.28,0.4,492.17,-35.3
ORD-100482,2025-11-15,2025-11-16,Same Day,CUST-1745,Consumer,East,Peterborough,Furniture,Furnishings,3,61.07,0.3,128.25,-14.11
ORD-106375,2025-11-15,2025-11-18,Standard Class,CUST-1461,Corporate,North,Leeds,Office Supplies,Art,1,53.91,0.0,53.91,12.75
ORD-103102,2025-11-15,2025-11-20,Standard Class,CUST-2445,Corporate,Central,Nottingham,Technology,Copiers,1,865.4,0.0,865.4,103.92
ORD-103051,2025-11-15,2025-11-18,Standard Class,CUST-1911,Home Office,East,Ipswich,Office Supplies,Labels,4,84.98,0.4,203.95,-12.52
ORD-101807,2025-11-15,2025-11-19,Second Class,CUST-2361,Consumer,West,Exeter,Furniture,Tables,1,637.76,0.2,510.21,-33.43
ORD-103296,2025-11-15,2025-11-20,Standard Class,CUST-2024,Corporate,Central,Birmingham,Office Supplies,Paper,3,85.22,0.0,255.66,70.44
ORD-102552,2025-11-15,2025-11-18,Standard Class,CUST-2124,Consumer,North,Manchester,Office Supplies,Labels,2,43.78,0.0,87.56,23.33
ORD-101093,2025-11-15,2025-11-22,Standard Class,CUST-1499,Corporate,South,Reading,Furniture,Furnishings,1,842.34,0.0,842.34,80.4
ORD-104762,2025-11-15,2025-11-17,First Class,CUST-1646,Consumer,Central,Birmingham,Office Supplies,Storage,5,20.91,0.0,104.55,34.29
ORD-102756,2025-11-15,2025-11-19,First Class,CUST-1826,Home Office,East,Norwich,Furniture,Chairs,3,61.05,0.1,164.84,1.98
ORD-102753,2025-11-15,2025-11-18,Standard Class,CUST-1644,Home Office,West,Plymouth,Office Supplies,Labels,5,37.99,0.1,170.95,18.61
ORD-100221,2025-11-15,2025-11-19,First Class,CUST-2216,Consumer,South,Reading,Technology,Phones,1,923.08,0.0,923.08,-77.93
ORD-101582,2025-11-15,2025-11-18,Same Day,CUST-1527,Consumer,West,Bristol,Office Supplies,Labels,3,52.35,0.1,141.35,37.54
ORD-100308,2025-11-15,2025-11-18,Standard Class,CUST-1655,Home Office,South,Brighton,Technology,Accessories,2,42.19,0.3,59.07,0.74
ORD-101846,2025-11-15,2025-11-19,Same Day,CUST-2300,Consumer,East,Ipswich,Office Supplies,Art,1,38.13,0.15,32.41,6.54
ORD-100965,2025-11-16,2025-11-21,Second Class,CUST-2017,Home Office,West,Bristol,Technology,Phones,1,1037.74,0.1,933.97,58.44
ORD-106382,2025-11-16,2025-11-20,Standard Class,CUST-1678,Consumer,Central,Nottingham,Technology,Accessories,4,1783.81,0.1,6421.72,-577.87
ORD-104451,2025-11-16,2025-11-20,Standard Class,CUST-1861,Consumer,South,Southampton,Office Supplies,Paper,2,82.57,0.0,165.14,43.73
ORD-101319,2025-11-16,2025-11-20,Second Class,CUST-1030,Home Office,West,Cardiff,Furniture,Furnishings,4,437.44,0.3,1224.83,-37.81
ORD-103852,2025-11-16,2025-11-19,Standard Class,CUST-2483,Corporate,East,Cambridge,Technology,Copiers,2,204.13,0.1,367.43,67.25
ORD-100385,2025-11-16,2025-11-20,Second Class,CUST-1300,Consumer,West,Cardiff,Office Supplies,Art,2,26.88,0.0,53.76,14.76
ORD-103392,2025-11-16,2025-11-20,Standard Class,CUST-1615,Consumer,North,Manchester,Office Supplies,Art,1,103.69,0.2,82.95,18.9
ORD-104479,2025-11-16,2025-11-20,Second Class,CUST-1749,Home Office,North,Sheffield,Furniture,Chairs,1,599.26,0.0,599.26,81.32
ORD-105850,2025-11-16,2025-11-19,First Class,CUST-2458,Corporate,Central,Leicester,Office Supplies,Art,2,45.52,0.2,72.83,0.17
ORD-101801,2025-11-16,2025-11-19,Standard Class,CUST-2362,Consumer,East,Cambridge,Furniture,Furnishings,3,414.58,0.0,1243.74,-35.26
ORD-105654,2025-11-16,2025-11-19,Standard Class,CUST-1792,Home Office,North,Sheffield,Technology,Machines,4,1711.25,0.1,6160.5,912.18
ORD-102134,2025-11-16,2025-11-22,Second Class,CUST-1910,Consumer,North,Manchester,Office Supplies,Paper,1,114.62,0.1,103.16,18.35
ORD-102320,2025-11-16,2025-11-22,Standard Class,CUST-1583,Home Office,West,Plymouth,Furniture,Bookcases,5,389.66,0.4,1168.98,-90.11
ORD-105041,2025-11-16,2025-11-18,Standard Class,CUST-1677,Home Office,North,Leeds,Technology,Machines,2,614.44,0.4,737.33,-113.56
ORD-101602,2025-11-16,2025-11-21,Second Class,CUST-1295,Consumer,West,Plymouth,Technology,Accessories,3,1750.83,0.0,5252.49,-266.98
ORD-105835,2025-11-16,2025-11-19,Standard Class,CUST-1730,Consumer,North,Leeds,Office Supplies,Storage,2,8.3,0.0,16.6,4.05
ORD-100612,2025-11-16,2025-11-17,Standard Class,CUST-1040,Consumer,East,Norwich,Office Supplies,Art,2,3.99,0.2,6.38,-0.39
ORD-100164,2025-11-16,2025-11-18,First Class,CUST-1669,Home Office,East,Cambridge,Technology,Machines,2,1741.65,0.1,3134.97,732.47
ORD-100041,2025-11-17,2025-11-21,Second Class,CUST-1684,Corporate,West,Plymouth,Office Supplies,Labels,2,31.21,0.0,62.42,7.83
ORD-104172,2025-11-17,2025-11-19,Standard Class,CUST-2184,Home Office,West,Plymouth,Technology,Copiers,1,1729.02,0.15,1469.67,-168.31
ORD-100002,2025-11-17,2025-11-20,Standard Class,CUST-2369,Corporate,Central,Birmingham,Furniture,Bookcases,1,851.45,0.1,766.31,-16.36
ORD-104787,2025-11-17,2025-11-18,Second Class,CUST-1796,Consumer,East,Ipswich,Furniture,Furnishings,2,244.95,0.15,416.41,31.66
ORD-103157,2025-11-17,2025-11-19,Second Class,CUST-1494,Consumer,West,Cardiff,Furniture,Bookcases,1,149.71,0.1,134.74,-13.31
ORD-102775,2025-11-17,2025-11-21,Same Day,CUST-1600,Home Office,South,Southampton,Office Supplies,Storage,3,114.83,0.0,344.49,82.08
ORD-100292,2025-11-17,2025-11-23,Second Class,CUST-2492,Consumer,Central,Leicester,Office Supplies,Binders,5,73.64,0.3,257.74,30.09
ORD-101907,2025-11-17,2025-11-21,Standard Class,CUST-2466,Consumer,South,Brighton,Office Supplies,Paper,1,37.34,0.1,33.61,2.04
ORD-103107,2025-11-17,2025-11-21,Standard Class,CUST-2388,Corporate,Central,Birmingham,Office Supplies,Paper,1,114.33,0.0,114.33,11.71
ORD-106111,2025-11-17,2025-11-21,Standard Class,CUST-1748,Consumer,East,Norwich,Office Supplies,Binders,2,59.24,0.1,106.63,3.01
ORD-100771,2025-11-17,2025-11-20,Standard Class,CUST-2024,Consumer,Central,Nottingham,Furniture,Chairs,3,256.82,0.1,693.41,26.94
ORD-101818,2025-11-17,2025-11-21,First Class,CUST-1943,Home Office,Central,Coventry,Technology,Phones,2,944.9,0.1,1700.82,284.44
ORD-101409,2025-11-17,2025-11-22,Second Class,CUST-1403,Corporate,North,Leeds,Technology,Accessories,4,1415.24,0.15,4811.82,-68.02
ORD-104668,2025-11-17,2025-11-21,Second Class,CUST-1263,Corporate,North,Newcastle,Technology,Machines,4,1058.84,0.0,4235.36,1019.33
ORD-104676,2025-11-17,2025-11-24,Standard Class,CUST-2263,Consumer,Central,Nottingham,Office Supplies,Labels,3,82.65,0.5,123.97,3.35
ORD-100567,2025-11-17,2025-11-20,Standard Class,CUST-2456,Corporate,North,Manchester,Technology,Phones,1,1130.03,0.0,1130.03,114.84
ORD-102451,2025-11-17,2025-11-20,Second Class,CUST-1112,Consumer,North,Sheffield,Office Supplies,Labels,1,113.27,0.1,101.94,1.64
ORD-103143,2025-11-17,2025-11-20,Same Day,CUST-1778,Home Office,Central,Leicester,Office Supplies,Art,3,9.48,0.1,25.6,2.89
ORD-102314,2025-11-17,2025-11-23,Standard Class,CUST-1033,Consumer,South,Southampton,Office Supplies,Binders,1,10.91,0.0,10.91,0.78
ORD-104442,2025-11-17,2025-11-22,Standard Class,CUST-1105,Consumer,West,Cardiff,Office Supplies,Paper,2,61.95,0.1,111.51,1.2
ORD-105432,2025-11-17,2025-11-23,Standard Class,CUST-1512,Home Office,North,Manchester,Technology,Machines,3,836.33,0.2,2007.19,-242.12
ORD-101896,2025-11-18,2025-11-24,Standard Class,CUST-1852,Corporate,North,Leeds,Office Supplies,Paper,3,71.28,0.0,213.84,51.95
ORD-104543,2025-11-18,2025-11-24,Second Class,CUST-2422,Consumer,South,Reading,Office Supplies,Labels,6,67.52,0.1,364.61,61.31
ORD-106037,2025-11-18,2025-11-21,Standard Class,CUST-2493,Corporate,North,Newcastle,Technology,Phones,1,814.05,0.0,814.05,134.28
ORD-100424,2025-11-18,2025-11-21,Second Class,CUST-1151,Consumer,Central,Coventry,Office Supplies,Binders,3,3.86,0.1,10.42,0.33
ORD-101787,2025-11-18,2025-11-21,Second Class,CUST-1318,Corporate,North,Leeds,Furniture,Furnishings,2,135.35,0.3,189.49,-1.5
ORD-106313,2025-11-18,2025-11-23,Standard Class,CUST-1122,Consumer,Central,Leicester,Furniture,Tables,4,741.54,0.1,2669.54,184.36
ORD-102635,2025-11-18,2025-11-19,Standard Class,CUST-2124,Corporate,North,Sheffield,Technology,Accessories,1,979.39,0.15,832.48,62.57
ORD-100751,2025-11-18,2025-11-22,First Class,CUST-1496,Corporate,East,Cambridge,Technology,Machines,2,477.63,0.0,955.26,-80.53
ORD-101216,2025-11-18,2025-11-22,Standard Class,CUST-1806,Home Office,North,Manchester,Office Supplies,Storage,2,79.14,0.1,142.45,14.58
ORD-100469,2025-11-18,2025-11-19,Standard Class,CUST-1145,Corporate,East,Peterborough,Office Supplies,Paper,1,40.45,0.2,32.36,5.52
ORD-104428,2025-11-18,2025-11-22,First Class,CUST-1105,Consumer,West,Cardiff,Technology,Copiers,4,1439.63,0.1,5182.67,-107.17
ORD-102181,2025-11-18,2025-11-21,Standard Class,CUST-2448,Consumer,East,Peterborough,Furniture,Furnishings,1,673.14,0.3,471.2,-99.84
ORD-100818,2025-11-18,2025-11-24,Standard Class,CUST-2044,Consumer,East,Ipswich,Technology,Phones,4,731.73,0.0,2926.92,638.9
ORD-106214,2025-11-18,2025-11-24,Standard Class,CUST-1987,Consumer,East,Norwich,Technology,Machines,4,1189.06,0.0,4756.24,-458.39
ORD-102608,2025-11-18,2025-11-22,Same Day,CUST-2412,Consumer,West,Exeter,Furniture,Furnishings,1,566.54,0.2,453.23,17.44
ORD-102023,2025-11-18,2025-11-24,Standard Class,CUST-1757,Home Office,South,Brighton,Furniture,Chairs,3,743.28,0.3,1560.89,-259.73
ORD-102022,2025-11-18,2025-11-20,Standard Class,CUST-2348,Corporate,East,Cambridge,Office Supplies,Storage,1,35.83,0.15,30.46,5.28
ORD-100399,2025-11-18,2025-11-21,Standard Class,CUST-1996,Home Office,East,Cambridge,Furniture,Bookcases,1,548.65,0.2,438.92,-33.59
ORD-104932,2025-11-18,2025-11-20,First Class,CUST-2113,Consumer,Central,Coventry,Technology,Phones,1,594.62,0.3,416.23,-12.26
ORD-103255,2025-11-19,2025-11-22,Standard Class,CUST-1585,Corporate,West,Cardiff,Technology,Accessories,1,1332.09,0.2,1065.67,-87.04
ORD-103027,2025-11-19,2025-11-22,First Class,CUST-1934,Home Office,North,Manchester,Technology,Phones,1,1738.71,0.3,1217.1,138.76
ORD-102715,2025-11-19,2025-11-21,Standard Class,CUST-1889,Home Office,North,Sheffield,Office Supplies,Art,1,23.84,0.0,23.84,2.69
ORD-103090,2025-11-19,2025-11-24,Second Class,CUST-1664,Home Office,North,Newcastle,Furniture,Tables,1,376.21,0.0,376.21,-5.15
ORD-104726,2025-11-19,2025-11-21,Standard Class,CUST-2030,Consumer,East,Peterborough,Furniture,Bookcases,1,858.24,0.1,772.42,-64.52
ORD-105106,2025-11-19,2025-11-24,First Class,CUST-1816,Consumer,East,Cambridge,Office Supplies,Binders,1,92.39,0.3,64.67,-3.37
ORD-100065,2025-11-19,2025-11-25,Standard Class,CUST-2328,Consumer,East,Peterborough,Office Supplies,Binders,2,96.57,0.0,193.14,36.79
ORD-102569,2025-11-19,2025-11-25,Standard Class,CUST-2224,Consumer,South,Brighton,Office Supplies,Binders,4,102.26,0.2,327.23,36.43
ORD-104501,2025-11-19,2025-11-22,First Class,CUST-2082,Home Office,North,Manchester,Technology,Phones,2,120.72,0.1,217.3,-14.36
ORD-100178,2025-11-19,2025-11-20,Standard Class,CUST-1381,Consumer,North,Leeds,Technology,Copiers,4,1040.39,0.1,3745.4,-159.57
ORD-104325,2025-11-19,2025-11-23,Second Class,CUST-1126,Corporate,East,Ipswich,Technology,Machines,1,891.42,0.0,891.42,92.52
ORD-103069,2025-11-19,2025-11-21,Standard Class,CUST-1516,Home Office,North,Sheffield,Furniture,Tables,2,676.69,0.0,1353.38,145.36
ORD-100188,2025-11-19,2025-11-20,Standard Class,CUST-1200,Home Office,West,Plymouth,Office Supplies,Paper,5,39.73,0.3,139.06,7.08
ORD-105530,2025-11-19,2025-11-23,Standard Class,CUST-2292,Consumer,South,Portsmouth,Technology,Copiers,4,1013.17,0.3,2836.88,-6.08
ORD-105700,2025-11-19,2025-11-22,First Class,CUST-1136,Home Office,West,Bristol,Furniture,Bookcases,2,272.32,0.1,490.18,-37.85
ORD-105748,2025-11-19,2025-11-20,Standard Class,CUST-1931,Consumer,Central,Birmingham,Furniture,Furnishings,1,787.41,0.0,787.41,-8.12
ORD-100674,2025-11-20,2025-11-23,Standard Class,CUST-1782,Consumer,North,Manchester,Office Supplies,Storage,2,67.84,0.1,122.11,24.68
ORD-102445,2025-11-20,2025-11-24,Standard Class,CUST-2102,Corporate,East,Cambridge,Furniture,Chairs,1,76.39,0.0,76.39,-3.29
ORD-100639,2025-11-20,2025-11-27,Standard Class,CUST-1508,Consumer,Central,Birmingham,Office Supplies,Binders,3,117.5,0.2,282.0,58.83
ORD-104148,2025-11-20,2025-11-24,Standard Class,CUST-1191,Corporate,West,Bristol,Technology,Accessories,2,985.86,0.4,1183.03,38.5
ORD-103818,2025-11-20,2025-11-24,Standard Class,CUST-1371,Corporate,East,Ipswich,Technology,Copiers,1,636.35,0.2,509.08,45.84
ORD-101030,2025-11-20,2025-11-21,Standard Class,CUST-2373,Consumer,East,Ipswich,Office Supplies,Binders,3,24.85,0.1,67.09,19.18
ORD-100592,2025-11-20,2025-11-26,Standard Class,CUST-1549,Corporate,South,Southampton,Technology,Machines,1,580.9,0.0,580.9,151.48
ORD-101975,2025-11-20,2025-11-23,Second Class,CUST-1942,Consumer,Central,Nottingham,Office Supplies,Binders,2,18.05,0.3,25.27,-0.04
ORD-105826,2025-11-20,2025-11-27,Standard Class,CUST-1146,Consumer,West,Plymouth,Office Supplies,Storage,4,64.35,0.0,257.4,48.14
ORD-105578,2025-11-20,2025-11-21,First Class,CUST-2026,Corporate,Central,Birmingham,Furniture,Chairs,1,656.81,0.0,656.81,54.25
ORD-104808,2025-11-20,2025-11-22,Standard Class,CUST-2132,Home Office,East,Peterborough,Office Supplies,Paper,2,43.14,0.0,86.28,14.09
ORD-105238,2025-11-20,2025-11-24,First Class,CUST-1190,Corporate,South,Southampton,Furniture,Bookcases,1,236.07,0.1,212.46,6.46
ORD-100085,2025-11-20,2025-11-27,Standard Class,CUST-1634,Corporate,Central,Leicester,Furniture,Furnishings,4,782.51,0.1,2817.04,-56.43
ORD-102565,2025-11-20,2025-11-26,Second Class,CUST-2349,Consumer,Central,Leicester,Office Supplies,Binders,1,114.76,0.15,97.55,22.4
ORD-106360,2025-11-20,2025-11-23,Standard Class,CUST-2399,Corporate,West,Cardiff,Office Supplies,Binders,4,11.79,0.0,47.16,11.56
ORD-102989,2025-11-20,2025-11-22,Standard Class,CUST-1680,Corporate,South,Southampton,Office Supplies,Storage,6,82.44,0.2,395.71,-4.87
ORD-106434,2025-11-21,2025-11-25,Second Class,CUST-1952,Consumer,West,Plymouth,Office Supplies,Storage,1,118.57,0.0,118.57,31.67
ORD-101735,2025-11-21,2025-11-25,Second Class,CUST-1616,Consumer,East,Norwich,Technology,Accessories,1,882.13,0.1,793.92,-28.57
ORD-103802,2025-11-21,2025-11-25,Same Day,CUST-2321,Consumer,East,Cambridge,Office Supplies,Labels,4,35.62,0.3,99.74,8.58
ORD-106005,2025-11-21,2025-11-23,First Class,CUST-1630,Corporate,East,Ipswich,Office Supplies,Art,1,101.61,0.0,101.61,35.13
ORD-101751,2025-11-21,2025-11-26,Second Class,CUST-1578,Corporate,East,Cambridge,Furniture,Bookcases,3,374.92,0.1,1012.28,-63.0
ORD-102943,2025-11-21,2025-11-28,Second Class,CUST-1943,Consumer,South,Reading,Furniture,Tables,3,408.03,0.4,734.45,-82.07
ORD-102269,2025-11-21,2025-11-26,Standard Class,CUST-1372,Consumer,South,Southampton,Technology,Copiers,1,1033.27,0.0,1033.27,212.71
ORD-103483,2025-11-21,2025-11-23,Second Class,CUST-2185,Consumer,South,Southampton,Technology,Phones,1,430.05,0.15,365.54,-40.61
ORD-103608,2025-11-21,2025-11-25,Standard Class,CUST-1153,Consumer,West,Bristol,Technology,Phones,5,710.04,0.2,2840.16,499.33
ORD-105475,2025-11-21,2025-11-26,Second Class,CUST-1707,Consumer,West,Exeter,Furniture,Tables,1,281.25,0.0,281.25,41.53
ORD-104486,2025-11-21,2025-11-26,Second Class,CUST-1354,Home Office,West,Plymouth,Furniture,Tables,2,686.21,0.1,1235.18,-31.74
ORD-101477,2025-11-21,2025-11-25,Second Class,CUST-1996,Consumer,North,Sheffield,Office Supplies,Storage,3,58.33,0.0,174.99,47.69
ORD-106284,2025-11-21,2025-11-28,First Class,CUST-1921,Corporate,East,Norwich,Technology,Phones,4,1735.62,0.1,6248.23,-474.37
ORD-103250,2025-11-21,2025-11-25,Standard Class,CUST-2000,Consumer,East,Ipswich,Technology,Copiers,5,316.87,0.2,1267.48,-185.24
ORD-100028,2025-11-21,2025-11-25,Standard Class,CUST-1089,Consumer,West,Cardiff,Technology,Copiers,2,94.16,0.15,160.07,-8.86
ORD-103630,2025-11-21,2025-11-26,Standard Class,CUST-1298,Home Office,West,Cardiff,Technology,Phones,1,262.47,0.0,262.47,22.43
ORD-103320,2025-11-22,2025-11-24,Standard Class,CUST-1285,Corporate,North,Leeds,Technology,Copiers,2,1656.77,0.2,2650.83,-221.57
ORD-102689,2025-11-22,2025-11-26,Standard Class,CUST-2283,Consumer,East,Norwich,Furniture,Chairs,2,296.92,0.1,534.46,14.12
ORD-100369,2025-11-22,2025-11-25,First Class,CUST-1247,Home Office,East,Ipswich,Technology,Phones,1,1406.03,0.1,1265.43,298.05
ORD-100724,2025-11-22,2025-11-24,First Class,CUST-1538,Corporate,South,Reading,Office Supplies,Storage,3,60.68,0.2,145.63,31.2
ORD-105231,2025-11-22,2025-11-27,Standard Class,CUST-2486,Consumer,West,Plymouth,Office Supplies,Storage,1,15.14,0.0,15.14,5.15
ORD-104615,2025-11-22,2025-11-25,Second Class,CUST-2060,Consumer,North,Sheffield,Technology,Copiers,4,657.18,0.2,2102.98,30.16
ORD-101614,2025-11-22,2025-11-28,Standard Class,CUST-2481,Corporate,West,Cardiff,Office Supplies,Labels,1,16.47,0.0,16.47,4.86
ORD-101290,2025-11-22,2025-11-27,Standard Class,CUST-2345,Corporate,South,Portsmouth,Technology,Copiers,3,1556.95,0.0,4670.85,374.05
ORD-102405,2025-11-22,2025-11-26,Standard Class,CUST-1144,Corporate,East,Cambridge,Office Supplies,Storage,1,35.23,0.1,31.71,2.83
ORD-102817,2025-11-22,2025-11-24,Same Day,CUST-2368,Consumer,North,Leeds,Office Supplies,Labels,3,99.18,0.0,297.54,20.2
ORD-103456,2025-11-22,2025-11-28,Second Class,CUST-1260,Consumer,Central,Birmingham,Office Supplies,Art,1,28.75,0.0,28.75,6.71
ORD-106253,2025-11-23,2025-11-25,Standard Class,CUST-1351,Corporate,East,Norwich,Office Supplies,Art,2,98.12,0.0,196.24,40.16
ORD-101371,2025-11-23,2025-11-27,Second Class,CUST-2349,Corporate,East,Peterborough,Office Supplies,Paper,1,69.72,0.1,62.75,12.22
ORD-103365,2025-11-23,2025-11-26,Standard Class,CUST-2404,Consumer,Central,Coventry,Furniture,Chairs,5,286.86,0.0,1434.3,88.41
ORD-103439,2025-11-23,2025-11-27,Standard Class,CUST-1926,Corporate,West,Bristol,Technology,Accessories,5,419.22,0.0,2096.1,579.48
ORD-105313,2025-11-23,2025-11-25,Standard Class,CUST-1359,Home Office,West,Bristol,Office Supplies,Labels,1,42.35,0.0,42.35,8.1
ORD-102010,2025-11-23,2025-11-30,First Class,CUST-1146,Corporate,Central,Coventry,Technology,Phones,1,834.52,0.2,667.62,8.89
ORD-104996,2025-11-23,2025-11-26,Standard Class,CUST-1277,Consumer,North,Newcastle,Technology,Machines,1,167.39,0.15,142.28,6.29
ORD-101931,2025-11-23,2025-11-25,Standard Class,CUST-1679,Consumer,West,Bristol,Technology,Copiers,1,524.51,0.3,367.16,24.18
ORD-103336,2025-11-23,2025-11-27,Same Day,CUST-1509,Corporate,West,Exeter,Office Supplies,Labels,1,35.4,0.15,30.09,-0.81
ORD-100927,2025-11-23,2025-11-26,Standard Class,CUST-2389,Consumer,West,Bristol,Technology,Copiers,1,1431.19,0.1,1288.07,-157.95
ORD-105279,2025-11-23,2025-11-28,Same Day,CUST-1672,Home Office,West,Bristol,Technology,Machines,1,876.38,0.0,876.38,75.45
ORD-106169,2025-11-23,2025-11-26,Second Class,CUST-1421,Home Office,West,Cardiff,Office Supplies,Art,1,78.4,0.0,78.4,12.14
ORD-106261,2025-11-23,2025-11-27,Standard Class,CUST-1592,Home Office,North,Manchester,Office Supplies,Binders,1,8.25,0.1,7.42,2.05
ORD-105324,2025-11-23,2025-11-24,First Class,CUST-1220,Consumer,South,Portsmouth,Technology,Phones,1,1419.51,0.0,1419.51,165.32
ORD-101381,2025-11-23,2025-11-26,Standard Class,CUST-2085,Consumer,East,Ipswich,Technology,Accessories,3,1052.95,0.0,3158.85,-111.98
ORD-102752,2025-11-23,2025-11-26,Standard Class,CUST-1367,Corporate,South,Southampton,Furniture,Chairs,1,350.29,0.15,297.75,-19.82
ORD-104776,2025-11-23,2025-11-27,Second Class,CUST-1676,Corporate,East,Norwich,Office Supplies,Art,1,111.81,0.4,67.09,-4.77
ORD-106189,2025-11-24,2025-11-26,Standard Class,CUST-1018,Consumer,South,Reading,Technology,Phones,4,549.05,0.0,2196.2,-108.94
ORD-103899,2025-11-24,2025-11-29,Standard Class,CUST-1360,Consumer,North,Manchester,Technology,Phones,2,98.67,0.1,177.61,13.52
ORD-105440,2025-11-24,2025-11-27,Standard Class,CUST-1628,Consumer,East,Peterborough,Office Supplies,Storage,2,36.97,0.1,66.55,0.98
ORD-102453,2025-11-24,2025-11-27,Standard Class,CUST-1921,Home Office,Central,Coventry,Furniture,Furnishings,1,414.42,0.15,352.26,3.15
ORD-101113,2025-11-24,2025-11-28,First Class,CUST-1403,Home Office,West,Cardiff,Furniture,Chairs,4,444.93,0.0,1779.72,112.51
ORD-101519,2025-11-24,2025-11-25,Second Class,CUST-1274,Consumer,North,Leeds,Office Supplies,Storage,1,42.0,0.2,33.6,0.18
ORD-105550,2025-11-24,2025-11-29,Standard Class,CUST-1625,Consumer,South,Reading,Furniture,Furnishings,1,466.47,0.15,396.5,-51.28
ORD-104027,2025-11-24,2025-11-27,First Class,CUST-1704,Consumer,Central,Birmingham,Furniture,Furnishings,4,886.82,0.0,3547.28,460.85
ORD-102353,2025-11-24,2025-11-27,Second Class,CUST-1073,Corporate,South,Portsmouth,Office Supplies,Paper,1,65.35,0.15,55.55,0.88
ORD-105336,2025-11-24,2025-11-25,Second Class,CUST-1928,Corporate,Central,Coventry,Technology,Accessories,4,182.17,0.15,619.38,-59.96
ORD-103094,2025-11-24,2025-11-29,First Class,CUST-2109,Corporate,South,Portsmouth,Furniture,Bookcases,1,455.55,0.2,364.44,-54.63
ORD-100636,2025-11-25,2025-11-27,Standard Class,CUST-1490,Consumer,Central,Birmingham,Technology,Accessories,3,1639.77,0.5,2459.66,-789.03
ORD-102986,2025-11-25,2025-11-28,Second Class,CUST-1892,Consumer,West,Plymouth,Office Supplies,Storage,5,89.74,0.1,403.83,23.88
ORD-103048,2025-11-25,2025-11-30,Standard Class,CUST-2421,Consumer,East,Peterborough,Furniture,Chairs,2,348.58,0.5,348.58,-95.05
ORD-103205,2025-11-25,2025-11-26,Standard Class,CUST-2497,Corporate,West,Exeter,Office Supplies,Storage,1,23.55,0.3,16.48,1.35
ORD-103828,2025-11-25,2025-11-29,First Class,CUST-1255,Consumer,North,Newcastle,Furniture,Tables,2,397.43,0.15,675.63,-63.68
ORD-102875,2025-11-25,2025-11-28,Standard Class,CUST-1260,Consumer,North,Sheffield,Furniture,Chairs,4,313.23,0.3,877.04,-158.0
ORD-100318,2025-11-25,2025-11-30,First Class,CUST-1787,Consumer,North,Manchester,Technology,Copiers,1,850.97,0.0,850.97,-57.32
ORD-100063,2025-11-25,2025-11-26,Standard Class,CUST-1875,Home Office,South,Portsmouth,Office Supplies,Paper,1,89.29,0.1,80.36,4.61
ORD-103008,2025-11-25,2025-11-29,Standard Class,CUST-2399,Consumer,South,Southampton,Technology,Accessories,1,650.88,0.0,650.88,86.82
ORD-104480,2025-11-25,2025-12-01,First Class,CUST-2001,Consumer,South,Reading,Technology,Copiers,2,895.51,0.15,1522.37,-185.13
ORD-100149,2025-11-25,2025-11-28,Standard Class,CUST-1593,Consumer,East,Ipswich,Office Supplies,Storage,2,68.6,0.15,116.62,19.0
ORD-101228,2025-11-25,2025-12-01,Standard Class,CUST-2353,Consumer,West,Exeter,Furniture,Furnishings,2,276.76,0.0,553.52,65.36
ORD-102887,2025-11-25,2025-11-29,Standard Class,CUST-2418,Consumer,West,Plymouth,Furniture,Furnishings,3,158.23,0.0,474.69,33.92
ORD-104806,2025-11-25,2025-11-29,Second Class,CUST-1867,Consumer,North,Leeds,Furniture,Tables,3,808.33,0.0,2424.99,125.12
ORD-102584,2025-11-25,2025-11-30,Standard Class,CUST-1926,Corporate,North,Sheffield,Office Supplies,Art,3,81.86,0.0,245.58,73.01
ORD-100799,2025-11-25,2025-11-30,Second Class,CUST-1449,Consumer,North,Manchester,Technology,Accessories,1,952.21,0.0,952.21,25.37
ORD-102809,2025-11-25,2025-11-29,First Class,CUST-2260,Home Office,South,Brighton,Office Supplies,Art,6,24.89,0.3,104.54,3.98
ORD-104410,2025-11-25,2025-11-30,Standard Class,CUST-1054,Corporate,North,Newcastle,Technology,Machines,6,1121.58,0.15,5720.06,866.24
ORD-100711,2025-11-25,2025-11-29,Standard Class,CUST-2148,Home Office,East,Peterborough,Office Supplies,Paper,3,51.09,0.0,153.27,26.39
ORD-105864,2025-11-25,2025-12-01,Standard Class,CUST-1144,Consumer,West,Exeter,Office Supplies,Storage,1,105.77,0.0,105.77,29.01
ORD-106177,2025-11-26,2025-11-27,Same Day,CUST-1126,Corporate,North,Leeds,Office Supplies,Paper,3,73.06,0.0,219.18,22.97
ORD-100501,2025-11-26,2025-11-28,First Class,CUST-2357,Home Office,East,Peterborough,Office Supplies,Binders,3,86.5,0.0,259.5,64.11
ORD-102400,2025-11-26,2025-11-30,First Class,CUST-1679,Corporate,South,Southampton,Office Supplies,Binders,4,85.42,0.15,290.43,-6.68
ORD-100217,2025-11-26,2025-11-27,Standard Class,CUST-1477,Corporate,West,Bristol,Technology,Accessories,5,1741.52,0.0,8707.6,2104.53
ORD-105645,2025-11-26,2025-11-28,Second Class,CUST-1617,Consumer,South,Brighton,Office Supplies,Art,3,108.62,0.0,325.86,58.53
ORD-100371,2025-11-26,2025-11-29,Standard Class,CUST-1610,Consumer,West,Exeter,Technology,Accessories,1,357.15,0.1,321.44,-13.97
ORD-102694,2025-11-26,2025-12-01,Standard Class,CUST-2430,Corporate,East,Peterborough,Office Supplies,Art,5,92.38,0.0,461.9,56.23
ORD-103761,2025-11-26,2025-11-28,Standard Class,CUST-2396,Home Office,East,Ipswich,Office Supplies,Art,4,33.06,0.0,132.24,11.28
ORD-104257,2025-11-26,2025-11-30,Standard Class,CUST-1072,Consumer,East,Ipswich,Technology,Copiers,1,1251.66,0.5,625.83,-172.97
ORD-103783,2025-11-26,2025-11-28,Standard Class,CUST-2392,Home Office,Central,Coventry,Technology,Copiers,3,819.62,0.2,1967.09,-249.94
ORD-101671,2025-11-26,2025-12-01,Standard Class,CUST-1739,Corporate,West,Exeter,Technology,Machines,2,482.0,0.1,867.6,-41.38
ORD-105614,2025-11-26,2025-11-30,Second Class,CUST-1962,Home Office,Central,Leicester,Technology,Phones,1,1253.94,0.15,1065.85,-40.45
ORD-104818,2025-11-26,2025-12-01,First Class,CUST-1311,Consumer,South,Brighton,Furniture,Chairs,2,76.19,0.0,152.38,19.89
ORD-102260,2025-11-26,2025-11-29,Standard Class,CUST-2048,Consumer,South,Brighton,Technology,Machines,1,701.69,0.0,701.69,30.11
ORD-100616,2025-11-26,2025-11-30,Standard Class,CUST-1415,Corporate,North,Manchester,Office Supplies,Binders,1,51.08,0.15,43.42,7.54
ORD-106157,2025-11-26,2025-11-29,First Class,CUST-1544,Home Office,South,Brighton,Office Supplies,Binders,1,37.16,0.0,37.16,5.3
ORD-100977,2025-11-27,2025-12-01,Standard Class,CUST-1766,Consumer,South,Reading,Office Supplies,Binders,2,14.2,0.0,28.4,2.15
ORD-102424,2025-11-27,2025-11-29,Same Day,CUST-1422,Corporate,West,Exeter,Technology,Machines,2,822.71,0.0,1645.42,-99.48
ORD-106454,2025-11-27,2025-12-02,Standard Class,CUST-1920,Corporate,Central,Birmingham,Furniture,Chairs,1,190.26,0.0,190.26,18.91
ORD-101166,2025-11-27,2025-12-02,First Class,CUST-1799,Consumer,East,Norwich,Office Supplies,Labels,1,66.53,0.0,66.53,8.74
ORD-104122,2025-11-27,2025-12-02,Second Class,CUST-1994,Corporate,West,Cardiff,Office Supplies,Art,3,81.71,0.15,208.36,-3.72
ORD-104426,2025-11-27,2025-12-03,Standard Class,CUST-2454,Home Office,South,Portsmouth,Technology,Machines,1,1656.22,0.0,1656.22,477.16
ORD-102447,2025-11-27,2025-11-30,Standard Class,CUST-1242,Home Office,North,Newcastle,Technology,Phones,1,1182.74,0.4,709.64,-156.24
ORD-102488,2025-11-27,2025-11-30,Standard Class,CUST-1370,Corporate,South,Brighton,Furniture,Tables,1,416.52,0.0,416.52,35.88
ORD-106090,2025-11-27,2025-11-30,Standard Class,CUST-1752,Corporate,North,Manchester,Technology,Machines,1,640.93,0.15,544.79,22.49
ORD-100893,2025-11-27,2025-11-30,Standard Class,CUST-1160,Consumer,West,Bristol,Technology,Phones,4,994.19,0.1,3579.08,-496.29
ORD-104282,2025-11-27,2025-11-29,Standard Class,CUST-1339,Consumer,West,Bristol,Office Supplies,Art,3,103.78,0.5,155.67,-4.76
ORD-101707,2025-11-27,2025-12-01,First Class,CUST-1152,Corporate,East,Ipswich,Office Supplies,Art,6,85.55,0.1,461.97,0.58
ORD-104184,2025-11-27,2025-11-30,Standard Class,CUST-1003,Home Office,East,Cambridge,Technology,Phones,3,461.09,0.1,1244.94,-134.62
ORD-105031,2025-11-27,2025-11-30,Second Class,CUST-2441,Consumer,South,Portsmouth,Furniture,Tables,1,437.8,0.2,350.24,18.63
ORD-103942,2025-11-27,2025-12-02,Standard Class,CUST-1725,Consumer,North,Manchester,Furniture,Tables,3,70.39,0.0,211.17,1.86
ORD-102895,2025-11-28,2025-11-30,Standard Class,CUST-1005,Consumer,West,Cardiff,Furniture,Tables,1,155.62,0.0,155.62,16.79
ORD-105007,2025-11-28,2025-12-02,Second Class,CUST-1517,Home Office,Central,Birmingham,Technology,Copiers,1,1147.22,0.1,1032.5,41.02
ORD-106390,2025-11-28,2025-12-03,Second Class,CUST-1398,Consumer,East,Cambridge,Furniture,Chairs,1,479.68,0.0,479.68,-4.11
ORD-101412,2025-11-28,2025-12-01,Same Day,CUST-1106,Consumer,East,Cambridge,Office Supplies,Labels,1,16.06,0.1,14.45,2.71
ORD-106339,2025-11-28,2025-11-29,Same Day,CUST-2357,Corporate,North,Sheffield,Technology,Accessories,2,633.59,0.0,1267.18,272.51
ORD-106282,2025-11-28,2025-12-04,Standard Class,CUST-1101,Corporate,Central,Birmingham,Office Supplies,Art,1,95.25,0.0,95.25,33.2
ORD-102114,2025-11-28,2025-12-01,Standard Class,CUST-1289,Corporate,East,Norwich,Furniture,Furnishings,1,558.5,0.2,446.8,-43.85
ORD-101411,2025-11-29,2025-12-05,Standard Class,CUST-1670,Consumer,North,Sheffield,Office Supplies,Storage,3,22.22,0.3,46.66,-0.91
ORD-106202,2025-11-29,2025-12-02,Standard Class,CUST-2262,Consumer,North,Manchester,Technology,Machines,1,427.26,0.0,427.26,120.55
ORD-104316,2025-11-29,2025-12-03,Standard Class,CUST-2178,Corporate,North,Sheffield,Office Supplies,Binders,2,19.32,0.15,32.84,6.06
ORD-103757,2025-11-30,2025-12-03,First Class,CUST-1867,Consumer,Central,Coventry,Office Supplies,Paper,2,24.05,0.1,43.29,5.76
ORD-105956,2025-11-30,2025-12-07,Standard Class,CUST-1633,Corporate,Central,Leicester,Office Supplies,Labels,3,81.52,0.5,122.28,1.63
ORD-102151,2025-11-30,2025-12-03,Second Class,CUST-1075,Home Office,South,Portsmouth,Technology,Phones,1,1420.56,0.1,1278.5,183.14
ORD-103698,2025-11-30,2025-12-02,First Class,CUST-2084,Consumer,East,Ipswich,Technology,Machines,1,1583.66,0.15,1346.11,78.64
ORD-105512,2025-11-30,2025-12-03,Standard Class,CUST-1417,Consumer,North,Leeds,Office Supplies,Art,2,41.89,0.0,83.78,8.67
ORD-103564,2025-12-01,2025-12-02,Second Class,CUST-1893,Corporate,South,Brighton,Furniture,Furnishings,2,401.25,0.0,802.5,26.49
ORD-104871,2025-12-01,2025-12-02,Second Class,CUST-1819,Consumer,North,Leeds,Office Supplies,Labels,2,30.69,0.1,55.24,5.55
ORD-101090,2025-12-01,2025-12-05,Standard Class,CUST-2120,Consumer,East,Ipswich,Technology,Accessories,2,1557.44,0.0,3114.88,-292.69
ORD-106315,2025-12-01,2025-12-06,Standard Class,CUST-1704,Corporate,Central,Leicester,Furniture,Bookcases,5,760.2,0.0,3801.0,-32.43
ORD-100166,2025-12-01,2025-12-04,First Class,CUST-1587,Home Office,Central,Coventry,Technology,Copiers,3,582.46,0.0,1747.38,397.88
ORD-101689,2025-12-01,2025-12-06,Standard Class,CUST-2117,Corporate,West,Bristol,Furniture,Bookcases,1,650.71,0.0,650.71,103.81
ORD-100922,2025-12-01,2025-12-06,Second Class,CUST-1569,Corporate,East,Norwich,Technology,Copiers,3,1270.15,0.15,3238.88,-26.68
ORD-102205,2025-12-01,2025-12-05,Standard Class,CUST-1358,Consumer,East,Ipswich,Office Supplies,Storage,1,41.47,0.5,20.73,-3.79
ORD-101779,2025-12-01,2025-12-05,Standard Class,CUST-1471,Corporate,North,Manchester,Office Supplies,Paper,3,32.1,0.2,77.04,0.9
ORD-104866,2025-12-01,2025-12-02,Standard Class,CUST-1505,Consumer,East,Peterborough,Furniture,Chairs,3,463.52,0.15,1181.98,2.47
ORD-105921,2025-12-01,2025-12-03,Same Day,CUST-2005,Corporate,Central,Nottingham,Technology,Machines,1,1678.44,0.3,1174.91,37.21
ORD-102473,2025-12-01,2025-12-03,Second Class,CUST-1656,Home Office,West,Cardiff,Office Supplies,Binders,1,80.93,0.15,68.79,13.0
ORD-103514,2025-12-01,2025-12-05,Standard Class,CUST-1495,Corporate,East,Cambridge,Office Supplies,Storage,4,78.34,0.15,266.36,20.29
ORD-100271,2025-12-02,2025-12-08,Standard Class,CUST-2167,Consumer,East,Peterborough,Furniture,Bookcases,2,131.03,0.15,222.75,13.95
ORD-105820,2025-12-02,2025-12-07,Standard Class,CUST-1202,Consumer,South,Southampton,Furniture,Furnishings,3,805.41,0.0,2416.23,318.77
ORD-105583,2025-12-02,2025-12-05,Standard Class,CUST-1990,Consumer,North,Leeds,Furniture,Chairs,3,119.24,0.0,357.72,2.51
ORD-105037,2025-12-02,2025-12-07,Standard Class,CUST-1987,Consumer,South,Reading,Technology,Machines,2,864.85,0.0,1729.7,200.78
ORD-104412,2025-12-02,2025-12-08,Standard Class,CUST-1838,Consumer,West,Cardiff,Furniture,Tables,2,442.9,0.0,885.8,-21.2
ORD-100320,2025-12-02,2025-12-08,Standard Class,CUST-1163,Consumer,East,Peterborough,Technology,Phones,3,1622.97,0.2,3895.13,196.88
ORD-102985,2025-12-02,2025-12-04,Standard Class,CUST-1639,Consumer,North,Sheffield,Technology,Accessories,1,1222.55,0.0,1222.55,-97.91
ORD-100364,2025-12-02,2025-12-05,Same Day,CUST-1501,Corporate,West,Cardiff,Office Supplies,Art,2,44.79,0.0,89.58,18.47
ORD-102228,2025-12-02,2025-12-06,Standard Class,CUST-1304,Consumer,South,Portsmouth,Office Supplies,Labels,2,118.46,0.1,213.23,45.77
ORD-100937,2025-12-02,2025-12-07,Standard Class,CUST-1050,Consumer,East,Ipswich,Office Supplies,Art,5,95.78,0.1,431.01,79.32
ORD-103794,2025-12-02,2025-12-06,Standard Class,CUST-1860,Corporate,South,Portsmouth,Office Supplies,Art,3,80.91,0.0,242.73,19.69
ORD-101227,2025-12-02,2025-12-09,Standard Class,CUST-2077,Corporate,North,Leeds,Furniture,Furnishings,3,815.39,0.2,1956.94,-12.65
ORD-103623,2025-12-02,2025-12-04,Standard Class,CUST-1600,Consumer,West,Exeter,Furniture,Chairs,3,328.23,0.0,984.69,-44.14
ORD-104701,2025-12-02,2025-12-04,Same Day,CUST-1956,Corporate,East,Norwich,Office Supplies,Binders,5,116.5,0.0,582.5,73.93
ORD-100734,2025-12-02,2025-12-07,Second Class,CUST-2173,Home Office,North,Leeds,Office Supplies,Art,1,40.29,0.1,36.26,6.45
ORD-104587,2025-12-02,2025-12-06,Standard Class,CUST-1941,Home Office,West,Cardiff,Technology,Copiers,5,1716.96,0.4,5150.88,-1296.98
ORD-104544,2025-12-02,2025-12-04,Standard Class,CUST-2145,Consumer,Central,Birmingham,Technology,Phones,6,150.76,0.2,723.65,-61.46
ORD-102293,2025-12-02,2025-12-09,First Class,CUST-2422,Consumer,South,Reading,Office Supplies,Paper,1,38.74,0.0,38.74,13.17
ORD-106346,2025-12-02,2025-12-06,Second Class,CUST-1417,Consumer,West,Bristol,Furniture,Furnishings,4,881.38,0.4,2115.31,-407.73
ORD-100431,2025-12-02,2025-12-06,First Class,CUST-1127,Home Office,East,Ipswich,Technology,Copiers,3,158.62,0.0,475.86,-38.2
ORD-105178,2025-12-02,2025-12-06,Standard Class,CUST-1103,Corporate,South,Portsmouth,Furniture,Bookcases,2,681.24,0.0,1362.48,98.84
ORD-103055,2025-12-02,2025-12-07,Standard Class,CUST-1538,Home Office,East,Peterborough,Technology,Accessories,2,1238.47,0.0,2476.94,673.33
ORD-101169,2025-12-02,2025-12-05,Standard Class,CUST-1480,Consumer,North,Newcastle,Office Supplies,Labels,3,6.4,0.15,16.32,0.04
ORD-105096,2025-12-02,2025-12-05,First Class,CUST-1966,Consumer,East,Cambridge,Furniture,Furnishings,3,520.87,0.2,1250.09,73.07
ORD-104065,2025-12-02,2025-12-06,Same Day,CUST-1053,Home Office,South,Portsmouth,Office Supplies,Binders,6,20.28,0.1,109.51,18.12
ORD-104483,2025-12-02,2025-12-05,Standard Class,CUST-2449,Consumer,East,Cambridge,Furniture,Bookcases,4,689.85,0.2,2207.52,-195.73
ORD-103763,2025-12-02,2025-12-09,Standard Class,CUST-1718,Consumer,West,Bristol,Furniture,Bookcases,3,196.73,0.1,531.17,27.02
ORD-101129,2025-12-03,2025-12-07,First Class,CUST-1719,Consumer,East,Norwich,Furniture,Chairs,3,293.67,0.1,792.91,67.17
ORD-105296,2025-12-03,2025-12-05,First Class,CUST-1579,Consumer,East,Norwich,Furniture,Tables,1,552.35,0.3,386.64,-14.76
ORD-106422,2025-12-03,2025-12-06,First Class,CUST-2214,Home Office,West,Plymouth,Office Supplies,Art,1,99.56,0.0,99.56,32.94
ORD-102436,2025-12-03,2025-12-05,Standard Class,CUST-1886,Consumer,West,Cardiff,Furniture,Tables,1,663.88,0.1,597.49,12.64
ORD-104406,2025-12-03,2025-12-07,Standard Class,CUST-1329,Home Office,West,Exeter,Technology,Copiers,1,209.83,0.0,209.83,-19.82
ORD-106401,2025-12-03,2025-12-06,Standard Class,CUST-2499,Consumer,North,Manchester,Office Supplies,Paper,1,69.42,0.15,59.01,5.74
ORD-102814,2025-12-03,2025-12-10,Standard Class,CUST-1026,Consumer,North,Sheffield,Technology,Copiers,6,1188.68,0.5,3566.04,-736.52
ORD-105708,2025-12-03,2025-12-07,Standard Class,CUST-1692,Home Office,East,Ipswich,Office Supplies,Binders,5,6.47,0.2,25.88,5.11
ORD-104644,2025-12-03,2025-12-06,Second Class,CUST-1009,Consumer,East,Peterborough,Technology,Machines,1,1495.78,0.2,1196.62,-4.29
ORD-104903,2025-12-03,2025-12-10,Standard Class,CUST-1456,Corporate,South,Reading,Office Supplies,Art,3,100.57,0.0,301.71,87.79
ORD-103056,2025-12-03,2025-12-06,Second Class,CUST-1178,Consumer,West,Cardiff,Technology,Phones,1,486.45,0.2,389.16,0.34
ORD-104630,2025-12-03,2025-12-06,Second Class,CUST-1823,Consumer,East,Norwich,Technology,Phones,1,809.02,0.2,647.22,28.37
ORD-103748,2025-12-03,2025-12-07,First Class,CUST-2342,Corporate,North,Sheffield,Office Supplies,Binders,5,9.38,0.0,46.9,15.44
ORD-100359,2025-12-03,2025-12-09,First Class,CUST-2406,Consumer,West,Cardiff,Furniture,Furnishings,1,105.17,0.15,89.39,-7.76
ORD-103535,2025-12-04,2025-12-10,First Class,CUST-1876,Corporate,Central,Birmingham,Furniture,Tables,2,236.78,0.2,378.85,-12.79
ORD-102370,2025-12-04,2025-12-09,Standard Class,CUST-2074,Consumer,South,Brighton,Office Supplies,Art,3,92.02,0.15,234.65,41.75
ORD-106180,2025-12-04,2025-12-07,Standard Class,CUST-2238,Corporate,South,Southampton,Office Supplies,Labels,1,22.92,0.15,19.48,4.08
ORD-100778,2025-12-04,2025-12-08,Standard Class,CUST-1007,Consumer,East,Cambridge,Office Supplies,Storage,2,116.03,0.15,197.25,36.45
ORD-106164,2025-12-04,2025-12-07,First Class,CUST-1617,Consumer,East,Ipswich,Office Supplies,Storage,1,20.91,0.5,10.46,-2.6
ORD-100493,2025-12-04,2025-12-08,Standard Class,CUST-2258,Consumer,South,Portsmouth,Furniture,Chairs,1,267.87,0.15,227.69,2.21
ORD-100970,2025-12-04,2025-12-09,Standard Class,CUST-1641,Consumer,South,Brighton,Furniture,Furnishings,2,485.7,0.3,679.98,-65.41
ORD-104513,2025-12-04,2025-12-09,Standard Class,CUST-1839,Home Office,Central,Coventry,Office Supplies,Art,5,80.4,0.0,402.0,65.97
ORD-102857,2025-12-04,2025-12-10,Second Class,CUST-1362,Corporate,South,Reading,Office Supplies,Paper,5,48.35,0.1,217.58,56.12
ORD-102461,2025-12-04,2025-12-06,First Class,CUST-1027,Consumer,North,Newcastle,Office Supplies,Binders,2,19.01,0.3,26.61,4.28
ORD-101758,2025-12-04,2025-12-06,Second Class,CUST-1033,Consumer,South,Brighton,Office Supplies,Labels,1,69.99,0.2,55.99,8.96
ORD-102419,2025-12-04,2025-12-09,Standard Class,CUST-2434,Corporate,Central,Coventry,Furniture,Furnishings,6,858.15,0.1,4634.01,388.97
ORD-105995,2025-12-04,2025-12-09,Standard Class,CUST-2398,Consumer,North,Leeds,Office Supplies,Storage,2,116.67,0.0,233.34,66.49
ORD-100577,2025-12-04,2025-12-07,Standard Class,CUST-2091,Corporate,South,Southampton,Office Supplies,Art,1,13.05,0.15,11.09,0.21
ORD-105333,2025-12-04,2025-12-08,Standard Class,CUST-2086,Corporate,North,Sheffield,Office Supplies,Paper,2,119.4,0.5,119.4,-26.76
ORD-104202,2025-12-05,2025-12-09,Second Class,CUST-1958,Home Office,South,Portsmouth,Office Supplies,Binders,4,18.91,0.0,75.64,23.87
ORD-104835,2025-12-05,2025-12-09,Standard Class,CUST-1984,Consumer,Central,Coventry,Office Supplies,Labels,5,102.36,0.2,409.44,67.23
ORD-101503,2025-12-05,2025-12-08,Standard Class,CUST-1853,Corporate,North,Newcastle,Office Supplies,Storage,3,70.98,0.0,212.94,57.54
ORD-106256,2025-12-05,2025-12-08,Standard Class,CUST-1120,Home Office,East,Cambridge,Office Supplies,Binders,3,19.51,0.1,52.68,13.95
ORD-105393,2025-12-05,2025-12-06,Standard Class,CUST-1454,Consumer,West,Bristol,Technology,Accessories,2,1572.13,0.3,2200.98,0.06
ORD-102987,2025-12-05,2025-12-12,Second Class,CUST-1847,Consumer,West,Cardiff,Office Supplies,Storage,2,9.49,0.0,18.98,1.69
ORD-104187,2025-12-05,2025-12-10,First Class,CUST-2192,Corporate,North,Sheffield,Office Supplies,Binders,1,87.14,0.0,87.14,26.05
ORD-100052,2025-12-05,2025-12-12,First Class,CUST-1846,Home Office,North,Leeds,Office Supplies,Storage,1,22.99,0.15,19.54,4.67
ORD-103742,2025-12-05,2025-12-09,Standard Class,CUST-2453,Consumer,South,Southampton,Furniture,Tables,2,394.6,0.15,670.82,3.1
ORD-100933,2025-12-05,2025-12-09,Same Day,CUST-2024,Consumer,Central,Leicester,Technology,Copiers,5,609.22,0.3,2132.27,125.9
ORD-100059,2025-12-05,2025-12-11,Second Class,CUST-1129,Consumer,South,Brighton,Office Supplies,Art,2,66.16,0.1,119.09,13.42
ORD-101699,2025-12-05,2025-12-09,Standard Class,CUST-1930,Consumer,South,Portsmouth,Office Supplies,Paper,2,111.85,0.1,201.33,12.69
ORD-103332,2025-12-06,2025-12-07,First Class,CUST-1078,Consumer,East,Ipswich,Office Supplies,Paper,1,28.56,0.4,17.14,-3.17
ORD-100685,2025-12-06,2025-12-10,Standard Class,CUST-2057,Consumer,North,Manchester,Technology,Copiers,2,1361.25,0.0,2722.5,-33.98
ORD-104738,2025-12-06,2025-12-13,Standard Class,CUST-2034,Consumer,West,Cardiff,Technology,Phones,4,400.72,0.4,961.73,-310.22
ORD-102331,2025-12-06,2025-12-11,Same Day,CUST-1668,Corporate,North,Sheffield,Office Supplies,Storage,1,19.7,0.0,19.7,5.93
ORD-102107,2025-12-06,2025-12-13,Second Class,CUST-2094,Consumer,South,Brighton,Furniture,Furnishings,2,374.71,0.0,749.42,89.38
ORD-103821,2025-12-06,2025-12-09,Second Class,CUST-1272,Corporate,South,Portsmouth,Office Supplies,Storage,2,43.38,0.3,60.73,-6.47
ORD-104746,2025-12-06,2025-12-10,Standard Class,CUST-1936,Consumer,Central,Coventry,Furniture,Chairs,3,496.27,0.3,1042.17,-39.44
ORD-102789,2025-12-06,2025-12-10,Standard Class,CUST-2089,Consumer,South,Reading,Technology,Copiers,2,1194.33,0.1,2149.79,-110.06
ORD-101408,2025-12-06,2025-12-08,Second Class,CUST-2046,Corporate,West,Bristol,Furniture,Chairs,1,175.49,0.0,175.49,9.21
ORD-104149,2025-12-06,2025-12-11,Second Class,CUST-1570,Corporate,East,Ipswich,Furniture,Furnishings,4,671.54,0.0,2686.16,444.14
ORD-100274,2025-12-06,2025-12-12,Standard Class,CUST-1191,Home Office,North,Newcastle,Furniture,Bookcases,1,67.31,0.0,67.31,-0.16
ORD-102223,2025-12-06,2025-12-11,Second Class,CUST-1939,Consumer,West,Bristol,Furniture,Furnishings,1,620.9,0.15,527.76,24.02
ORD-101865,2025-12-06,2025-12-10,Standard Class,CUST-1420,Consumer,West,Plymouth,Furniture,Furnishings,5,482.42,0.4,1447.26,-390.11
ORD-103773,2025-12-06,2025-12-09,Standard Class,CUST-1810,Corporate,Central,Coventry,Office Supplies,Storage,2,103.69,0.1,186.64,40.0
ORD-100113,2025-12-06,2025-12-09,Standard Class,CUST-1018,Consumer,Central,Birmingham,Technology,Phones,1,1179.66,0.2,943.73,141.81
ORD-106425,2025-12-07,2025-12-10,Standard Class,CUST-2080,Consumer,East,Norwich,Office Supplies,Art,4,60.15,0.0,240.6,57.57
ORD-105858,2025-12-07,2025-12-10,Standard Class,CUST-1459,Home Office,West,Bristol,Office Supplies,Binders,1,83.63,0.3,58.54,-4.27
ORD-105943,2025-12-07,2025-12-08,Standard Class,CUST-1395,Corporate,South,Reading,Furniture,Chairs,4,778.4,0.2,2490.88,-378.72
ORD-104948,2025-12-07,2025-12-10,Second Class,CUST-1579,Consumer,East,Cambridge,Office Supplies,Art,1,80.13,0.1,72.12,10.1
ORD-104909,2025-12-07,2025-12-08,Second Class,CUST-2461,Corporate,West,Bristol,Technology,Phones,1,1656.28,0.3,1159.4,92.87
ORD-106050,2025-12-07,2025-12-09,Standard Class,CUST-1635,Consumer,East,Cambridge,Technology,Phones,1,1686.61,0.2,1349.29,-121.14
ORD-103837,2025-12-07,2025-12-11,Standard Class,CUST-2163,Corporate,Central,Leicester,Office Supplies,Storage,2,108.85,0.1,195.93,31.38
ORD-101817,2025-12-07,2025-12-12,Second Class,CUST-1715,Corporate,West,Cardiff,Office Supplies,Labels,3,119.61,0.3,251.18,-1.23
ORD-104357,2025-12-07,2025-12-13,Standard Class,CUST-1445,Home Office,South,Portsmouth,Office Supplies,Paper,1,69.27,0.2,55.42,12.19
ORD-101313,2025-12-07,2025-12-12,Standard Class,CUST-1115,Home Office,North,Newcastle,Office Supplies,Paper,4,62.42,0.15,212.23,53.84
ORD-105930,2025-12-07,2025-12-11,Second Class,CUST-1101,Consumer,East,Cambridge,Office Supplies,Paper,1,83.86,0.1,75.47,4.42
ORD-105446,2025-12-07,2025-12-10,First Class,CUST-2213,Consumer,West,Plymouth,Furniture,Bookcases,1,525.76,0.0,525.76,-20.34
ORD-102698,2025-12-07,2025-12-10,Standard Class,CUST-2136,Consumer,South,Brighton,Office Supplies,Art,6,108.35,0.15,552.59,125.69
ORD-101105,2025-12-07,2025-12-11,Standard Class,CUST-1186,Corporate,West,Cardiff,Furniture,Chairs,1,700.29,0.1,630.26,-47.7
ORD-104974,2025-12-08,2025-12-13,Second Class,CUST-1894,Consumer,East,Ipswich,Office Supplies,Labels,1,36.58,0.0,36.58,8.59
ORD-105910,2025-12-08,2025-12-12,Standard Class,CUST-1030,Home Office,South,Reading,Technology,Machines,1,1060.3,0.4,636.18,-120.17
ORD-104530,2025-12-08,2025-12-10,Standard Class,CUST-2474,Home Office,West,Plymouth,Furniture,Bookcases,1,891.47,0.15,757.75,-81.56
ORD-103013,2025-12-08,2025-12-10,First Class,CUST-1050,Home Office,East,Ipswich,Office Supplies,Binders,1,80.09,0.3,56.06,-1.24
ORD-100494,2025-12-08,2025-12-14,Standard Class,CUST-1089,Home Office,East,Peterborough,Office Supplies,Labels,1,20.41,0.2,16.33,1.05
ORD-104694,2025-12-08,2025-12-09,Standard Class,CUST-1694,Home Office,East,Cambridge,Technology,Copiers,3,124.13,0.2,297.91,-3.13
ORD-102619,2025-12-08,2025-12-11,Standard Class,CUST-1349,Home Office,East,Peterborough,Furniture,Tables,2,483.71,0.0,967.42,68.46
ORD-104261,2025-12-08,2025-12-13,First Class,CUST-1262,Consumer,North,Leeds,Technology,Copiers,4,843.72,0.4,2024.93,102.75
ORD-101258,2025-12-08,2025-12-11,First Class,CUST-2365,Home Office,West,Cardiff,Furniture,Tables,4,362.09,0.0,1448.36,99.82
ORD-101517,2025-12-08,2025-12-14,Standard Class,CUST-1472,Corporate,East,Ipswich,Office Supplies,Storage,2,16.88,0.0,33.76,3.57
ORD-104963,2025-12-08,2025-12-10,Standard Class,CUST-2429,Consumer,West,Exeter,Office Supplies,Art,5,55.61,0.1,250.25,28.28
ORD-103839,2025-12-08,2025-12-14,Second Class,CUST-1749,Corporate,North,Sheffield,Office Supplies,Storage,1,37.95,0.0,37.95,1.96
ORD-104421,2025-12-09,2025-12-13,Standard Class,CUST-2004,Consumer,West,Exeter,Office Supplies,Labels,3,73.98,0.2,177.55,27.98
ORD-102777,2025-12-09,2025-12-13,Standard Class,CUST-1400,Consumer,East,Peterborough,Furniture,Chairs,1,674.53,0.4,404.72,-26.67
ORD-102783,2025-12-09,2025-12-12,First Class,CUST-1771,Consumer,South,Brighton,Furniture,Bookcases,1,590.03,0.2,472.02,-46.32
ORD-104562,2025-12-09,2025-12-12,Standard Class,CUST-1137,Consumer,West,Exeter,Technology,Copiers,4,1381.03,0.1,4971.71,-421.42
ORD-101065,2025-12-09,2025-12-12,Same Day,CUST-1669,Home Office,East,Peterborough,Furniture,Bookcases,2,847.03,0.0,1694.06,263.72
ORD-101978,2025-12-09,2025-12-15,Standard Class,CUST-1900,Corporate,North,Newcastle,Office Supplies,Storage,1,71.15,0.15,60.48,9.92
ORD-103398,2025-12-09,2025-12-13,First Class,CUST-1524,Consumer,West,Plymouth,Office Supplies,Storage,1,80.29,0.3,56.2,3.21
ORD-100268,2025-12-09,2025-12-13,First Class,CUST-1693,Consumer,East,Cambridge,Office Supplies,Binders,2,114.06,0.2,182.5,7.07
ORD-105469,2025-12-09,2025-12-11,Standard Class,CUST-1352,Consumer,North,Manchester,Technology,Phones,1,701.44,0.0,701.44,104.04
ORD-106047,2025-12-09,2025-12-14,First Class,CUST-1329,Corporate,East,Ipswich,Office Supplies,Storage,2,3.54,0.2,5.66,0.22
ORD-105741,2025-12-09,2025-12-15,Second Class,CUST-1689,Consumer,East,Peterborough,Furniture,Chairs,5,125.44,0.15,533.12,41.01
ORD-104793,2025-12-10,2025-12-13,Standard Class,CUST-1864,Consumer,East,Peterborough,Furniture,Tables,1,707.11,0.0,707.11,97.9
ORD-101220,2025-12-10,2025-12-15,First Class,CUST-2255,Consumer,East,Cambridge,Furniture,Bookcases,1,462.63,0.2,370.1,-29.44
ORD-102784,2025-12-10,2025-12-13,Second Class,CUST-1656,Consumer,West,Plymouth,Office Supplies,Storage,2,12.2,0.0,24.4,1.37
ORD-104682,2025-12-10,2025-12-12,Same Day,CUST-1071,Consumer,Central,Nottingham,Technology,Machines,4,535.89,0.0,2143.56,-73.3
ORD-105611,2025-12-10,2025-12-14,Same Day,CUST-1731,Corporate,East,Norwich,Office Supplies,Art,2,25.29,0.1,45.52,6.24
ORD-105295,2025-12-10,2025-12-14,Standard Class,CUST-1259,Home Office,South,Southampton,Office Supplies,Labels,3,78.05,0.2,187.32,17.86
ORD-103118,2025-12-10,2025-12-14,First Class,CUST-2302,Consumer,West,Plymouth,Technology,Copiers,1,225.14,0.1,202.63,15.72
ORD-102700,2025-12-10,2025-12-14,Standard Class,CUST-2488,Home Office,West,Cardiff,Furniture,Bookcases,1,292.74,0.0,292.74,1.6
ORD-103506,2025-12-10,2025-12-16,Standard Class,CUST-1489,Home Office,East,Peterborough,Technology,Accessories,2,581.5,0.1,1046.7,159.83
ORD-105050,2025-12-10,2025-12-12,Standard Class,CUST-1723,Consumer,North,Sheffield,Office Supplies,Art,5,92.66,0.1,416.97,55.77
ORD-104110,2025-12-10,2025-12-14,Standard Class,CUST-1642,Home Office,West,Bristol,Office Supplies,Binders,2,111.6,0.1,200.88,28.24
ORD-104620,2025-12-10,2025-12-13,Standard Class,CUST-1412,Consumer,East,Norwich,Office Supplies,Art,3,35.74,0.15,91.14,9.87
ORD-103226,2025-12-10,2025-12-14,First Class,CUST-1278,Consumer,East,Norwich,Office Supplies,Labels,3,95.63,0.15,243.86,18.0
ORD-102685,2025-12-10,2025-12-13,Same Day,CUST-1659,Consumer,East,Cambridge,Furniture,Furnishings,4,746.09,0.0,2984.36,-19.29
ORD-102955,2025-12-10,2025-12-15,Standard Class,CUST-1515,Consumer,South,Reading,Furniture,Chairs,1,633.24,0.0,633.24,56.29
ORD-102521,2025-12-10,2025-12-11,Standard Class,CUST-2039,Consumer,West,Exeter,Technology,Copiers,4,697.25,0.3,1952.3,130.76
ORD-105365,2025-12-10,2025-12-14,Same Day,CUST-1401,Consumer,North,Sheffield,Technology,Accessories,3,1080.77,0.0,3242.31,-54.03
ORD-102190,2025-12-10,2025-12-12,First Class,CUST-1076,Consumer,Central,Leicester,Office Supplies,Paper,1,46.84,0.0,46.84,16.3
ORD-104651,2025-12-11,2025-12-16,First Class,CUST-2136,Consumer,East,Cambridge,Furniture,Tables,1,700.89,0.0,700.89,80.19
ORD-106463,2025-12-11,2025-12-14,Standard Class,CUST-1312,Corporate,East,Peterborough,Technology,Phones,3,914.38,0.15,2331.67,-389.69
ORD-106275,2025-12-11,2025-12-17,Standard Class,CUST-1035,Home Office,West,Exeter,Furniture,Tables,2,480.04,0.1,864.07,59.24
ORD-104361,2025-12-11,2025-12-13,Standard Class,CUST-2148,Corporate,Central,Coventry,Furniture,Tables,2,672.66,0.1,1210.79,-35.23
ORD-101545,2025-12-11,2025-12-13,First Class,CUST-1893,Consumer,North,Sheffield,Office Supplies,Paper,2,72.15,0.3,101.01,-0.94
ORD-102156,2025-12-11,2025-12-17,Second Class,CUST-2194,Consumer,West,Exeter,Technology,Accessories,1,444.98,0.0,444.98,11.49
ORD-103590,2025-12-11,2025-12-15,Second Class,CUST-1795,Consumer,South,Brighton,Technology,Accessories,1,735.72,0.0,735.72,25.01
ORD-106349,2025-12-11,2025-12-14,Standard Class,CUST-1066,Consumer,Central,Coventry,Office Supplies,Art,2,18.35,0.2,29.36,-0.98
ORD-100429,2025-12-11,2025-12-15,First Class,CUST-1048,Consumer,North,Newcastle,Furniture,Tables,3,428.47,0.0,1285.41,83.42
ORD-102880,2025-12-11,2025-12-13,Standard Class,CUST-1608,Consumer,East,Cambridge,Furniture,Chairs,1,114.78,0.15,97.56,5.83
ORD-104037,2025-12-11,2025-12-14,Second Class,CUST-1227,Home Office,East,Ipswich,Technology,Phones,1,661.22,0.15,562.04,-104.2
ORD-102406,2025-12-11,2025-12-15,Second Class,CUST-1226,Corporate,West,Exeter,Office Supplies,Art,1,116.44,0.15,98.97,1.9
ORD-102551,2025-12-11,2025-12-15,Standard Class,CUST-1330,Corporate,East,Norwich,Office Supplies,Storage,3,56.93,0.0,170.79,17.87
ORD-101781,2025-12-11,2025-12-15,Standard Class,CUST-2287,Consumer,North,Manchester,Furniture,Bookcases,6,555.37,0.2,2665.78,-425.36
ORD-105212,2025-12-11,2025-12-14,Standard Class,CUST-1509,Consumer,West,Plymouth,Furniture,Bookcases,2,129.94,0.0,259.88,40.66
ORD-104300,2025-12-12,2025-12-16,Standard Class,CUST-1875,Consumer,North,Leeds,Office Supplies,Paper,4,106.27,0.0,425.08,36.68
ORD-105720,2025-12-12,2025-12-16,Standard Class,CUST-1257,Corporate,East,Cambridge,Office Supplies,Storage,1,39.27,0.0,39.27,2.43
ORD-100250,2025-12-12,2025-12-16,First Class,CUST-2257,Corporate,North,Manchester,Office Supplies,Storage,1,77.25,0.1,69.53,1.77
ORD-106442,2025-12-12,2025-12-15,Standard Class,CUST-2493,Home Office,West,Plymouth,Office Supplies,Paper,1,111.87,0.15,95.09,-1.95
ORD-105357,2025-12-12,2025-12-16,Standard Class,CUST-1930,Home Office,West,Plymouth,Office Supplies,Binders,3,29.88,0.0,89.64,9.98
ORD-102997,2025-12-12,2025-12-15,Standard Class,CUST-1852,Consumer,East,Norwich,Furniture,Furnishings,2,542.47,0.4,650.96,-51.47
ORD-103395,2025-12-12,2025-12-16,Standard Class,CUST-1105,Corporate,East,Ipswich,Office Supplies,Binders,6,31.01,0.1,167.45,-0.53
ORD-100207,2025-12-12,2025-12-14,Standard Class,CUST-1052,Consumer,West,Exeter,Furniture,Furnishings,3,751.58,0.2,1803.79,-81.03
ORD-105035,2025-12-12,2025-12-15,Same Day,CUST-1674,Consumer,Central,Leicester,Furniture,Furnishings,2,277.54,0.1,499.57,39.02
ORD-103693,2025-12-12,2025-12-14,Second Class,CUST-1874,Consumer,North,Newcastle,Office Supplies,Binders,1,6.84,0.3,4.79,0.48
ORD-104929,2025-12-12,2025-12-17,First Class,CUST-2357,Corporate,South,Reading,Office Supplies,Paper,1,9.77,0.0,9.77,3.05
ORD-105937,2025-12-12,2025-12-16,Standard Class,CUST-1652,Corporate,West,Plymouth,Technology,Accessories,2,29.16,0.0,58.32,16.37
ORD-105153,2025-12-12,2025-12-13,First Class,CUST-1561,Corporate,West,Cardiff,Technology,Machines,1,532.96,0.1,479.66,28.89
ORD-101201,2025-12-12,2025-12-14,Same Day,CUST-1568,Corporate,East,Cambridge,Technology,Accessories,1,1100.71,0.0,1100.71,160.29
ORD-102082,2025-12-13,2025-12-16,Standard Class,CUST-1846,Corporate,West,Cardiff,Office Supplies,Binders,3,92.54,0.1,249.86,15.45
ORD-103478,2025-12-13,2025-12-16,Second Class,CUST-1885,Consumer,East,Norwich,Office Supplies,Labels,5,19.73,0.0,98.65,32.59
ORD-100601,2025-12-13,2025-12-17,Standard Class,CUST-2458,Consumer,North,Sheffield,Technology,Copiers,5,122.25,0.1,550.12,67.67
ORD-100172,2025-12-13,2025-12-20,First Class,CUST-1285,Consumer,East,Norwich,Office Supplies,Binders,1,85.33,0.1,76.8,1.46
ORD-102502,2025-12-13,2025-12-15,Standard Class,CUST-2231,Consumer,South,Brighton,Office Supplies,Paper,1,86.64,0.1,77.98,22.47
ORD-105219,2025-12-13,2025-12-17,Second Class,CUST-1646,Consumer,East,Norwich,Technology,Copiers,3,1555.15,0.15,3965.63,-530.26
ORD-104360,2025-12-13,2025-12-15,Standard Class,CUST-1844,Home Office,West,Cardiff,Office Supplies,Storage,6,49.95,0.4,179.82,19.07
ORD-103961,2025-12-13,2025-12-18,Standard Class,CUST-2374,Home Office,East,Norwich,Furniture,Tables,3,549.98,0.1,1484.95,-23.62
ORD-104307,2025-12-13,2025-12-17,Standard Class,CUST-1376,Consumer,South,Southampton,Office Supplies,Art,3,23.85,0.1,64.39,10.02
ORD-105982,2025-12-13,2025-12-17,Standard Class,CUST-2469,Corporate,Central,Birmingham,Technology,Phones,5,1650.09,0.1,7425.41,-729.78
ORD-104265,2025-12-13,2025-12-18,Standard Class,CUST-2068,Corporate,West,Exeter,Office Supplies,Storage,4,65.69,0.1,236.48,52.46
ORD-106199,2025-12-14,2025-12-18,First Class,CUST-2001,Home Office,West,Bristol,Office Supplies,Paper,1,112.2,0.15,95.37,10.4
ORD-105406,2025-12-14,2025-12-17,Second Class,CUST-2044,Consumer,Central,Birmingham,Furniture,Tables,4,504.66,0.1,1816.78,-76.18
ORD-101977,2025-12-14,2025-12-17,Same Day,CUST-2342,Consumer,East,Peterborough,Furniture,Bookcases,2,387.7,0.2,620.32,-30.53
ORD-102380,2025-12-14,2025-12-17,First Class,CUST-1975,Consumer,North,Newcastle,Technology,Copiers,1,142.62,0.15,121.23,18.15
ORD-106002,2025-12-14,2025-12-19,Standard Class,CUST-1676,Corporate,West,Bristol,Technology,Copiers,1,765.66,0.1,689.09,10.44
ORD-105391,2025-12-14,2025-12-18,Same Day,CUST-2162,Consumer,West,Exeter,Technology,Copiers,4,670.95,0.3,1878.66,-22.13
ORD-100644,2025-12-14,2025-12-18,Standard Class,CUST-1138,Corporate,North,Sheffield,Office Supplies,Binders,1,5.94,0.2,4.75,0.82
ORD-105297,2025-12-14,2025-12-18,Same Day,CUST-2241,Home Office,North,Manchester,Technology,Copiers,4,337.93,0.0,1351.72,198.03
ORD-103467,2025-12-14,2025-12-15,Standard Class,CUST-1152,Consumer,East,Norwich,Furniture,Chairs,3,252.49,0.3,530.23,-63.25
ORD-104856,2025-12-14,2025-12-18,Standard Class,CUST-1122,Consumer,West,Plymouth,Technology,Accessories,1,415.41,0.1,373.87,68.19
ORD-103842,2025-12-14,2025-12-18,Second Class,CUST-1741,Home Office,North,Newcastle,Furniture,Chairs,3,334.81,0.0,1004.43,149.54
ORD-101160,2025-12-14,2025-12-17,Standard Class,CUST-1238,Home Office,North,Leeds,Technology,Copiers,3,886.54,0.0,2659.62,-133.59
ORD-102055,2025-12-14,2025-12-21,Second Class,CUST-1945,Corporate,Central,Coventry,Office Supplies,Storage,1,17.35,0.1,15.62,4.12
ORD-105431,2025-12-14,2025-12-17,Standard Class,CUST-1885,Corporate,North,Newcastle,Office Supplies,Binders,1,33.69,0.0,33.69,5.83
ORD-104064,2025-12-15,2025-12-19,Same Day,CUST-2394,Consumer,South,Portsmouth,Technology,Copiers,5,1569.28,0.0,7846.4,-51.96
ORD-101217,2025-12-15,2025-12-18,Standard Class,CUST-2207,Corporate,Central,Nottingham,Technology,Machines,6,848.95,0.1,4584.33,-439.41
ORD-102017,2025-12-15,2025-12-17,Standard Class,CUST-2119,Consumer,North,Newcastle,Furniture,Tables,1,633.12,0.0,633.12,60.45
ORD-101194,2025-12-15,2025-12-20,Standard Class,CUST-1922,Corporate,West,Exeter,Office Supplies,Labels,1,19.9,0.1,17.91,1.36
ORD-105026,2025-12-15,2025-12-17,Standard Class,CUST-1823,Home Office,East,Cambridge,Furniture,Tables,2,333.31,0.0,666.62,64.85
ORD-102967,2025-12-15,2025-12-20,First Class,CUST-1580,Corporate,South,Brighton,Office Supplies,Binders,2,101.94,0.0,203.88,20.88
ORD-100048,2025-12-15,2025-12-19,Standard Class,CUST-2297,Corporate,Central,Coventry,Office Supplies,Paper,1,86.46,0.3,60.52,1.42
ORD-101868,2025-12-15,2025-12-19,Standard Class,CUST-1685,Corporate,East,Norwich,Furniture,Tables,2,294.53,0.0,589.06,32.11
ORD-103054,2025-12-15,2025-12-17,Standard Class,CUST-1206,Consumer,North,Leeds,Furniture,Chairs,1,654.84,0.3,458.39,-97.5
ORD-104848,2025-12-15,2025-12-18,Standard Class,CUST-1002,Consumer,Central,Coventry,Technology,Copiers,3,375.21,0.15,956.79,-132.17
ORD-105903,2025-12-15,2025-12-19,First Class,CUST-1102,Corporate,South,Brighton,Furniture,Tables,3,739.43,0.0,2218.29,224.48
ORD-104652,2025-12-15,2025-12-18,Standard Class,CUST-2094,Consumer,Central,Coventry,Office Supplies,Paper,1,77.11,0.0,77.11,22.66
ORD-102063,2025-12-15,2025-12-19,First Class,CUST-1373,Corporate,South,Brighton,Furniture,Chairs,4,135.86,0.15,461.92,-37.27
ORD-102494,2025-12-15,2025-12-21,First Class,CUST-1691,Corporate,East,Cambridge,Furniture,Tables,3,200.29,0.15,510.74,-25.51
ORD-106119,2025-12-15,2025-12-20,First Class,CUST-2476,Corporate,South,Brighton,Furniture,Chairs,1,326.56,0.2,261.25,-17.71
ORD-100053,2025-12-15,2025-12-18,Standard Class,CUST-1138,Consumer,West,Exeter,Technology,Copiers,1,228.84,0.15,194.51,-14.5
ORD-102198,2025-12-15,2025-12-19,Standard Class,CUST-1278,Corporate,South,Southampton,Furniture,Tables,5,599.1,0.0,2995.5,31.83
ORD-106340,2025-12-15,2025-12-17,Second Class,CUST-1304,Consumer,South,Portsmouth,Furniture,Tables,2,474.14,0.1,853.45,100.45
ORD-103184,2025-12-16,2025-12-21,Second Class,CUST-2133,Consumer,North,Sheffield,Office Supplies,Paper,2,85.74,0.2,137.18,-7.98
ORD-103545,2025-12-16,2025-12-20,Standard Class,CUST-1276,Home Office,South,Portsmouth,Office Supplies,Labels,2,38.95,0.1,70.11,3.69
ORD-104887,2025-12-16,2025-12-19,First Class,CUST-2479,Corporate,North,Newcastle,Office Supplies,Storage,2,50.21,0.0,100.42,7.81
ORD-104194,2025-12-16,2025-12-19,Second Class,CUST-1621,Consumer,West,Bristol,Furniture,Chairs,3,730.76,0.0,2192.28,307.0
ORD-105381,2025-12-16,2025-12-18,Standard Class,CUST-1442,Consumer,Central,Nottingham,Furniture,Bookcases,1,587.59,0.0,587.59,77.61
ORD-105359,2025-12-16,2025-12-21,Standard Class,CUST-2462,Home Office,East,Norwich,Technology,Copiers,5,1485.8,0.2,5943.2,718.02
ORD-100256,2025-12-16,2025-12-21,Standard Class,CUST-1322,Consumer,Central,Nottingham,Office Supplies,Labels,6,30.09,0.4,108.32,-19.19
ORD-101569,2025-12-16,2025-12-19,Second Class,CUST-1825,Consumer,West,Exeter,Technology,Machines,4,1132.64,0.4,2718.34,-507.74
ORD-104840,2025-12-16,2025-12-19,Standard Class,CUST-1980,Consumer,East,Ipswich,Office Supplies,Art,4,57.7,0.1,207.72,59.51
ORD-103310,2025-12-16,2025-12-21,Second Class,CUST-1162,Home Office,East,Peterborough,Furniture,Bookcases,1,210.66,0.0,210.66,-9.71
ORD-101525,2025-12-16,2025-12-21,First Class,CUST-2170,Consumer,South,Southampton,Furniture,Chairs,2,262.14,0.1,471.85,-51.47
ORD-101294,2025-12-16,2025-12-19,Standard Class,CUST-1273,Consumer,Central,Leicester,Office Supplies,Paper,2,111.87,0.15,190.18,-2.82
ORD-105616,2025-12-16,2025-12-20,Second Class,CUST-1182,Corporate,East,Peterborough,Office Supplies,Paper,5,77.2,0.2,308.8,53.52
ORD-101985,2025-12-16,2025-12-21,Standard Class,CUST-2483,Home Office,South,Brighton,Office Supplies,Paper,1,67.74,0.15,57.58,10.49
ORD-100758,2025-12-17,2025-12-22,Same Day,CUST-1948,Corporate,West,Exeter,Office Supplies,Art,1,12.32,0.0,12.32,2.98
ORD-104576,2025-12-17,2025-12-23,Standard Class,CUST-1819,Home Office,North,Newcastle,Office Supplies,Art,4,71.74,0.0,286.96,94.5
ORD-105920,2025-12-17,2025-12-23,Standard Class,CUST-2340,Corporate,South,Brighton,Furniture,Bookcases,2,892.28,0.3,1249.19,-192.49
ORD-104405,2025-12-17,2025-12-21,Standard Class,CUST-1500,Consumer,West,Bristol,Office Supplies,Labels,2,11.58,0.1,20.84,1.57
ORD-100549,2025-12-17,2025-12-22,Standard Class,CUST-1256,Consumer,North,Newcastle,Technology,Phones,1,847.8,0.3,593.46,-58.13
ORD-105098,2025-12-17,2025-12-19,Standard Class,CUST-1746,Consumer,South,Brighton,Technology,Machines,3,671.13,0.1,1812.05,127.5
ORD-101173,2025-12-17,2025-12-23,First Class,CUST-1057,Corporate,North,Leeds,Technology,Accessories,1,1084.61,0.1,976.15,-142.25
ORD-102397,2025-12-17,2025-12-20,Second Class,CUST-2411,Corporate,Central,Leicester,Furniture,Furnishings,3,612.0,0.5,918.0,-224.22
ORD-105786,2025-12-17,2025-12-20,Second Class,CUST-1808,Corporate,South,Reading,Technology,Accessories,6,478.94,0.3,2011.55,-72.13
ORD-104928,2025-12-17,2025-12-20,Standard Class,CUST-1786,Consumer,West,Bristol,Office Supplies,Art,3,10.67,0.4,19.21,-0.07
ORD-101848,2025-12-17,2025-12-21,Second Class,CUST-1567,Consumer,South,Portsmouth,Office Supplies,Binders,6,21.94,0.0,131.64,14.28
ORD-101912,2025-12-17,2025-12-21,Standard Class,CUST-1628,Consumer,West,Cardiff,Technology,Copiers,2,1102.48,0.0,2204.96,156.53
ORD-104341,2025-12-17,2025-12-20,Standard Class,CUST-1489,Consumer,East,Cambridge,Technology,Phones,1,953.9,0.0,953.9,210.93
ORD-106270,2025-12-17,2025-12-22,First Class,CUST-1347,Consumer,East,Ipswich,Office Supplies,Labels,1,55.41,0.0,55.41,16.99
ORD-103641,2025-12-17,2025-12-22,Second Class,CUST-2208,Consumer,Central,Nottingham,Office Supplies,Labels,1,103.82,0.0,103.82,18.71
ORD-102434,2025-12-17,2025-12-22,First Class,CUST-2183,Consumer,South,Portsmouth,Office Supplies,Binders,2,118.09,0.0,236.18,79.61
ORD-101259,2025-12-17,2025-12-19,Standard Class,CUST-2310,Consumer,Central,Nottingham,Technology,Copiers,3,522.47,0.15,1332.3,42.68
ORD-105319,2025-12-17,2025-12-21,Second Class,CUST-2100,Consumer,South,Portsmouth,Office Supplies,Art,2,107.22,0.0,214.44,39.18
ORD-101770,2025-12-17,2025-12-20,Standard Class,CUST-1496,Corporate,East,Norwich,Office Supplies,Storage,4,37.56,0.1,135.22,20.38
ORD-100939,2025-12-17,2025-12-21,Second Class,CUST-1773,Consumer,North,Leeds,Furniture,Bookcases,2,574.21,0.1,1033.58,-48.79
ORD-100042,2025-12-17,2025-12-23,Standard Class,CUST-1989,Consumer,West,Exeter,Office Supplies,Paper,4,39.01,0.2,124.83,27.51
ORD-103412,2025-12-17,2025-12-20,Second Class,CUST-2460,Consumer,North,Manchester,Technology,Copiers,3,1551.45,0.0,4654.35,-465.26
ORD-100453,2025-12-18,2025-12-21,Standard Class,CUST-1396,Home Office,East,Cambridge,Technology,Copiers,3,912.56,0.0,2737.68,363.82
ORD-101885,2025-12-18,2025-12-21,Second Class,CUST-1284,Home Office,North,Leeds,Furniture,Chairs,1,623.14,0.0,623.14,14.03
ORD-105624,2025-12-18,2025-12-19,Second Class,CUST-2326,Home Office,East,Cambridge,Technology,Machines,1,926.66,0.1,833.99,-25.1
ORD-100255,2025-12-18,2025-12-23,Second Class,CUST-1517,Consumer,East,Ipswich,Office Supplies,Labels,1,35.86,0.0,35.86,2.24
ORD-102553,2025-12-18,2025-12-23,Standard Class,CUST-1000,Home Office,Central,Coventry,Office Supplies,Paper,3,74.31,0.2,178.34,31.55
ORD-105999,2025-12-18,2025-12-21,Standard Class,CUST-1900,Corporate,South,Reading,Technology,Machines,1,333.48,0.3,233.44,-13.85
ORD-100626,2025-12-18,2025-12-24,Standard Class,CUST-2035,Consumer,North,Manchester,Furniture,Bookcases,3,428.79,0.0,1286.37,144.53
ORD-103578,2025-12-18,2025-12-22,First Class,CUST-2246,Consumer,West,Bristol,Office Supplies,Paper,4,62.34,0.4,149.62,8.66
ORD-104354,2025-12-18,2025-12-20,Same Day,CUST-1981,Consumer,South,Reading,Technology,Machines,2,60.02,0.15,102.03,-16.47
ORD-103355,2025-12-18,2025-12-23,First Class,CUST-1484,Home Office,West,Cardiff,Technology,Phones,3,1270.73,0.0,3812.19,1068.44
ORD-101111,2025-12-18,2025-12-20,Standard Class,CUST-1477,Consumer,East,Norwich,Technology,Machines,1,427.13,0.0,427.13,68.99
ORD-106265,2025-12-18,2025-12-21,First Class,CUST-1349,Consumer,East,Norwich,Office Supplies,Art,2,63.39,0.4,76.07,0.95
ORD-105111,2025-12-18,2025-12-21,Standard Class,CUST-2174,Consumer,South,Portsmouth,Office Supplies,Labels,1,64.77,0.0,64.77,8.51
ORD-103903,2025-12-18,2025-12-23,Standard Class,CUST-2442,Consumer,North,Sheffield,Office Supplies,Binders,3,98.56,0.0,295.68,24.91
ORD-101512,2025-12-18,2025-12-25,First Class,CUST-2439,Consumer,West,Cardiff,Office Supplies,Paper,5,52.01,0.15,221.04,2.14
ORD-101154,2025-12-18,2025-12-21,Standard Class,CUST-1052,Consumer,Central,Leicester,Technology,Phones,4,402.97,0.0,1611.88,43.89
ORD-103599,2025-12-18,2025-12-21,Standard Class,CUST-1253,Corporate,Central,Coventry,Technology,Machines,2,504.65,0.2,807.44,15.93
ORD-102225,2025-12-19,2025-12-22,Standard Class,CUST-1006,Corporate,Central,Nottingham,Furniture,Bookcases,5,822.72,0.1,3702.24,-288.92
ORD-104258,2025-12-19,2025-12-22,First Class,CUST-1560,Corporate,East,Peterborough,Technology,Machines,6,1222.71,0.0,7336.26,1487.66
ORD-102392,2025-12-19,2025-12-22,Standard Class,CUST-2485,Corporate,East,Cambridge,Office Supplies,Art,1,33.17,0.0,33.17,5.19
ORD-103061,2025-12-19,2025-12-26,Standard Class,CUST-1296,Consumer,East,Cambridge,Office Supplies,Binders,6,94.47,0.3,396.77,6.4
ORD-104550,2025-12-19,2025-12-26,Standard Class,CUST-1891,Home Office,East,Cambridge,Furniture,Furnishings,1,655.53,0.0,655.53,97.76
ORD-101821,2025-12-19,2025-12-25,Second Class,CUST-1195,Consumer,South,Reading,Technology,Phones,3,1372.08,0.2,3292.99,491.29
ORD-103235,2025-12-19,2025-12-21,Second Class,CUST-1909,Consumer,West,Cardiff,Office Supplies,Labels,3,104.67,0.0,314.01,85.43
ORD-105676,2025-12-19,2025-12-23,Standard Class,CUST-1832,Consumer,East,Norwich,Technology,Copiers,1,132.75,0.15,112.84,10.99
ORD-104105,2025-12-19,2025-12-24,Standard Class,CUST-1419,Home Office,East,Norwich,Furniture,Tables,4,397.93,0.15,1352.96,-136.82
ORD-104102,2025-12-19,2025-12-24,Second Class,CUST-1547,Consumer,North,Sheffield,Furniture,Bookcases,3,478.74,0.1,1292.6,121.64
ORD-104916,2025-12-19,2025-12-24,Second Class,CUST-2435,Consumer,West,Cardiff,Office Supplies,Binders,6,29.24,0.0,175.44,39.09
ORD-105463,2025-12-19,2025-12-22,Second Class,CUST-1753,Consumer,South,Southampton,Office Supplies,Binders,4,40.83,0.0,163.32,24.01
ORD-100447,2025-12-19,2025-12-24,Same Day,CUST-1754,Corporate,Central,Birmingham,Furniture,Furnishings,6,636.81,0.0,3820.86,510.73
ORD-103946,2025-12-19,2025-12-26,Second Class,CUST-2157,Consumer,East,Norwich,Furniture,Chairs,4,572.09,0.0,2288.36,351.8
ORD-104654,2025-12-19,2025-12-22,First Class,CUST-1299,Consumer,West,Bristol,Technology,Phones,4,274.63,0.0,1098.52,128.37
ORD-100398,2025-12-20,2025-12-26,Standard Class,CUST-2273,Corporate,North,Sheffield,Furniture,Furnishings,1,348.35,0.3,243.84,-24.72
ORD-101080,2025-12-20,2025-12-24,First Class,CUST-1257,Consumer,North,Sheffield,Office Supplies,Binders,3,101.06,0.1,272.86,28.13
ORD-101439,2025-12-20,2025-12-23,Second Class,CUST-1484,Corporate,South,Portsmouth,Technology,Accessories,1,1690.68,0.15,1437.08,-245.95
ORD-100189,2025-12-20,2025-12-21,Standard Class,CUST-2377,Consumer,Central,Coventry,Office Supplies,Labels,1,31.89,0.2,25.51,0.94
ORD-104831,2025-12-20,2025-12-24,Standard Class,CUST-1337,Corporate,East,Peterborough,Office Supplies,Storage,1,37.51,0.1,33.76,9.71
ORD-105961,2025-12-20,2025-12-26,Standard Class,CUST-1382,Corporate,Central,Coventry,Technology,Copiers,1,1052.28,0.1,947.05,19.07
ORD-100450,2025-12-20,2025-12-27,First Class,CUST-1886,Corporate,Central,Coventry,Furniture,Chairs,1,65.92,0.2,52.74,-8.03
ORD-105880,2025-12-20,2025-12-23,First Class,CUST-2376,Corporate,West,Plymouth,Technology,Phones,4,246.55,0.15,838.27,-105.09
ORD-102525,2025-12-20,2025-12-22,Standard Class,CUST-1372,Home Office,East,Ipswich,Furniture,Furnishings,5,767.12,0.15,3260.26,-413.81
ORD-105958,2025-12-20,2025-12-23,Standard Class,CUST-1005,Home Office,South,Reading,Furniture,Tables,3,670.48,0.0,2011.44,156.76
ORD-103969,2025-12-20,2025-12-26,Standard Class,CUST-1757,Consumer,West,Plymouth,Office Supplies,Paper,1,28.43,0.15,24.17,5.46
ORD-105138,2025-12-20,2025-12-25,Second Class,CUST-2348,Consumer,West,Cardiff,Office Supplies,Art,1,75.61,0.0,75.61,5.69
ORD-103622,2025-12-21,2025-12-26,First Class,CUST-2448,Corporate,Central,Birmingham,Furniture,Furnishings,1,196.94,0.0,196.94,-1.05
ORD-105795,2025-12-21,2025-12-26,First Class,CUST-2162,Home Office,Central,Nottingham,Technology,Phones,5,235.4,0.5,588.5,-55.27
ORD-105620,2025-12-21,2025-12-24,Standard Class,CUST-1185,Home Office,North,Sheffield,Technology,Accessories,4,1309.87,0.15,4453.56,-80.11
ORD-103792,2025-12-21,2025-12-24,Second Class,CUST-2367,Consumer,East,Norwich,Technology,Machines,3,75.35,0.0,226.05,66.5
ORD-105985,2025-12-21,2025-12-23,Standard Class,CUST-2049,Consumer,West,Exeter,Furniture,Tables,1,551.58,0.0,551.58,-1.29
ORD-102105,2025-12-21,2025-12-25,Standard Class,CUST-1626,Consumer,West,Exeter,Technology,Phones,2,71.35,0.0,142.7,-7.97
ORD-100270,2025-12-21,2025-12-23,First Class,CUST-2117,Corporate,North,Sheffield,Furniture,Bookcases,4,867.17,0.1,3121.81,7.35
ORD-102520,2025-12-21,2025-12-24,Second Class,CUST-2006,Consumer,East,Ipswich,Furniture,Bookcases,3,607.05,0.2,1456.92,-36.18
ORD-100071,2025-12-21,2025-12-25,First Class,CUST-1074,Consumer,West,Exeter,Office Supplies,Binders,6,64.51,0.0,387.06,50.97
ORD-104356,2025-12-21,2025-12-23,Standard Class,CUST-1451,Consumer,West,Plymouth,Technology,Machines,1,1487.71,0.0,1487.71,388.72
ORD-103571,2025-12-21,2025-12-24,Standard Class,CUST-2264,Corporate,North,Sheffield,Office Supplies,Art,1,14.22,0.0,14.22,2.2
ORD-104003,2025-12-21,2025-12-27,Second Class,CUST-2074,Corporate,Central,Birmingham,Office Supplies,Labels,4,50.39,0.2,161.25,21.02
ORD-104159,2025-12-21,2025-12-24,First Class,CUST-1474,Corporate,North,Manchester,Office Supplies,Storage,4,41.07,0.0,164.28,24.8
ORD-105036,2025-12-21,2025-12-26,First Class,CUST-1145,Consumer,Central,Birmingham,Office Supplies,Binders,1,20.42,0.1,18.38,0.5
ORD-105777,2025-12-22,2025-12-29,Standard Class,CUST-1379,Corporate,Central,Coventry,Furniture,Furnishings,2,315.76,0.15,536.79,-72.94
ORD-101658,2025-12-22,2025-12-28,Standard Class,CUST-1006,Consumer,West,Exeter,Technology,Accessories,1,786.38,0.0,786.38,221.91
ORD-103476,2025-12-22,2025-12-28,Standard Class,CUST-1235,Home Office,East,Ipswich,Office Supplies,Art,3,109.26,0.0,327.78,75.52
ORD-100896,2025-12-22,2025-12-24,Standard Class,CUST-1753,Home Office,West,Plymouth,Technology,Phones,5,248.83,0.0,1244.15,299.31
ORD-101762,2025-12-22,2025-12-24,First Class,CUST-1053,Home Office,South,Brighton,Office Supplies,Storage,1,12.35,0.0,12.35,1.56
ORD-103437,2025-12-22,2025-12-26,Second Class,CUST-1668,Home Office,South,Southampton,Furniture,Bookcases,1,135.99,0.0,135.99,-6.2
ORD-101766,2025-12-22,2025-12-27,Second Class,CUST-1069,Consumer,West,Cardiff,Furniture,Furnishings,6,760.52,0.0,4563.12,-203.82
ORD-102213,2025-12-22,2025-12-26,Standard Class,CUST-1449,Consumer,East,Ipswich,Office Supplies,Art,4,71.64,0.2,229.25,39.58
ORD-100142,2025-12-22,2025-12-26,Standard Class,CUST-1845,Consumer,Central,Nottingham,Technology,Copiers,1,1087.39,0.0,1087.39,54.8
ORD-105244,2025-12-22,2025-12-27,Second Class,CUST-2222,Home Office,North,Leeds,Furniture,Chairs,2,663.55,0.1,1194.39,92.06
ORD-101897,2025-12-22,2025-12-28,Second Class,CUST-1910,Consumer,Central,Leicester,Technology,Phones,4,921.57,0.0,3686.28,981.22
ORD-105234,2025-12-22,2025-12-27,Second Class,CUST-1719,Home Office,West,Plymouth,Technology,Accessories,3,191.68,0.1,517.54,-69.7
ORD-102363,2025-12-22,2025-12-29,Standard Class,CUST-1317,Corporate,East,Cambridge,Furniture,Chairs,4,756.63,0.1,2723.87,51.47
ORD-102566,2025-12-22,2025-12-24,First Class,CUST-1409,Consumer,Central,Leicester,Technology,Machines,1,641.44,0.0,641.44,180.49
ORD-102590,2025-12-22,2025-12-24,First Class,CUST-2417,Corporate,Central,Coventry,Furniture,Furnishings,2,893.98,0.15,1519.77,-64.56
ORD-103462,2025-12-22,2025-12-26,First Class,CUST-1604,Consumer,Central,Coventry,Furniture,Bookcases,2,195.3,0.2,312.48,-27.51
ORD-101165,2025-12-22,2025-12-27,Second Class,CUST-1709,Consumer,East,Peterborough,Office Supplies,Storage,5,93.05,0.15,395.46,101.71
ORD-102682,2025-12-22,2025-12-25,Standard Class,CUST-2398,Consumer,West,Exeter,Office Supplies,Labels,4,114.58,0.0,458.32,88.23
ORD-104688,2025-12-22,2025-12-25,Second Class,CUST-1595,Home Office,North,Manchester,Furniture,Chairs,1,589.47,0.0,589.47,48.68
ORD-102855,2025-12-22,2025-12-23,Second Class,CUST-2062,Home Office,East,Norwich,Technology,Accessories,5,1798.37,0.0,8991.85,17.04
ORD-100763,2025-12-22,2025-12-27,Standard Class,CUST-1271,Consumer,Central,Leicester,Technology,Phones,2,1154.56,0.2,1847.3,94.96
ORD-102485,2025-12-23,2025-12-27,Second Class,CUST-1786,Consumer,Central,Leicester,Technology,Accessories,1,125.63,0.1,113.07,18.94
ORD-103442,2025-12-23,2025-12-27,Standard Class,CUST-1988,Corporate,East,Norwich,Office Supplies,Labels,2,38.91,0.0,77.82,11.51
ORD-101965,2025-12-23,2025-12-26,Standard Class,CUST-1426,Consumer,North,Leeds,Office Supplies,Art,3,48.04,0.2,115.3,17.47
ORD-102665,2025-12-23,2025-12-28,Standard Class,CUST-2093,Consumer,Central,Leicester,Technology,Copiers,1,166.14,0.0,166.14,3.6
ORD-103709,2025-12-23,2025-12-27,Second Class,CUST-2086,Corporate,East,Ipswich,Office Supplies,Art,2,29.5,0.1,53.1,12.49
ORD-106320,2025-12-23,2025-12-24,First Class,CUST-1821,Corporate,West,Exeter,Furniture,Chairs,1,713.15,0.3,499.2,-90.59
ORD-100205,2025-12-23,2025-12-24,Standard Class,CUST-2036,Consumer,South,Reading,Office Supplies,Binders,3,93.18,0.0,279.54,86.01
ORD-100857,2025-12-23,2025-12-28,First Class,CUST-2143,Consumer,West,Cardiff,Furniture,Tables,3,542.52,0.15,1383.43,100.43
ORD-106208,2025-12-23,2025-12-26,Standard Class,CUST-2227,Home Office,South,Reading,Technology,Accessories,2,86.89,0.0,173.78,10.4
ORD-103347,2025-12-23,2025-12-25,Standard Class,CUST-1463,Home Office,Central,Birmingham,Office Supplies,Binders,2,90.47,0.0,180.94,56.71
ORD-101207,2025-12-23,2025-12-26,First Class,CUST-1481,Corporate,North,Manchester,Office Supplies,Art,4,110.64,0.3,309.79,8.73
ORD-104057,2025-12-23,2025-12-25,Standard Class,CUST-2183,Consumer,East,Cambridge,Office Supplies,Art,5,70.11,0.0,350.55,43.19
ORD-105797,2025-12-23,2025-12-27,First Class,CUST-1951,Consumer,North,Newcastle,Office Supplies,Art,1,68.96,0.2,55.17,1.83
ORD-104789,2025-12-24,2025-12-27,First Class,CUST-1203,Consumer,North,Manchester,Furniture,Bookcases,3,679.71,0.0,2039.13,70.98
ORD-103037,2025-12-24,2025-12-28,Second Class,CUST-1386,Home Office,North,Leeds,Technology,Accessories,3,1066.65,0.0,3199.95,321.07
ORD-103072,2025-12-24,2025-12-27,Standard Class,CUST-1521,Home Office,Central,Coventry,Furniture,Furnishings,1,130.67,0.0,130.67,12.47
ORD-100039,2025-12-24,2025-12-27,Standard Class,CUST-2028,Consumer,North,Newcastle,Technology,Accessories,5,171.88,0.3,601.58,-35.71
ORD-103796,2025-12-24,2025-12-28,First Class,CUST-1621,Home Office,North,Newcastle,Furniture,Chairs,1,788.03,0.0,788.03,-11.47
ORD-100386,2025-12-24,2025-12-31,First Class,CUST-1281,Consumer,West,Plymouth,Office Supplies,Art,2,85.75,0.0,171.5,31.56
ORD-103156,2025-12-24,2025-12-27,First Class,CUST-2394,Consumer,West,Exeter,Furniture,Tables,2,556.83,0.3,779.56,-10.29
ORD-103706,2025-12-24,2025-12-28,Standard Class,CUST-1038,Corporate,Central,Leicester,Technology,Machines,2,1153.63,0.2,1845.81,-358.1
ORD-102130,2025-12-24,2025-12-29,Second Class,CUST-2031,Corporate,West,Plymouth,Furniture,Tables,2,767.95,0.5,767.95,-232.46
ORD-101961,2025-12-24,2025-12-29,Standard Class,CUST-1827,Consumer,North,Newcastle,Office Supplies,Binders,1,24.38,0.15,20.72,1.0
ORD-100287,2025-12-25,2025-12-31,Standard Class,CUST-2138,Home Office,South,Brighton,Office Supplies,Labels,3,30.43,0.0,91.29,5.39
ORD-104275,2025-12-25,2025-12-29,Standard Class,CUST-1259,Consumer,West,Plymouth,Furniture,Chairs,3,437.59,0.1,1181.49,30.33
ORD-103547,2025-12-25,2025-12-31,First Class,CUST-2149,Corporate,South,Southampton,Technology,Phones,2,1163.93,0.1,2095.07,322.52
ORD-104938,2025-12-25,2025-12-28,First Class,CUST-1235,Consumer,North,Sheffield,Technology,Accessories,3,705.04,0.0,2115.12,-47.22
ORD-103727,2025-12-25,2025-12-30,Standard Class,CUST-1983,Home Office,Central,Nottingham,Technology,Copiers,1,1595.68,0.0,1595.68,347.33
ORD-103897,2025-12-25,2025-12-26,Standard Class,CUST-2291,Corporate,East,Peterborough,Office Supplies,Storage,3,43.74,0.0,131.22,34.9
ORD-104327,2025-12-25,2025-12-30,Standard Class,CUST-1860,Consumer,North,Manchester,Furniture,Chairs,2,768.88,0.0,1537.76,194.88
ORD-100531,2025-12-25,2025-12-29,Second Class,CUST-1000,Corporate,West,Cardiff,Office Supplies,Storage,1,10.01,0.1,9.01,0.25
ORD-102567,2025-12-25,2025-12-29,First Class,CUST-1669,Consumer,West,Cardiff,Technology,Copiers,3,288.06,0.0,864.18,198.48
ORD-106449,2025-12-25,2025-12-26,Standard Class,CUST-2356,Corporate,Central,Nottingham,Office Supplies,Labels,4,38.4,0.1,138.24,19.22
ORD-103126,2025-12-25,2025-12-29,First Class,CUST-2051,Consumer,West,Exeter,Technology,Accessories,5,1025.51,0.1,4614.8,655.36
ORD-104342,2025-12-25,2025-12-29,Standard Class,CUST-2014,Corporate,South,Portsmouth,Technology,Machines,1,631.75,0.0,631.75,43.77
ORD-101324,2025-12-25,2025-12-26,Standard Class,CUST-1573,Home Office,Central,Birmingham,Office Supplies,Storage,1,3.05,0.0,3.05,0.19
ORD-102411,2025-12-25,2025-12-27,Standard Class,CUST-2441,Corporate,South,Brighton,Technology,Accessories,4,646.23,0.0,2584.92,289.62
ORD-103834,2025-12-25,2025-12-28,Second Class,CUST-1516,Consumer,North,Newcastle,Technology,Accessories,1,1519.52,0.0,1519.52,48.57
ORD-103807,2025-12-26,2025-12-31,Standard Class,CUST-1444,Consumer,East,Cambridge,Technology,Machines,1,883.79,0.0,883.79,-43.96
ORD-104205,2025-12-26,2025-12-31,Standard Class,CUST-1490,Corporate,West,Bristol,Office Supplies,Storage,1,74.25,0.2,59.4,2.92
ORD-103390,2025-12-26,2025-12-30,First Class,CUST-2447,Corporate,Central,Coventry,Office Supplies,Binders,1,85.5,0.1,76.95,18.13
ORD-103427,2025-12-26,2025-12-28,Standard Class,CUST-2322,Consumer,North,Sheffield,Office Supplies,Storage,5,90.54,0.3,316.89,35.31
ORD-106276,2025-12-26,2025-12-30,Standard Class,CUST-1177,Home Office,West,Exeter,Furniture,Chairs,1,416.74,0.0,416.74,68.07
ORD-102339,2025-12-26,2026-01-01,Same Day,CUST-1531,Home Office,Central,Birmingham,Office Supplies,Paper,2,44.48,0.1,80.06,7.23
ORD-101483,2025-12-26,2025-12-29,Standard Class,CUST-1756,Consumer,North,Sheffield,Furniture,Furnishings,2,379.29,0.0,758.58,43.02
ORD-102713,2025-12-26,2025-12-28,Standard Class,CUST-2140,Corporate,East,Cambridge,Office Supplies,Art,2,33.79,0.0,67.58,17.57
ORD-106329,2025-12-26,2026-01-02,First Class,CUST-1064,Consumer,East,Cambridge,Office Supplies,Art,2,43.05,0.0,86.1,17.71
ORD-106461,2025-12-26,2025-12-31,Standard Class,CUST-2487,Consumer,North,Leeds,Office Supplies,Paper,6,32.56,0.0,195.36,54.36
ORD-101623,2025-12-26,2025-12-30,Standard Class,CUST-2058,Consumer,East,Cambridge,Office Supplies,Binders,2,21.12,0.0,42.24,10.23
ORD-104507,2025-12-26,2026-01-02,Standard Class,CUST-2046,Home Office,Central,Leicester,Technology,Accessories,2,1270.13,0.0,2540.26,662.96
ORD-103621,2025-12-26,2025-12-29,Standard Class,CUST-1205,Corporate,West,Cardiff,Office Supplies,Storage,3,21.26,0.0,63.78,17.28
ORD-100465,2025-12-26,2025-12-28,Same Day,CUST-2366,Consumer,Central,Birmingham,Furniture,Chairs,1,395.71,0.5,197.85,-44.84
ORD-102642,2025-12-26,2026-01-02,First Class,CUST-1746,Home Office,East,Ipswich,Furniture,Tables,4,387.4,0.1,1394.64,36.92
ORD-101188,2025-12-26,2026-01-01,Standard Class,CUST-2098,Consumer,North,Manchester,Office Supplies,Storage,1,101.07,0.0,101.07,12.12
ORD-101704,2025-12-26,2025-12-31,Same Day,CUST-1500,Corporate,Central,Birmingham,Furniture,Bookcases,6,599.58,0.3,2518.24,-463.15
ORD-104353,2025-12-26,2025-12-28,First Class,CUST-2161,Corporate,West,Exeter,Furniture,Furnishings,1,89.64,0.2,71.71,-5.83
ORD-100409,2025-12-26,2025-12-31,Standard Class,CUST-1061,Corporate,East,Ipswich,Technology,Copiers,2,1547.7,0.0,3095.4,-70.98
ORD-103678,2025-12-26,2025-12-30,Standard Class,CUST-1740,Consumer,West,Exeter,Technology,Machines,1,979.09,0.0,979.09,-37.6
ORD-103387,2025-12-27,2026-01-03,Standard Class,CUST-2169,Consumer,North,Sheffield,Office Supplies,Art,3,60.99,0.0,182.97,29.96
ORD-103230,2025-12-27,2026-01-01,Second Class,CUST-1675,Corporate,North,Leeds,Technology,Phones,1,877.5,0.15,745.88,136.39
ORD-100145,2025-12-27,2026-01-03,Second Class,CUST-2053,Consumer,East,Ipswich,Technology,Phones,3,1111.19,0.0,3333.57,-131.25
ORD-102113,2025-12-27,2025-12-29,Standard Class,CUST-1917,Corporate,East,Ipswich,Technology,Accessories,1,309.14,0.3,216.4,-44.97
ORD-102757,2025-12-27,2025-12-28,Standard Class,CUST-2068,Corporate,West,Exeter,Office Supplies,Storage,1,63.73,0.4,38.24,-1.12
ORD-106141,2025-12-27,2025-12-31,Second Class,CUST-2230,Home Office,West,Plymouth,Office Supplies,Paper,5,90.8,0.2,363.2,68.32
ORD-100902,2025-12-27,2025-12-31,First Class,CUST-1422,Home Office,Central,Leicester,Furniture,Chairs,4,731.13,0.0,2924.52,0.05
ORD-105257,2025-12-27,2025-12-31,Standard Class,CUST-1279,Consumer,North,Manchester,Office Supplies,Labels,5,28.48,0.0,142.4,40.06
ORD-106427,2025-12-27,2025-12-29,Standard Class,CUST-1839,Consumer,East,Norwich,Furniture,Bookcases,4,707.96,0.2,2265.47,-31.31
ORD-105555,2025-12-27,2026-01-01,Standard Class,CUST-1311,Corporate,West,Plymouth,Office Supplies,Labels,1,105.29,0.4,63.17,-3.87
ORD-101031,2025-12-28,2025-12-30,Standard Class,CUST-1723,Corporate,East,Ipswich,Office Supplies,Paper,5,23.41,0.0,117.05,19.04
ORD-104987,2025-12-28,2026-01-01,Standard Class,CUST-2355,Consumer,South,Southampton,Furniture,Bookcases,4,251.97,0.15,856.7,-70.59
ORD-101686,2025-12-28,2025-12-31,Standard Class,CUST-1936,Home Office,North,Manchester,Office Supplies,Labels,1,77.45,0.2,61.96,1.13
ORD-105126,2025-12-28,2025-12-31,Standard Class,CUST-2084,Corporate,South,Portsmouth,Office Supplies,Binders,4,49.99,0.0,199.96,50.06
ORD-102933,2025-12-28,2026-01-02,Same Day,CUST-1319,Corporate,East,Peterborough,Office Supplies,Art,1,45.86,0.0,45.86,11.12
ORD-100031,2025-12-29,2026-01-04,Standard Class,CUST-1884,Consumer,South,Reading,Technology,Machines,5,1712.33,0.1,7705.48,714.57
ORD-101592,2025-12-29,2026-01-03,Standard Class,CUST-1020,Home Office,North,Sheffield,Technology,Copiers,1,1058.07,0.1,952.26,-73.91
ORD-105615,2025-12-29,2026-01-02,Standard Class,CUST-1750,Corporate,North,Sheffield,Office Supplies,Storage,1,28.11,0.0,28.11,5.07
ORD-100211,2025-12-29,2026-01-01,Second Class,CUST-2127,Home Office,North,Sheffield,Furniture,Chairs,2,110.16,0.15,187.27,-1.14
ORD-105080,2025-12-29,2026-01-02,Standard Class,CUST-1909,Home Office,North,Manchester,Furniture,Tables,1,862.82,0.0,862.82,72.62
ORD-103562,2025-12-29,2025-12-31,Standard Class,CUST-2121,Corporate,South,Portsmouth,Technology,Phones,5,1316.35,0.0,6581.75,-389.08
ORD-100204,2025-12-29,2025-12-30,Second Class,CUST-1978,Home Office,North,Manchester,Technology,Phones,5,1272.01,0.0,6360.05,-367.95
ORD-101992,2025-12-29,2025-12-31,Standard Class,CUST-1771,Home Office,North,Newcastle,Office Supplies,Storage,2,39.46,0.2,63.14,-3.47
ORD-102084,2025-12-30,2026-01-03,Standard Class,CUST-1081,Consumer,West,Bristol,Office Supplies,Labels,4,22.13,0.3,61.96,8.0
ORD-105712,2025-12-30,2026-01-05,Second Class,CUST-1734,Corporate,East,Norwich,Technology,Copiers,1,531.22,0.0,531.22,-9.55
ORD-105040,2025-12-30,2026-01-02,Standard Class,CUST-1655,Home Office,West,Exeter,Furniture,Chairs,4,150.42,0.4,361.01,-36.99
ORD-103083,2025-12-30,2026-01-02,Standard Class,CUST-2176,Consumer,East,Ipswich,Technology,Phones,1,852.48,0.15,724.61,2.05
ORD-100633,2025-12-30,2025-12-31,First Class,CUST-2434,Consumer,East,Peterborough,Office Supplies,Labels,1,39.34,0.15,33.44,5.59
ORD-102687,2025-12-30,2026-01-03,Standard Class,CUST-1848,Consumer,West,Bristol,Office Supplies,Binders,2,20.56,0.2,32.9,0.41
ORD-104346,2025-12-30,2026-01-01,First Class,CUST-1847,Consumer,North,Manchester,Office Supplies,Labels,5,27.02,0.1,121.59,14.6
